# https://github.com/mikedh/trimesh
v 0.00903382 0.17051877 -0.35134115
v 0.00069745 0.18647615 -0.35602962
v 0.00072383 0.14884310 -0.35210056
v 0.00711780 0.15630537 -0.35259221
v 0.00637356 0.11958076 -0.34005777
v 0.01206523 0.14151216 -0.33624436
v 0.02480489 0.70153454 -0.33164606
v 0.00264171 0.70186369 -0.33231467
v 0.04800445 0.69045182 -0.33118537
v 0.00527595 0.68658554 -0.33160262
v 0.02978865 0.68351199 -0.33094614
v -0.01288411 0.68636165 -0.33134068
v -0.07479486 0.70633060 -0.32942057
v -0.03555713 0.69570345 -0.33118441
v -0.04991477 0.69727217 -0.33101954
v 0.07168747 0.71079548 -0.32956116
v -0.03751926 0.72258753 -0.33049292
v 0.04086297 0.71644040 -0.33077298
v 0.02632814 0.72283847 -0.33063604
v -0.01903442 0.71746524 -0.33131825
v -0.05665510 0.73462752 -0.32813733
v 0.05663554 0.74138342 -0.32712705
v -0.00044025 0.73691352 -0.32958219
v -0.02756163 0.66347755 -0.32878276
v 0.07630782 0.65867929 -0.32445920
v -0.06840956 0.67617173 -0.32831688
v -0.04832898 0.66164661 -0.32705851
v 0.09236004 0.68456037 -0.32684814
v 0.08869707 0.65670276 -0.32276121
v 0.12150490 0.70843225 -0.32358161
v -0.10732715 0.70104228 -0.32560850
v 0.10480162 0.69007439 -0.32554983
v 0.10848149 0.71174547 -0.32522787
v 0.08916243 0.73619147 -0.32545919
v 0.10916645 0.73345278 -0.32327430
v -0.07951159 0.74243343 -0.32544095
v 0.00759961 0.73846161 -0.32946550
v 0.03084660 0.75844098 -0.32478645
v -0.05233081 0.76556035 -0.32203508
v -0.02231442 0.74706119 -0.32767541
v -0.00511057 0.76199864 -0.32439066
v 0.01674290 0.76555791 -0.32341921
v 0.04998661 0.76720352 -0.32161425
v 0.04983229 0.64591996 -0.32299850
v 0.06769184 0.66071692 -0.32577752
v -0.09276233 0.67843432 -0.32615702
v 0.10107630 0.76296710 -0.31797122
v -0.08914897 0.75813710 -0.32064601
v 0.09494966 0.75652435 -0.32028206
v -0.06834775 0.76127564 -0.32231257
v -0.03630406 0.76889871 -0.32184989
v -0.03241550 0.77124931 -0.32151540
v 0.01111838 0.11218801 -0.32850344
v 0.13618989 0.67782097 -0.31918844
v 0.14997714 0.67902460 -0.31585844
v -0.13428420 0.70619121 -0.32056117
v 0.14482784 0.71127491 -0.31843773
v -0.13943215 0.73561763 -0.31701292
v -0.12576667 0.72643244 -0.32082607
v -0.12796384 0.74464213 -0.31744721
v 0.13407810 0.74139793 -0.31700230
v 0.11324133 0.76562702 -0.31528788
v -0.11960546 0.75002843 -0.31821660
v -0.09312458 0.76956392 -0.31696870
v 0.07588873 0.76518700 -0.32038835
v -0.00410101 0.78199055 -0.31824140
v 0.01571626 0.80650236 -0.30818900
v 0.06205354 0.78212700 -0.31585265
v -0.03367891 0.78902542 -0.31485087
v 0.03131120 0.79017726 -0.31448524
v -0.00625190 0.18665231 -0.30897556
v -0.05065726 0.63234769 -0.31860984
v 0.11399666 0.66826259 -0.32168327
v 0.17101537 0.71929588 -0.31020018
v 0.15462448 0.72581488 -0.31447602
v 0.14814721 0.75351051 -0.31078378
v 0.13565912 0.76285126 -0.31155037
v -0.07256268 0.78357319 -0.31447137
v -0.04775354 0.79708276 -0.31094643
v 0.04235353 0.78487090 -0.31616654
v 0.08706394 0.78755391 -0.31182611
v 0.00691421 0.08780966 -0.31282573
v 0.01439712 0.15094820 -0.30834432
v 0.09950831 0.63702799 -0.31479526
v 0.12163669 0.63744423 -0.31126510
v -0.15850301 0.68644162 -0.31363131
v -0.16766827 0.72026700 -0.31069697
v -0.15099050 0.73908482 -0.31291551
v 0.15579841 0.73913862 -0.31194703
v 0.16630284 0.76089974 -0.30346613
v -0.11459150 0.78803627 -0.30668611
v 0.11259110 0.78628206 -0.30790074
v 0.09421626 0.78225855 -0.31252869
v 0.10877610 0.79351309 -0.30578806
v 0.06877901 0.81572320 -0.30051261
v -0.03150224 0.80617946 -0.30742567
v -0.02046729 0.81116729 -0.30554229
v 0.01647872 0.81131185 -0.30543370
v -0.16129664 0.67351228 -0.31100369
v 0.17974577 0.69130496 -0.30776016
v -0.17373655 0.69404037 -0.30917711
v -0.17447374 0.72721809 -0.30761044
v 0.17200626 0.73586587 -0.30763267
v -0.16868865 0.74719518 -0.30603515
v 0.16756632 0.74950434 -0.30595296
v -0.14983398 0.76256075 -0.30759711
v -0.07740623 0.80634876 -0.30417067
v 0.05254805 0.80898451 -0.30488186
v 0.06554299 0.81053815 -0.30337952
v 0.04837076 0.80876809 -0.30553492
v -0.01015976 0.09776412 -0.30638124
v 0.07159779 0.60044598 -0.30178658
v -0.12419625 0.62615516 -0.30666769
v 0.17642199 0.67434020 -0.30667935
v -0.18177335 0.70548688 -0.30648734
v 0.19051916 0.71445451 -0.30299608
v 0.20285341 0.72215704 -0.29705358
v 0.19072561 0.73894254 -0.29981187
v -0.17930017 0.73070313 -0.30527212
v -0.13790567 0.79095741 -0.30011119
v 0.14029367 0.78262180 -0.30299107
v -0.12472027 0.79713165 -0.30046169
v -0.11325651 0.80696035 -0.29801672
v 0.10399295 0.81138395 -0.29788533
v -0.10065579 0.80354881 -0.30261284
v -0.04273688 0.81092477 -0.30468239
v -0.01798554 0.82146386 -0.29933744
v 0.00542066 0.81813146 -0.30156722
v 0.13753016 0.61842556 -0.29967582
v 0.14551368 0.64218495 -0.30809435
v 0.16039902 0.64756846 -0.30581575
v 0.18547389 0.69560448 -0.30568096
v -0.19609507 0.69755073 -0.30047659
v -0.19036827 0.71654859 -0.30268370
v -0.20125134 0.72300882 -0.29700326
v -0.19467719 0.72399525 -0.29978040
v 0.18243068 0.75669320 -0.29828371
v 0.16505376 0.77576627 -0.29804791
v 0.14269617 0.79174866 -0.29831966
v 0.13470285 0.77830119 -0.30659078
v 0.12485133 0.80828444 -0.29492891
v 0.11561571 0.81511717 -0.29323551
v -0.08721405 0.81935106 -0.29543213
v 0.06487443 0.81929615 -0.29807951
v -0.00364302 0.82657042 -0.29611848
v 0.16082083 0.62601747 -0.29664330
v 0.20599519 0.68237869 -0.29568551
v -0.19168458 0.75982276 -0.29322920
v 0.18889818 0.76430440 -0.29278304
v -0.15864604 0.79206342 -0.29326411
v 0.13199647 0.80313589 -0.29563644
v 0.13793950 0.80935399 -0.29063972
v 0.11219105 0.81368624 -0.29477298
v 0.08715890 0.83012172 -0.28806270
v -0.07188855 0.83580322 -0.28581340
v -0.06359679 0.82152777 -0.29684034
v 0.03708640 0.82690717 -0.29483099
v -0.03692327 0.83329578 -0.29030039
v 0.02020256 0.84013849 -0.28598931
v 0.00646867 0.06105214 -0.29335623
v -0.00109409 0.17579814 -0.29836043
v 0.18709433 0.64492815 -0.29500296
v 0.19339106 0.65703480 -0.29629803
v 0.22146651 0.71720727 -0.28708530
v -0.20708682 0.71239111 -0.29482581
v 0.21078369 0.71028357 -0.29359252
v -0.19980829 0.74673341 -0.29325809
v 0.20926822 0.74047071 -0.28960194
v 0.19528885 0.74181340 -0.29703979
v 0.15490872 0.80707293 -0.28604323
v -0.12968308 0.81864957 -0.28717776
v -0.09775846 0.82422000 -0.29030751
v -0.07111470 0.83359380 -0.28740559
v -0.08038783 0.58612957 -0.29197383
v 0.14276404 0.60885116 -0.29347720
v 0.20616761 0.74477738 -0.29055546
v 0.19191250 0.77827433 -0.28497396
v 0.16375082 0.80271514 -0.28504456
v -0.14105686 0.81423435 -0.28662471
v -0.11121312 0.82530260 -0.28703279
v 0.10600948 0.82900683 -0.28529267
v 0.03718287 0.83692186 -0.28720393
v 0.06294356 0.83740508 -0.28506253
v 0.00646806 0.07508626 -0.28831222
v -0.01062992 0.57866159 -0.29107185
v 0.06703399 0.59070227 -0.29620140
v 0.16924569 0.62284363 -0.29246929
v -0.16308861 0.61777416 -0.29155674
v 0.21738122 0.73645525 -0.28567746
v -0.21531604 0.72985766 -0.28809228
v -0.20198348 0.75775422 -0.28896891
v 0.20590972 0.76901096 -0.28134678
v -0.17542161 0.79737008 -0.28394796
v 0.13279830 0.81902373 -0.28563588
v -0.12284590 0.83197074 -0.27937746
v 0.09490717 0.84025091 -0.27835999
v 0.06300424 0.84542883 -0.27790886
v -0.00085498 0.84609364 -0.28039655
v 0.00929862 0.05678199 -0.28817494
v 0.01199820 0.06360790 -0.27887332
v -0.00703851 0.07489992 -0.28317442
v 0.04663870 0.57912048 -0.28992458
v -0.14287028 0.60424950 -0.29064493
v 0.16719568 0.60096054 -0.28073894
v 0.22483520 0.66118853 -0.28112095
v 0.21946692 0.68223030 -0.28826521
v 0.23947759 0.69984249 -0.27565085
v -0.20838512 0.76714911 -0.28119021
v -0.18912246 0.79516131 -0.27814900
v 0.18835472 0.79029721 -0.28056941
v 0.17658869 0.79202902 -0.28564622
v -0.16485243 0.81849960 -0.27516823
v 0.16142427 0.81402860 -0.27855993
v 0.14913281 0.81668976 -0.28173568
v -0.14483191 0.82886876 -0.27478935
v 0.14257007 0.82012480 -0.28163060
v 0.12343388 0.83219996 -0.27840128
v 0.11793062 0.83626695 -0.27655326
v -0.09634801 0.83800243 -0.28028467
v 0.07887055 0.84319640 -0.27819714
v -0.05071511 0.83405879 -0.28912799
v -0.01765394 0.85687180 -0.26975237
v 0.04165244 0.84910586 -0.27598358
v 0.20075243 0.62632269 -0.28072072
v 0.23246984 0.72001004 -0.27875031
v -0.21846706 0.75224655 -0.28053528
v 0.19314637 0.79723911 -0.27331720
v 0.18162409 0.80465903 -0.27490901
v -0.17341162 0.82029718 -0.26880447
v 0.15520364 0.82508701 -0.27246889
v 0.13446983 0.82863774 -0.27791666
v -0.11470332 0.83886278 -0.27543404
v -0.11072039 0.83639991 -0.27853554
v 0.10635313 0.83924852 -0.27685566
v -0.09052953 0.57369045 -0.28184560
v -0.14654914 0.59117840 -0.28125140
v 0.22074846 0.64023234 -0.27614229
v 0.23826351 0.74176082 -0.26904229
v -0.23505077 0.74998921 -0.26876996
v 0.22757507 0.75788658 -0.27116109
v -0.16036182 0.82529099 -0.27084990
v -0.14140652 0.83730755 -0.26820559
v 0.14473151 0.58202413 -0.27554673
v 0.14588816 0.58768236 -0.27951907
v 0.24383777 0.66029886 -0.26676735
v 0.23456280 0.74292525 -0.27114762
v -0.21077692 0.77597644 -0.27498406
v -0.08775019 0.85377650 -0.26592687
v -0.05335809 0.85804004 -0.26535253
v -0.01630965 0.84859576 -0.27834589
v 0.05537198 0.85286625 -0.27094961
v 0.21869815 0.62430495 -0.26936014
v 0.24544237 0.72556358 -0.26604460
v 0.24004479 0.76563475 -0.25446393
v -0.21043105 0.80825934 -0.25327521
v 0.18378862 0.82028256 -0.26080647
v 0.15721242 0.83680300 -0.26044093
v -0.11534563 0.84901514 -0.26503192
v 0.09712605 0.85184979 -0.26562145
v -0.07979227 0.84717823 -0.27486146
v 0.07128673 0.85871462 -0.26215988
v 0.08154839 0.85814416 -0.26137565
v 0.02356968 0.86101847 -0.26397279
v 0.01586206 0.10369812 -0.26181366
v 0.17224591 0.58633034 -0.26864617
v 0.18260300 0.59445587 -0.27003725
v 0.23621217 0.64584503 -0.26794759
v 0.25122297 0.70116050 -0.26458345
v 0.25073902 0.73259958 -0.25813228
v 0.23168469 0.77680407 -0.25615430
v -0.20198927 0.81596998 -0.25272529
v 0.20574744 0.80551511 -0.25695575
v 0.20198591 0.80915024 -0.25678014
v -0.19491641 0.81281496 -0.26101711
v 0.19560369 0.80585177 -0.26465262
v -0.16088543 0.83700944 -0.25890999
v 0.13431558 0.84819473 -0.25817291
v -0.06440252 0.85297478 -0.27011006
v -0.02695219 0.87009362 -0.25117719
v 0.00162994 0.84970456 -0.27747141
v 0.15583436 0.57206153 -0.26410889
v 0.16665083 0.57471506 -0.26207214
v 0.24960569 0.74260369 -0.25543662
v 0.24636726 0.75116582 -0.25516002
v -0.22600964 0.78424308 -0.25763643
v -0.18569094 0.82495376 -0.25625728
v -0.09199308 0.86164325 -0.25497636
v -0.05249886 0.86908864 -0.25055307
v 0.06620005 0.86536087 -0.25354558
v 0.00012337 0.87527530 -0.24426527
v 0.00110365 0.86835892 -0.25433985
v 0.18691520 0.57698410 -0.25510586
v 0.23311993 0.62949657 -0.26254617
v 0.25968413 0.67212376 -0.25455162
v 0.25836967 0.70745792 -0.25507260
v 0.25849532 0.73200526 -0.24802195
v 0.22774003 0.79040096 -0.24964394
v -0.14514608 0.84740833 -0.25483645
v 0.12330785 0.85923070 -0.24726091
v -0.04039849 0.86756025 -0.25363278
v 0.03536887 0.86942994 -0.25134967
v 0.23851547 0.62238866 -0.25413724
v 0.25656838 0.73932352 -0.24702091
v -0.19849032 0.82587548 -0.24429083
v 0.18267242 0.83454603 -0.24462982
v -0.17382083 0.83951337 -0.24744184
v 0.15760328 0.84299010 -0.25224020
v -0.07718774 0.86825269 -0.24810795
v 0.01752927 0.87463329 -0.24388201
v 0.24947609 0.62816958 -0.24744114
v 0.26415154 0.71476113 -0.24461901
v 0.19253559 0.83353993 -0.23633511
v -0.16377808 0.84337549 -0.24904971
v -0.06641964 0.86903338 -0.24823532
v 0.17945220 0.56630071 -0.24930058
v 0.21342007 0.57688503 -0.23886310
v 0.20935609 0.58640389 -0.24956441
v 0.26833783 0.69282065 -0.24202431
v 0.23375432 0.79424563 -0.23793691
v 0.21422086 0.81408465 -0.23913637
v 0.04119494 0.87548346 -0.24048700
v 0.20460348 0.57503300 -0.24291954
v 0.21412446 0.59284342 -0.25173162
v 0.22829761 0.60244662 -0.24866252
v 0.25408079 0.64073637 -0.25008354
v 0.23595755 0.78716604 -0.24214713
v -0.18958112 0.83402031 -0.24152630
v -0.17233729 0.84907346 -0.23325659
v -0.13919392 0.85769599 -0.24280085
v -0.11059717 0.86678430 -0.24131360
v 0.07468262 0.87515297 -0.23488660
v -0.04248169 0.87537357 -0.24059687
v -0.01121702 0.87760744 -0.23903366
v -0.16601397 0.55641375 -0.24505479
v 0.17020670 0.55474616 -0.24158831
v 0.26595349 0.72673437 -0.23640365
v 0.24622313 0.77835720 -0.23492621
v -0.15282034 0.85446123 -0.23898133
v 0.05238433 0.87621103 -0.23704341
v 0.13260410 0.53602614 -0.23384277
v 0.14807886 0.54795796 -0.24322951
v 0.16253997 0.54641290 -0.23530262
v 0.27360186 0.67409724 -0.23207944
v 0.27225825 0.69856129 -0.23303401
v -0.21822639 0.81789777 -0.23300862
v -0.14998606 0.86323884 -0.22293222
v -0.03542601 0.88301738 -0.22525082
v -0.02292957 0.88331471 -0.22578036
v 0.03000366 0.88174159 -0.22860016
v -0.19079237 0.56751480 -0.24383706
v 0.21769340 0.56498680 -0.22298612
v 0.23679616 0.59327502 -0.23358130
v 0.27285001 0.65524214 -0.22890256
v 0.27253140 0.70994794 -0.22867650
v 0.24221554 0.79052639 -0.22847451
v -0.23097049 0.81087359 -0.22555424
v -0.20451536 0.83002379 -0.23198778
v 0.14636570 0.86181794 -0.22708744
v 0.12361206 0.86806969 -0.22969287
v -0.09592406 0.87353510 -0.23237281
v 0.00592864 0.05429319 -0.21607917
v -0.03843351 0.52710668 -0.23859352
v 0.27533875 0.66849959 -0.22696823
v -0.20499178 0.83429438 -0.22461754
v -0.20040677 0.83949974 -0.22082865
v 0.27188934 0.65006831 -0.22890989
v -0.13275669 0.87016481 -0.21846047
v -0.09695766 0.88159506 -0.20977260
v -0.08517227 0.88242674 -0.21310547
v 0.05289738 0.88288763 -0.22140746
v 0.02136937 0.14850573 -0.22199715
v 0.03406573 0.20054437 -0.21965932
v -0.00184282 0.18527376 -0.22102885
v 0.03678799 0.52252870 -0.23059439
v 0.12572168 0.52779303 -0.22356523
v 0.18176081 0.54240174 -0.21949271
v 0.18747504 0.54993679 -0.22638927
v 0.23665147 0.57820123 -0.21815756
v 0.25033710 0.59622091 -0.22089384
v -0.19754037 0.84513320 -0.21204746
v -0.07453199 0.88241117 -0.21733947
v -0.06759928 0.88303371 -0.21783083
v 0.00979257 0.88618815 -0.21944913
v 0.01798335 0.88809320 -0.21171467
v 0.03098281 0.13283322 -0.21940769
v -0.03846075 0.15076453 -0.22031246
v 0.04371554 0.15391114 -0.22049513
v 0.07348349 0.16231113 -0.21918513
v -0.04497076 0.17490024 -0.22061051
v 0.09252883 0.17602079 -0.21853858
v 0.06866740 0.18458137 -0.21953378
v -0.06047205 0.19305369 -0.21906596
v -0.01211457 0.19596304 -0.21973513
v 0.10096377 0.19507240 -0.21674036
v 0.04887960 0.18556503 -0.22031221
v -0.06655967 0.20748180 -0.21765890
v 0.06934240 0.21098848 -0.21727783
v -0.04553758 0.22819307 -0.21534149
v -0.03967115 0.19912254 -0.21926994
v 0.04554591 0.22263081 -0.21629777
v -0.01349216 0.22340480 -0.21593075
v -0.07734929 0.51521390 -0.21301660
v 0.20068733 0.54960813 -0.21694671
v 0.25998694 0.60956453 -0.22020325
v 0.27942329 0.68698584 -0.21526612
v 0.25821182 0.77852350 -0.20479494
v -0.21145976 0.83468352 -0.21430447
v -0.03788650 0.88646769 -0.21406240
v 0.03935964 0.88519872 -0.21775173
v -0.01996496 0.12006638 -0.21642041
v -0.07852795 0.16179870 -0.21805415
v 0.13189979 0.13928309 -0.21162144
v -0.08577843 0.15427464 -0.21653496
v 0.14543305 0.15472841 -0.21185649
v 0.11827097 0.17838401 -0.21587414
v 0.13853430 0.19046015 -0.21233624
v -0.09052925 0.18772215 -0.21736875
v 0.09538283 0.22569719 -0.21332245
v 0.08574075 0.21540983 -0.21593128
v -0.09672891 0.20227384 -0.21596522
v -0.03261418 0.21774571 -0.21699847
v 0.02974542 0.22593546 -0.21568047
v -0.08655785 0.22618595 -0.21354572
v -0.05949163 0.23494853 -0.21351881
v 0.03901871 0.22977906 -0.21496802
v 0.11037276 0.52523758 -0.22407945
v 0.23001131 0.56657515 -0.21216028
v 0.24354991 0.58555114 -0.21798161
v -0.05021188 0.89098463 -0.19408334
v -0.00001811 0.05537765 -0.21191425
v 0.05276895 0.13335969 -0.21630455
v 0.07387024 0.14113064 -0.21601465
v -0.12558325 0.13371772 -0.21045273
v 0.13682834 0.16440089 -0.21322488
v -0.11739065 0.16506599 -0.21450271
v -0.13926907 0.17382676 -0.21176064
v 0.15828655 0.20542386 -0.20675876
v 0.14506552 0.20969983 -0.20903735
v -0.11609631 0.22703695 -0.21008644
v 0.13024007 0.21664601 -0.21060647
v -0.12840497 0.19871857 -0.21220308
v 0.12030602 0.21600879 -0.21218018
v 0.09054524 0.23216738 -0.21219781
v -0.07722359 0.23521909 -0.21255839
v -0.08543088 0.23835792 -0.21147620
v 0.00798289 0.25455172 -0.20947502
v 0.05347512 0.25294159 -0.20974472
v 0.09088063 0.24535411 -0.20932824
v -0.03396949 0.23412008 -0.21415473
v 0.03184366 0.24945956 -0.21074002
v 0.22611147 0.56086652 -0.20920730
v 0.24120405 0.56931801 -0.20127987
v -0.22466514 0.83049192 -0.19867015
v -0.11776408 0.87873799 -0.20276850
v 0.15818293 0.15292781 -0.20958076
v -0.13562988 0.14689397 -0.21123822
v -0.13760405 0.13777578 -0.20969039
v 0.16739010 0.13936044 -0.20559730
v 0.18421695 0.17082903 -0.20161946
v 0.16600350 0.18613509 -0.20680869
v -0.15061283 0.21439429 -0.20582790
v -0.14684242 0.19655718 -0.20923638
v -0.13216657 0.20898499 -0.21024482
v -0.13276541 0.22868416 -0.20685399
v 0.11989645 0.24286528 -0.20661609
v 0.11736708 0.23631368 -0.20840274
v 0.07166715 0.26917317 -0.20482171
v -0.06234030 0.25801144 -0.20815876
v -0.04422115 0.26490938 -0.20698488
v -0.04090145 0.25226360 -0.21008347
v -0.03677113 0.25738686 -0.20897524
v -0.00737599 0.26369046 -0.20729535
v 0.02853042 0.25717894 -0.20896636
v 0.07695944 0.24102291 -0.21156168
v 0.05596005 0.26046917 -0.20787938
v 0.06677534 0.26447638 -0.20632895
v -0.05521072 0.26533943 -0.20660434
v 0.02558887 0.26631019 -0.20674609
v 0.03331321 0.29159636 -0.20032948
v 0.16231899 0.52972653 -0.21153908
v -0.06441075 0.10612969 -0.20378135
v 0.08584189 0.12877682 -0.21201987
v 0.17970550 0.19874686 -0.20074561
v 0.13706127 0.22920741 -0.20681196
v 0.13340777 0.25240708 -0.20183450
v -0.11532167 0.24359343 -0.20671114
v -0.10393494 0.27600930 -0.20005382
v -0.08781020 0.28575603 -0.19918708
v -0.07183192 0.28734449 -0.20004801
v -0.02019870 0.29208094 -0.20031290
v -0.04824124 0.29433332 -0.19949016
v 0.05743284 0.51340554 -0.21069844
v 0.25886991 0.59302173 -0.20408660
v -0.27106337 0.62403422 -0.21247059
v -0.06968531 0.09823530 -0.19844919
v 0.11992289 0.11981231 -0.20860378
v 0.15981546 0.11545781 -0.20345362
v 0.19025246 0.16383187 -0.19817239
v -0.17311235 0.16412685 -0.20359662
v -0.17784794 0.18835866 -0.20144830
v -0.17979457 0.19155919 -0.19992614
v -0.15876923 0.22795734 -0.20113157
v 0.17207670 0.22606681 -0.19875254
v 0.14802990 0.23197547 -0.20413395
v 0.16060052 0.25131663 -0.19619180
v 0.14652140 0.25427043 -0.19886906
v -0.13734039 0.25822528 -0.19919350
v -0.11293545 0.27051160 -0.20025336
v 0.09692593 0.25364328 -0.20664366
v 0.11496312 0.27056297 -0.19987053
v 0.10848514 0.27023833 -0.20085627
v 0.01810677 0.29489432 -0.19954797
v 0.08866475 0.28157545 -0.20006399
v -0.02116828 0.29679347 -0.19909833
v 0.04594190 0.31810548 -0.19300391
v 0.05542509 0.29663000 -0.19838506
v 0.21485402 0.54787583 -0.20214720
v -0.21465933 0.84427139 -0.18599258
v -0.15703303 0.10575208 -0.19941832
v 0.17230474 0.11748645 -0.20059947
v 0.17183956 0.25721424 -0.19138637
v 0.15786371 0.27539900 -0.19022375
v 0.12988491 0.27166057 -0.19720162
v 0.14761066 0.28796437 -0.18891965
v 0.09382289 0.30040400 -0.19424537
v -0.06712084 0.30901767 -0.19442028
v 0.07869951 0.29147416 -0.19826147
v 0.28342126 0.64970678 -0.19334618
v -0.20801423 0.84693303 -0.18977320
v -0.19021338 0.85838373 -0.18584319
v -0.00405754 0.89409533 -0.18462139
v 0.10943846 0.07925909 -0.19077198
v -0.08594690 0.09354183 -0.19538642
v 0.10453903 0.07993548 -0.19071767
v -0.18921092 0.15894045 -0.19621913
v 0.20495736 0.19781422 -0.18550209
v -0.19163397 0.22559095 -0.18860163
v 0.19522115 0.22922410 -0.18746026
v -0.17970178 0.23606322 -0.19218644
v -0.17619141 0.23984949 -0.19260524
v -0.16682687 0.25955458 -0.19118777
v 0.13218681 0.28366696 -0.19326169
v -0.12258798 0.28010085 -0.19610433
v 0.11868577 0.28345639 -0.19566917
v 0.12732220 0.30460027 -0.18803796
v -0.11480821 0.30621755 -0.18998896
v 0.10439340 0.29192930 -0.19531806
v 0.10415692 0.31575838 -0.18863775
v -0.03931860 0.32086558 -0.19258232
v -0.05172385 0.31657730 -0.19330162
v 0.07447317 0.32316674 -0.18993496
v 0.07797064 0.32784791 -0.18833974
v -0.05409320 0.35481397 -0.18310455
v 0.03328459 0.33619446 -0.18864825
v -0.01768620 0.32229276 -0.19246742
v 0.19531126 0.53161990 -0.19157698
v 0.27226579 0.75275295 -0.17565677
v 0.26043706 0.78538766 -0.17170856
v -0.06674419 0.89049448 -0.18588982
v 0.15355861 0.08419956 -0.19219773
v 0.18188284 0.10808011 -0.19339143
v 0.15622946 0.27812218 -0.18973280
v 0.10993897 0.28602253 -0.19631662
v 0.10812078 0.32132944 -0.18642033
v -0.10807139 0.31295344 -0.18904741
v 0.08573313 0.33280162 -0.18614236
v 0.05214420 0.34717474 -0.18499774
v -0.02385066 0.32084915 -0.19279168
v 0.01555943 0.32020867 -0.19295929
v -0.01463501 0.32225316 -0.19247872
v 0.22570639 0.54644006 -0.18590202
v 0.28633617 0.67837769 -0.18302925
v 0.02705766 0.89449471 -0.17668125
v 0.05078735 0.89241330 -0.18475771
v -0.07167889 0.08763797 -0.18696016
v 0.19980150 0.10961692 -0.18195795
v -0.18882934 0.24809770 -0.18477189
v 0.18282284 0.25701249 -0.18704595
v -0.16635020 0.28415792 -0.18438215
v 0.17196595 0.29659060 -0.17906096
v -0.15158972 0.30061702 -0.18384773
v 0.14222531 0.30006061 -0.18641084
v -0.13104038 0.30091172 -0.18863909
v 0.12053801 0.32318347 -0.18374126
v -0.10024066 0.32829975 -0.18567433
v -0.07443158 0.34187024 -0.18491192
v 0.10048927 0.33029193 -0.18496127
v -0.04914670 0.35519248 -0.18326010
v 0.01189243 0.34701920 -0.18632268
v 0.04715294 0.36220712 -0.18137509
v -0.02876139 0.36899351 -0.18068233
v 0.03163314 0.38455365 -0.17701759
v 0.10471100 0.50896004 -0.19152526
v 0.14493281 0.51418139 -0.18924072
v -0.26678289 0.77120806 -0.17279473
v 0.08530004 0.88857119 -0.18246605
v -0.10872993 0.06947406 -0.18531811
v -0.08685632 0.07636743 -0.18472427
v 0.18663836 0.09174628 -0.18489276
v -0.17635811 0.08460383 -0.18321889
v 0.19580750 0.13008226 -0.19189759
v 0.20529940 0.13571474 -0.18397654
v 0.21403918 0.19067568 -0.17513836
v 0.20149255 0.21788794 -0.18550082
v 0.21158333 0.23766077 -0.17169477
v 0.19838043 0.25950813 -0.17732011
v 0.18572210 0.26929145 -0.18192506
v 0.18137268 0.30671656 -0.17181998
v 0.15716429 0.29082295 -0.18553240
v 0.14158799 0.32235356 -0.17962958
v -0.10185042 0.33643532 -0.18314269
v 0.12189903 0.35094359 -0.17550505
v -0.10512049 0.36141713 -0.17556159
v 0.10962228 0.35393652 -0.17690273
v -0.08739801 0.34515267 -0.18250582
v 0.07117125 0.34939316 -0.18291442
v 0.09175591 0.35216936 -0.17991081
v 0.09186029 0.36436951 -0.17667246
v -0.01444467 0.36233911 -0.18258351
v 0.03226437 0.36142520 -0.18232816
v 0.08236294 0.38389285 -0.17296102
v 0.00351513 0.36545303 -0.18190600
v 0.15493482 0.51693002 -0.19093043
v 0.28181838 0.71265776 -0.18383220
v -0.14376142 0.87850468 -0.16931424
v 0.00953381 0.07402158 -0.16902909
v -0.17189336 0.07945413 -0.18183560
v 0.21107246 0.13023068 -0.17369749
v 0.20571310 0.13132579 -0.18185247
v -0.19224259 0.26338159 -0.17854217
v -0.17069259 0.30086653 -0.17762699
v 0.16589265 0.31474020 -0.17524744
v -0.15453052 0.32988278 -0.17354120
v 0.14828680 0.31693869 -0.17967834
v -0.13090483 0.34105440 -0.17655703
v -0.13938626 0.31929789 -0.18105677
v 0.13869064 0.34277113 -0.17422044
v 0.13060133 0.35094955 -0.17370429
v -0.07855172 0.36053782 -0.17935542
v -0.05925231 0.38835028 -0.17443635
v -0.04380186 0.39200943 -0.17474796
v -0.00098991 0.39019700 -0.17653279
v -0.00162531 0.37063041 -0.18077119
v 0.01767662 0.38230420 -0.17800221
v -0.00329717 0.38177701 -0.17830546
v -0.02322195 0.49570815 -0.17748830
v 0.01096897 0.49553022 -0.17813319
v -0.01003022 0.49740577 -0.17796908
v 0.12570924 0.50876535 -0.18368834
v 0.17354560 0.52232609 -0.19111840
v 0.20572623 0.53141633 -0.18033062
v 0.22712773 0.83717755 -0.17877057
v 0.19899763 0.08530402 -0.17064182
v 0.21572512 0.24021503 -0.16576396
v -0.19591834 0.26641991 -0.17528696
v 0.18776489 0.29768139 -0.17158973
v 0.15831308 0.32143564 -0.17544001
v 0.14477364 0.33920083 -0.17370415
v -0.09745985 0.37210143 -0.17393261
v -0.07259700 0.38860193 -0.17317625
v -0.03147504 0.39433202 -0.17507016
v 0.00265698 0.41392517 -0.17218340
v 0.01479266 0.39762259 -0.17491763
v -0.04656568 0.47078508 -0.17792337
v 0.06153017 0.46765297 -0.17476268
v -0.03771814 0.49371065 -0.17679482
v 0.04480780 0.48887960 -0.17662584
v -0.00032166 0.49668788 -0.17818410
v 0.03135304 0.49820366 -0.17734763
v 0.04818594 0.49998019 -0.17581028
v 0.25170595 0.56734917 -0.17803804
v 0.23900713 0.85049645 -0.16719487
v -0.22995014 0.85403753 -0.17197356
v -0.22832315 0.83856298 -0.18025270
v 0.19980018 0.86037583 -0.17837055
v 0.17199335 0.87320334 -0.17336289
v 0.20680124 0.10815679 -0.17303947
v 0.21937985 0.17547624 -0.16437661
v 0.22065284 0.22105355 -0.16200300
v -0.18951844 0.29604732 -0.16986085
v 0.17467155 0.34093795 -0.16288334
v -0.13286558 0.35874017 -0.17080440
v -0.14189674 0.36286878 -0.16748824
v -0.12114420 0.36571448 -0.17145903
v 0.12772823 0.36720887 -0.17005714
v -0.11099526 0.37048204 -0.17213471
v 0.11201998 0.38120736 -0.16938433
v 0.09515569 0.38896715 -0.16995341
v -0.08701898 0.39269794 -0.17046091
v 0.05737039 0.38732155 -0.17481285
v 0.05167528 0.41876813 -0.16904086
v -0.06484502 0.40537675 -0.17048119
v 0.07445628 0.41307567 -0.16752617
v 0.06551458 0.42518409 -0.16625476
v -0.03054090 0.43234514 -0.16845614
v 0.01050939 0.42683895 -0.17008017
v 0.07413463 0.47595449 -0.17139110
v 0.07081297 0.48305443 -0.17130238
v 0.04509040 0.49723119 -0.17615074
v 0.24288383 0.82285598 -0.17289688
v 0.24433617 0.83850427 -0.16959132
v -0.22070394 0.86114624 -0.17081279
v -0.20560948 0.86671370 -0.17262840
v 0.16504064 0.87778494 -0.16665973
v 0.08375815 0.05781853 -0.17095718
v 0.17939687 0.05629073 -0.16428078
v 0.22119920 0.20326266 -0.16389649
v 0.20375210 0.27472924 -0.16736006
v -0.17665990 0.32499612 -0.16670946
v 0.17060823 0.34344291 -0.16388098
v 0.16004696 0.35280923 -0.16509824
v -0.15533692 0.35232997 -0.16639786
v 0.15252757 0.33922195 -0.17153238
v 0.15586444 0.37056874 -0.16181997
v 0.14723689 0.38264739 -0.16140966
v 0.14425346 0.37956781 -0.16311177
v -0.11089147 0.38017969 -0.16976912
v 0.10538373 0.40431411 -0.16463546
v -0.05590399 0.44616049 -0.16409502
v -0.07103767 0.42509301 -0.16595752
v 0.03239450 0.42333327 -0.16968807
v -0.02352015 0.44640843 -0.16707890
v -0.03862869 0.43659411 -0.16735588
v 0.02805999 0.44930028 -0.16684706
v -0.00780860 0.44927596 -0.16735869
v -0.06251640 0.49231253 -0.17185599
v 0.07467716 0.49617063 -0.16830091
v -0.06055804 0.49605177 -0.17300038
v 0.06442341 0.49797362 -0.17219716
v -0.08236593 0.50071674 -0.17228252
v 0.25719318 0.56547407 -0.15895317
v 0.30615891 0.74585041 -0.16844896
v 0.27967839 0.76039809 -0.16984459
v -0.27177324 0.77824716 -0.16842765
v 0.29973956 0.76259120 -0.16835957
v 0.26648761 0.81716822 -0.16588859
v 0.26057192 0.83529429 -0.16311113
v -0.25055647 0.83072952 -0.17047154
v 0.25633730 0.83618496 -0.16489082
v -0.24592380 0.85296317 -0.16581544
v 0.22814544 0.86027273 -0.16620639
v 0.21565321 0.86264272 -0.17081350
v -0.19686728 0.87480453 -0.16749138
v -0.01789957 0.89716876 -0.14839563
v -0.07279535 0.06144855 -0.16626111
v -0.06630980 0.08419958 -0.17896424
v 0.21357691 0.09950081 -0.15228210
v -0.21511436 0.23278922 -0.16396495
v -0.17769587 0.33006955 -0.16423132
v 0.12333784 0.40224780 -0.16198214
v -0.11806756 0.39629445 -0.16443399
v -0.09658287 0.41877357 -0.16293819
v 0.11765133 0.39611955 -0.16460699
v 0.09731749 0.41127667 -0.16413536
v 0.08500730 0.41878248 -0.16453677
v 0.09756143 0.42748092 -0.15910776
v -0.09010405 0.43840680 -0.15941090
v -0.08125545 0.42678240 -0.16397734
v 0.06601370 0.44608165 -0.16305624
v -0.05357727 0.45200504 -0.16454072
v 0.05910167 0.44934892 -0.16334156
v 0.01267345 0.44792696 -0.16743281
v 0.02635249 0.45528707 -0.16854194
v 0.05742319 0.45386185 -0.16504972
v 0.00291537 0.45343585 -0.16759022
v 0.08433188 0.49757853 -0.16472536
v -0.07423679 0.49296877 -0.16892740
v 0.09876061 0.50152258 -0.17173540
v -0.29127369 0.72372539 -0.16431523
v 0.28340120 0.72945963 -0.16952276
v -0.27682924 0.76600286 -0.16889666
v 0.31952345 0.75177663 -0.16492817
v 0.33099623 0.75265849 -0.16117221
v -0.30931738 0.76884726 -0.16502729
v -0.27414474 0.76559906 -0.16888575
v -0.28827879 0.79312711 -0.16536893
v 0.30664794 0.78598698 -0.15864285
v 0.29257934 0.78492943 -0.16533033
v -0.27788293 0.78953690 -0.16776913
v 0.28988478 0.79797977 -0.16255671
v 0.27538595 0.82415833 -0.15927249
v -0.26497099 0.82253673 -0.16635176
v -0.26067874 0.82262281 -0.16753363
v -0.25579804 0.84019093 -0.16586864
v 0.24953720 0.84731712 -0.16256493
v 0.24357417 0.85513476 -0.16085316
v -0.24037171 0.86177740 -0.16077096
v -0.22899429 0.86100995 -0.16741812
v 0.22007294 0.87612343 -0.15588613
v 0.21624248 0.87318523 -0.16099137
v 0.20531311 0.88505057 -0.15002065
v 0.03155417 0.07668877 -0.16328642
v 0.20522459 0.29322981 -0.15834276
v 0.19685842 0.30427017 -0.16238989
v 0.19227132 0.34853155 -0.14901752
v -0.18652829 0.32359862 -0.16126939
v 0.18386141 0.35192729 -0.15399473
v -0.17566216 0.34642777 -0.15976171
v -0.15863326 0.36374759 -0.16208362
v 0.14038547 0.41128253 -0.15488031
v 0.11588057 0.40157733 -0.16347989
v 0.11056204 0.41638119 -0.16040702
v 0.08916830 0.44348291 -0.15798851
v 0.09043730 0.43010260 -0.16016332
v -0.06120414 0.44777852 -0.16323427
v 0.07754160 0.44957942 -0.16087269
v -0.08996625 0.46261498 -0.16574719
v 0.07050427 0.45238233 -0.16288418
v 0.11168043 0.46587889 -0.15719905
v -0.08199188 0.49748563 -0.16669153
v 0.09359886 0.49207923 -0.16139355
v 0.33033567 0.69166858 -0.15865678
v 0.34571241 0.74429852 -0.15770562
v -0.33253514 0.73808378 -0.16362571
v -0.31915928 0.74778292 -0.16677097
v 0.32962774 0.73461227 -0.16584569
v -0.32777291 0.76315164 -0.16010198
v -0.32073768 0.76819779 -0.16103637
v 0.32678616 0.75814474 -0.16098053
v -0.30752721 0.78899852 -0.15819100
v -0.29347561 0.80399602 -0.15954297
v -0.27745094 0.81605229 -0.16308388
v -0.27045869 0.83785055 -0.15722361
v -0.20288302 0.87967099 -0.15896323
v -0.18045323 0.88699459 -0.14904044
v 0.18205980 0.06825856 -0.17340097
v 0.22244530 0.23724299 -0.15229715
v -0.19198812 0.33710535 -0.15168856
v -0.16214038 0.36357138 -0.16078705
v -0.16314254 0.39750426 -0.15216609
v 0.15520220 0.40377961 -0.15296800
v -0.13541371 0.40376387 -0.15843210
v 0.14327572 0.40239942 -0.15686898
v -0.13487614 0.41497306 -0.15506192
v 0.09671888 0.43718490 -0.15652763
v -0.07961751 0.45052580 -0.15992321
v 0.25059301 0.55592790 -0.15410623
v 0.24464364 0.55105207 -0.15947668
v 0.36758158 0.70843928 -0.15272487
v 0.34973452 0.72734011 -0.15948006
v -0.33692182 0.75974449 -0.15633875
v 0.30285126 0.79553755 -0.15530677
v 0.28319416 0.81715065 -0.15706871
v 0.22994235 0.86884631 -0.15711786
v -0.21884685 0.87778569 -0.15378208
v -0.17257523 0.88301953 -0.15563466
v -0.05570263 0.07553289 -0.15535442
v 0.22658580 0.21923691 -0.14749529
v 0.20865116 0.30035335 -0.15020497
v -0.15531625 0.41229955 -0.14994927
v 0.13050025 0.41973244 -0.15394869
v -0.11014769 0.43559684 -0.15417613
v -0.08774172 0.45008127 -0.15888630
v 0.09304656 0.45194951 -0.15761452
v -0.10459756 0.49389972 -0.15610771
v 0.10982978 0.49254736 -0.15386039
v 0.20582788 0.51989739 -0.14834291
v 0.29017845 0.68558444 -0.15861911
v 0.35943933 0.74886193 -0.14674055
v 0.35258529 0.76007329 -0.14336030
v -0.32420590 0.78250006 -0.14973395
v -0.25264985 0.85519986 -0.15920058
v 0.14703504 0.88282646 -0.14478092
v 0.21137553 0.33331938 -0.12859750
v -0.18428198 0.34675887 -0.15454949
v 0.15265746 0.41769595 -0.14782090
v -0.12843720 0.43003759 -0.14978707
v 0.11791336 0.43623464 -0.14899230
v -0.10680804 0.44966055 -0.15148130
v -0.09987004 0.44953833 -0.15487613
v 0.10894399 0.44782384 -0.15049765
v -0.30372776 0.67070601 -0.14574660
v 0.37055426 0.74589350 -0.13793604
v -0.36334891 0.73415467 -0.15000890
v -0.34771368 0.75836986 -0.14882190
v -0.33887166 0.76356935 -0.15264020
v 0.34173137 0.76377030 -0.14977120
v 0.31265578 0.79477592 -0.14797653
v -0.30760614 0.80107899 -0.15045634
v 0.29691719 0.80817779 -0.15189831
v -0.29148353 0.81811958 -0.15304191
v 0.29703240 0.81476808 -0.14688389
v 0.28944579 0.82575266 -0.14569815
v -0.28638187 0.82809009 -0.14996024
v -0.27021443 0.84981714 -0.14626757
v -0.26260483 0.85467144 -0.14880922
v 0.24803751 0.86817789 -0.14241906
v -0.19321455 0.88865972 -0.14454667
v -0.06854341 0.03479936 -0.14573955
v 0.19877144 0.05742897 -0.14719994
v 0.20618010 0.34176319 -0.13511992
v -0.19291488 0.35676692 -0.14665045
v 0.20037695 0.38433333 -0.14033780
v 0.19345228 0.39231229 -0.14139775
v 0.16231286 0.40878148 -0.14832971
v -0.16499179 0.41843526 -0.14259061
v -0.15427903 0.42416400 -0.14441761
v 0.15696724 0.42465770 -0.14185831
v -0.13017262 0.43903010 -0.14382189
v 0.14922014 0.42556119 -0.14424303
v 0.14314684 0.42437049 -0.14743673
v 0.13163433 0.44351977 -0.13824642
v 0.12001000 0.44803772 -0.14564237
v 0.12175131 0.48237999 -0.14676405
v 0.11783710 0.49283783 -0.14880472
v 0.36916808 0.69197013 -0.14745081
v 0.35240069 0.68759658 -0.15176447
v -0.35266688 0.76019121 -0.14185093
v -0.33667338 0.77400479 -0.14537634
v 0.30944065 0.80429585 -0.14279475
v -0.29287625 0.82598879 -0.14472234
v 0.28256799 0.83200692 -0.14751592
v 0.25317136 0.85443854 -0.15468837
v 0.23775883 0.87551269 -0.14130109
v 0.19000676 0.04056905 -0.14106001
v 0.22915644 0.18577536 -0.14159082
v 0.21403159 0.29888007 -0.14167890
v 0.19781448 0.36367419 -0.14440279
v -0.18670346 0.37443859 -0.14827211
v -0.19645221 0.36627279 -0.14453615
v -0.17721244 0.39960847 -0.14620898
v -0.17821324 0.40600691 -0.14314152
v 0.17643901 0.40036425 -0.14651765
v -0.14362252 0.43442993 -0.14022658
v 0.13564134 0.43491719 -0.14262006
v 0.13048896 0.44735034 -0.13975199
v -0.11859257 0.44824782 -0.14545705
v -0.12245338 0.49546632 -0.14588779
v 0.18873063 0.51150524 -0.14688786
v 0.29398748 0.65876121 -0.14464887
v 0.38160388 0.71308176 -0.14257900
v 0.37924199 0.73448113 -0.13344873
v -0.36221977 0.74834986 -0.14255546
v -0.35791495 0.75276776 -0.14280735
v 0.34355087 0.77740650 -0.12961820
v 0.31584582 0.80701546 -0.13112422
v 0.30128623 0.81633135 -0.14043371
v 0.29156460 0.83284561 -0.13552105
v -0.28595484 0.83831230 -0.14012971
v 0.23400391 0.88070504 -0.13426186
v -0.05715005 0.05229802 -0.14365849
v -0.20159404 0.38798853 -0.13965646
v 0.20592213 0.40229038 -0.13189946
v -0.19255250 0.39087869 -0.14242816
v 0.17633002 0.41550700 -0.13820928
v 0.16968009 0.41936898 -0.13887618
v -0.15807986 0.42501345 -0.14081281
v -0.14033189 0.44580861 -0.13095811
v -0.13675944 0.46865716 -0.13810304
v -0.13137883 0.49177048 -0.13770594
v 0.12424662 0.49032503 -0.14258177
v 0.21432030 0.52181346 -0.13911701
v -0.29180650 0.64268290 -0.14266774
v 0.36025543 0.66892287 -0.13754800
v 0.37283276 0.68312944 -0.13950609
v 0.38450648 0.71967403 -0.13377563
v -0.34588960 0.76895653 -0.14000422
v -0.30074437 0.82016048 -0.14049972
v -0.29085019 0.83820562 -0.13231797
v -0.26487450 0.86144403 -0.13425153
v -0.25117947 0.86880702 -0.13952216
v 0.20232341 0.04629293 -0.12751730
v -0.21652269 0.12735507 -0.12970412
v -0.22627341 0.36705952 -0.13520704
v -0.21414931 0.39151172 -0.13411262
v -0.20345689 0.39539720 -0.13664581
v 0.19515485 0.40583322 -0.13469176
v -0.18105937 0.42020265 -0.13245238
v -0.16340099 0.43349842 -0.12830387
v -0.13820472 0.44883212 -0.13221942
v -0.12794454 0.44634886 -0.14101354
v 0.13968760 0.49077755 -0.13052704
v 0.17155912 0.50370919 -0.13922343
v 0.24730798 0.54894554 -0.14443720
v 0.29694705 0.83051786 -0.12947307
v 0.28262169 0.84940341 -0.12407529
v -0.27935782 0.85235729 -0.12699019
v 0.17244200 0.02630576 -0.13671408
v 0.20754277 0.06264375 -0.13383182
v -0.05026484 0.06372732 -0.13714130
v 0.22904120 0.17114920 -0.13739596
v 0.21377308 0.36548431 -0.13645504
v 0.22509731 0.37005169 -0.13275585
v 0.21549439 0.39684798 -0.12930909
v -0.20366598 0.40187653 -0.13358734
v 0.20742120 0.40498841 -0.12896571
v -0.19257142 0.40899840 -0.13496396
v -0.18868539 0.41598323 -0.13165758
v -0.17216688 0.42318322 -0.13454422
v -0.17369966 0.43170994 -0.12388414
v -0.15257250 0.44208938 -0.12251448
v 0.14331701 0.45853809 -0.13271933
v 0.38675429 0.70139916 -0.13043467
v -0.36386385 0.75367301 -0.13262634
v -0.25020323 0.87162988 -0.13490360
v -0.18389192 0.89550972 -0.11574197
v 0.18646722 0.89513897 -0.11824914
v -0.08980518 0.02243202 -0.14105335
v -0.04914343 0.04862651 -0.12933154
v -0.24836810 0.36585053 -0.12936509
v 0.24152501 0.35586401 -0.12922133
v 0.23754270 0.37986769 -0.12602218
v -0.23805690 0.38579773 -0.12713381
v -0.23606523 0.38072727 -0.12946632
v 0.22280190 0.39132091 -0.12788328
v -0.20745932 0.41500516 -0.12256551
v -0.19311379 0.41929205 -0.12629391
v 0.19918435 0.41529860 -0.12567235
v 0.19773608 0.42375603 -0.11604214
v 0.14421154 0.44392090 -0.12900580
v 0.18386276 0.50481284 -0.12920254
v 0.29311529 0.64255398 -0.13115032
v 0.38438674 0.69119123 -0.13175728
v -0.35725955 0.76185913 -0.13115854
v -0.33877824 0.78039572 -0.13225358
v -0.32804046 0.79065745 -0.13503423
v -0.24774506 0.87496162 -0.13055445
v -0.12455202 0.88632036 -0.11732565
v -0.19890556 0.89498535 -0.12023009
v -0.03951012 0.06616225 -0.11307049
v -0.20975350 0.08353214 -0.13042913
v -0.21350702 0.10461949 -0.12850865
v 0.25269664 0.31891886 -0.12446427
v -0.25779408 0.33371857 -0.12886613
v 0.26220284 0.34928116 -0.12505093
v -0.27364050 0.34735773 -0.12526063
v 0.25604636 0.36708794 -0.12293947
v 0.22811407 0.38861657 -0.12689681
v -0.22065512 0.40056414 -0.12713627
v 0.21248027 0.40783917 -0.12390760
v -0.21502041 0.41110149 -0.12179760
v -0.19859912 0.42316448 -0.11823821
v 0.18157017 0.42412770 -0.12779703
v -0.14201021 0.48911565 -0.12770272
v -0.22387090 0.52535024 -0.12815506
v 0.36923373 0.66337706 -0.12712064
v -0.26860869 0.86532163 -0.11531919
v -0.26174515 0.87144357 -0.11314447
v -0.06494512 0.02248905 -0.13186172
v 0.18965871 0.02897304 -0.12506045
v -0.04778647 0.02986412 -0.12052050
v -0.28158649 0.32707491 -0.12398237
v -0.23429229 0.32616849 -0.12616425
v -0.21311747 0.33642882 -0.12672690
v 0.29678918 0.33919390 -0.11692323
v 0.27663274 0.33885599 -0.12270991
v -0.27538893 0.35823791 -0.12255944
v 0.26826908 0.35979430 -0.12119089
v -0.26118543 0.36621873 -0.12488212
v 0.25706568 0.37578572 -0.11957468
v 0.25014478 0.38449887 -0.11953579
v -0.24429840 0.39669987 -0.11756977
v 0.23741279 0.38987844 -0.12167251
v -0.23002835 0.40391727 -0.11991335
v 0.21225968 0.41545831 -0.11679231
v -0.20665960 0.42529100 -0.10772510
v 0.29166906 0.62079487 -0.10356456
v 0.34255462 0.66278334 -0.14230011
v 0.37883759 0.66833921 -0.11940564
v -0.34378851 0.78114686 -0.11572663
v 0.32910164 0.79760012 -0.11614367
v 0.28971047 0.84627679 -0.11234944
v 0.22632540 0.88668807 -0.12645688
v -0.04472559 0.01859115 -0.10995430
v -0.04766390 0.02481640 -0.11736961
v 0.18311236 0.02101716 -0.11973249
v -0.29682111 0.31694737 -0.11939655
v -0.29045414 0.31292290 -0.12000183
v -0.22827076 0.31908091 -0.12024717
v -0.30141424 0.34629159 -0.11723059
v -0.28805214 0.35674301 -0.11875815
v 0.28226890 0.35618469 -0.11750582
v -0.26764947 0.37136061 -0.12084631
v -0.27220453 0.38398461 -0.11259720
v 0.26519858 0.37448974 -0.11714789
v 0.25854351 0.37360093 -0.11973435
v -0.26037125 0.38730749 -0.11590520
v -0.25290615 0.39215706 -0.11680828
v 0.24136549 0.39360309 -0.11784938
v -0.23791895 0.40186011 -0.11692313
v -0.22621605 0.40577002 -0.11987809
v -0.22212783 0.41755167 -0.10889548
v 0.25023997 0.54522865 -0.11466006
v 0.35879135 0.65156845 -0.11967084
v -0.35856331 0.65426510 -0.12039828
v 0.38917844 0.69424007 -0.12296288
v -0.31626535 0.81651400 -0.10789769
v -0.29081928 0.84388960 -0.11799133
v -0.28345388 0.85120426 -0.11801413
v 0.03666795 0.07161150 -0.13195586
v 0.23006611 0.15003311 -0.11488191
v 0.23307763 0.17240774 -0.11738121
v 0.22174152 0.31632329 -0.11948740
v -0.21451371 0.32014794 -0.12186696
v 0.30276123 0.33796234 -0.11494974
v -0.30466083 0.34121328 -0.11662991
v 0.28938412 0.35635238 -0.11502749
v -0.29331737 0.36749315 -0.11224069
v -0.28397566 0.37378920 -0.11307978
v -0.28240153 0.36552538 -0.11763429
v 0.29083466 0.36653364 -0.11010705
v 0.27979271 0.36764802 -0.11426880
v 0.27063079 0.37634531 -0.11373894
v -0.26443546 0.39139392 -0.11045063
v 0.25689341 0.38429459 -0.11575356
v -0.24348360 0.40649667 -0.10805802
v -0.23666693 0.40144034 -0.11761992
v 0.23643932 0.40748862 -0.11028912
v -0.22630217 0.40929609 -0.11643663
v -0.15294352 0.44453838 -0.11857351
v 0.24634184 0.53954016 -0.10506285
v 0.37770758 0.66540436 -0.11647828
v -0.16795275 0.89444024 -0.09758332
v -0.19743438 0.89775475 -0.09876549
v 0.12617011 0.01164393 -0.12116319
v 0.29055817 0.31320814 -0.11865377
v -0.23137220 0.30351309 -0.11028796
v -0.31474468 0.32513725 -0.11492698
v 0.31433840 0.33174137 -0.11177035
v 0.31092624 0.34748190 -0.10935688
v -0.30872292 0.35067271 -0.11261085
v 0.30339909 0.35949222 -0.10760985
v -0.30006974 0.37020790 -0.10770832
v 0.29061754 0.36435602 -0.11087700
v 0.28030431 0.37303407 -0.11121487
v -0.22922638 0.41516947 -0.10625301
v 0.15576672 0.48678488 -0.10790676
v 0.36264146 0.64767404 -0.10908970
v -0.23039423 0.22237871 -0.11563392
v 0.23226921 0.25494613 -0.09513853
v -0.28266963 0.28847672 -0.11129295
v 0.30865267 0.29150962 -0.10733977
v 0.32008364 0.29936136 -0.10764096
v 0.32589572 0.31178111 -0.10777940
v -0.22551846 0.30032152 -0.10713994
v 0.32546144 0.33762829 -0.10586398
v -0.31821103 0.34476704 -0.11044366
v 0.31587710 0.34683586 -0.10723234
v 0.30852128 0.35948275 -0.10494034
v -0.30720266 0.36691528 -0.10558456
v 0.30048502 0.37705739 -0.09681666
v -0.29641296 0.38316721 -0.09754717
v -0.28681304 0.38281062 -0.10453043
v 0.27870014 0.38661270 -0.10177411
v 0.26952080 0.38761682 -0.10706205
v 0.25492980 0.39807219 -0.10666343
v 0.32574042 0.63269161 -0.10936511
v 0.39163166 0.71284974 -0.10700464
v 0.33941515 0.78842526 -0.10053368
v 0.23166325 0.24787857 -0.10903255
v -0.25024498 0.29164518 -0.10772992
v 0.22993616 0.29222056 -0.10201530
v 0.22573539 0.29717918 -0.10703774
v -0.34078025 0.31323458 -0.10402067
v 0.33396685 0.32875390 -0.10367466
v 0.32983114 0.33636148 -0.10408533
v -0.32583945 0.34925373 -0.10540384
v 0.32439296 0.34722602 -0.10321137
v -0.31807660 0.36570241 -0.09969060
v 0.30103974 0.36960873 -0.10217891
v -0.30106399 0.37809228 -0.09968321
v -0.28309417 0.38420534 -0.10532714
v 0.27637569 0.38908792 -0.10035685
v -0.25389066 0.40557495 -0.10048658
v 0.24395326 0.40732034 -0.10415997
v -0.22990010 0.41938059 -0.09608400
v -0.12331164 0.00642360 -0.10665814
v 0.09195374 0.00531880 -0.10415160
v -0.03937513 0.01909701 -0.09845575
v -0.20627265 0.06199342 -0.10553286
v 0.23623863 0.20045577 -0.09911739
v -0.22438015 0.28496715 -0.09999764
v 0.34940543 0.29902782 -0.09901844
v -0.32716983 0.29365905 -0.10536354
v -0.24446291 0.28830637 -0.10089146
v -0.22651717 0.29208726 -0.09757788
v -0.22561938 0.29708080 -0.10343323
v 0.34492081 0.31740213 -0.10090760
v -0.34201305 0.32354377 -0.10339435
v 0.34157548 0.33698117 -0.09826381
v -0.33799694 0.33327559 -0.10400325
v 0.33415820 0.34309193 -0.10006251
v -0.33847789 0.34862055 -0.09777657
v 0.33163431 0.35158722 -0.09733794
v 0.32290594 0.36239673 -0.09492724
v 0.31967089 0.35550027 -0.10179027
v 0.31032480 0.36987299 -0.09614220
v 0.25457800 0.41065356 -0.08243226
v 0.32868370 0.63163434 -0.10540535
v -0.23047473 0.29117384 -0.09759837
v 0.35053900 0.31347389 -0.09790437
v -0.35070773 0.33308709 -0.09672467
v -0.33005204 0.36246496 -0.09328564
v -0.32771609 0.36482639 -0.09265309
v -0.32295818 0.36748867 -0.09375338
v -0.31487463 0.37014751 -0.09786537
v -0.30652828 0.37526410 -0.09827605
v -0.15940811 0.48513584 -0.10038047
v -0.29844520 0.62834964 -0.09734032
v -0.06157673 0.00494500 -0.09640876
v 0.23209343 0.14636791 -0.09428814
v -0.31416116 0.26782689 -0.09594375
v 0.34252042 0.26567871 -0.09008830
v 0.33278016 0.28547733 -0.10032191
v 0.35951022 0.29716915 -0.09303836
v 0.35835922 0.33133707 -0.09032760
v 0.34992534 0.34698138 -0.08772367
v 0.34170344 0.34365091 -0.09541385
v 0.33696284 0.35976082 -0.08668710
v 0.34656531 0.63322117 -0.09789905
v 0.21368073 0.07497351 -0.09075089
v 0.03062743 0.06651495 -0.09307325
v 0.23579325 0.22358546 -0.09672537
v 0.35104031 0.26345427 -0.08709216
v 0.36079665 0.34053580 -0.08336775
v -0.34004605 0.35524445 -0.09064297
v -0.33585760 0.36020261 -0.09080410
v 0.31510868 0.37593600 -0.08400280
v 0.23534667 0.52920480 -0.10337511
v -0.36720088 0.30115167 -0.09005986
v 0.37320153 0.30849403 -0.08708826
v 0.37654854 0.31560115 -0.08360258
v 0.32847563 0.36533586 -0.08685981
v -0.31373849 0.37957287 -0.08317627
v 0.18190004 0.45351819 -0.06738205
v 0.21419095 0.51219833 -0.09246078
v 0.32318828 0.62470617 -0.08937671
v 0.07780672 0.00166001 -0.08477928
v 0.22854104 0.13247205 -0.09116922
v 0.35449590 0.24271148 -0.07218238
v -0.36495360 0.25213104 -0.07755654
v 0.36415451 0.25213657 -0.07889310
v -0.35006657 0.26582729 -0.08773631
v 0.35909915 0.28684297 -0.09168885
v -0.37877747 0.30685755 -0.08372322
v 0.37825894 0.31495328 -0.08252004
v 0.37702268 0.32430132 -0.07968759
v -0.37058585 0.33203875 -0.08183393
v 0.37078383 0.32371983 -0.08515394
v -0.36293169 0.33921460 -0.08359022
v -0.35414526 0.34761620 -0.08448892
v -0.35017963 0.35496253 -0.07952657
v -0.16607580 0.45319475 -0.09611391
v 0.36887873 0.25934264 -0.08023560
v 0.38151129 0.26584832 -0.07702964
v 0.37558526 0.29539727 -0.08594699
v 0.39115754 0.29958125 -0.07741043
v 0.38322459 0.31148925 -0.08034349
v 0.38611727 0.32760428 -0.06858207
v -0.35821547 0.35160449 -0.07313129
v 0.36333134 0.35114139 -0.06429088
v -0.16740804 0.48460356 -0.08303307
v 0.31561530 0.62129319 -0.07843339
v 0.02855738 0.06323280 -0.07389995
v -0.31958856 0.25308309 -0.08164175
v 0.37853326 0.25492818 -0.07599458
v 0.39329723 0.28814248 -0.07618276
v -0.25883128 0.26909536 -0.07701978
v -0.38555213 0.28054087 -0.07751802
v 0.39490958 0.29196465 -0.07523885
v -0.38746121 0.31374679 -0.07701881
v 0.39901541 0.31181392 -0.06701950
v 0.39493134 0.32082612 -0.06449159
v 0.29579233 0.61939820 -0.07963175
v 0.20665551 0.04596926 -0.06326384
v 0.33160013 0.24684930 -0.07333244
v -0.37712052 0.25795034 -0.07578032
v 0.39510742 0.27023289 -0.07365025
v -0.38832725 0.26394635 -0.07375536
v 0.40199455 0.29235869 -0.07119657
v 0.39903011 0.29653935 -0.07254887
v -0.37267183 0.33798835 -0.07276483
v -0.31751280 0.38224756 -0.06205233
v -0.22934159 0.25983976 -0.06605788
v 0.41229132 0.25471904 -0.06839825
v 0.42180742 0.26666474 -0.06514539
v -0.27021523 0.26629373 -0.08162453
v 0.41448082 0.28300583 -0.06662101
v -0.40741819 0.29497892 -0.06808654
v -0.40611721 0.28696351 -0.07003095
v 0.40624534 0.28721982 -0.06994716
v -0.40514348 0.30903759 -0.06311745
v -0.40177732 0.30783085 -0.06745025
v 0.40942978 0.30516836 -0.06168634
v -0.36275536 0.34973159 -0.06925200
v -0.17609981 0.46222033 -0.07271013
v -0.17124155 0.48449379 -0.07256629
v 0.03234531 0.05504681 -0.06764024
v 0.23882257 0.20410182 -0.06512768
v -0.35264940 0.23873191 -0.06764933
v -0.40724452 0.25317429 -0.06855431
v 0.42392071 0.27711295 -0.06247773
v -0.41463803 0.29345139 -0.06352735
v 0.42327916 0.28688234 -0.05834141
v -0.22714747 0.42465772 -0.06429169
v 0.17998195 0.44153212 -0.06832068
v 0.21393898 0.51025684 -0.07742710
v -0.36661374 0.63916025 -0.06777820
v -0.23239134 0.27316491 -0.06276685
v 0.18348305 0.46648527 -0.05506500
v 0.05129219 0.00064923 -0.04669573
v 0.41764910 0.29890330 -0.05615121
v 0.41001753 0.23993691 -0.05831245
v 0.41845548 0.24355992 -0.05371297
v -0.29541793 0.24733353 -0.03919421
v 0.42828401 0.26332210 -0.05719242
v -0.34064073 0.36727048 -0.06041999
v 0.03983029 0.00525177 -0.05321311
v 0.41086926 0.30849037 -0.05562687
v 0.43134646 0.27361864 -0.04958745
v -0.18376627 0.45642760 -0.04852871
v -0.29426416 0.39568423 -0.04474229
v 0.19178526 0.45914304 -0.02713333
v -0.17983167 0.48839431 -0.04838858
v -0.33693744 0.24249120 -0.01501622
v 0.39622213 0.23696916 -0.01664506
v 0.36948445 0.24143322 -0.01228611
v -0.42249385 0.26267941 -0.01083065
v -0.41799722 0.29816504 -0.01365345
v -0.39744836 0.24475653 -0.00625194
v -0.38567718 0.24182523 -0.01022090
v 0.35942463 0.24440029 -0.00506747
v -0.37113422 0.24388986 -0.00690217
v 0.42077562 0.26077272 -0.01085839
v -0.40785866 0.25974381 -0.00549488
v 0.40501468 0.25375735 -0.00876792
v -0.40821524 0.26933856 -0.00613680
v 0.41841895 0.29146700 -0.00623624
v -0.40912118 0.26335364 -0.00286850
v 0.41170625 0.25667548 -0.00054366
v -0.41148776 0.27787706 -0.00479140
v 0.41825968 0.28783749 -0.00351935
v 0.21387753 0.06892370 0.00359110
v -0.35959805 0.24439540 -0.00637235
v 0.41963306 0.28951896 0.00368983
v -0.38049131 0.24361966 -0.00590430
v -0.35202165 0.35863733 0.02792535
v -0.23200798 0.26564301 0.01200554
v -0.41852176 0.25607037 0.01993750
v -0.41683702 0.28550099 0.03442487
v -0.22422363 0.12240799 0.02693793
v 0.34949860 0.24015121 0.02715719
v -0.23048833 0.14145613 0.02825988
v -0.37882541 0.24050713 0.03668373
v -0.35047007 0.24047284 0.02647477
v -0.41734102 0.26669798 0.03388008
v 0.41109207 0.25360414 0.03387507
v -0.41213005 0.26238999 0.03474088
v 0.40015309 0.26629124 0.03540199
v -0.38802966 0.67107005 0.03393736
v 0.40468393 0.24980904 0.03675056
v -0.41039245 0.28054345 0.03671032
v 0.40943431 0.29282637 0.03809576
v -0.40760770 0.28283637 0.04344280
v 0.38704012 0.71901757 0.04610764
v -0.40743326 0.25111536 0.03361410
v 0.40664148 0.25560412 0.04375723
v 0.40083538 0.26778117 0.04216037
v 0.39995078 0.27580221 0.04071474
v 0.40364150 0.24490375 0.05055747
v 0.27813588 0.25781474 0.04478181
v 0.41215992 0.27024602 0.04731253
v 0.24223632 0.26978382 0.04044982
v -0.40850363 0.28674463 0.04519795
v 0.40682689 0.28990071 0.04240322
v -0.22283329 0.12250142 0.05081293
v -0.36432251 0.34642690 0.05173943
v -0.36924726 0.23738093 0.05029584
v 0.40941363 0.25638769 0.04990355
v -0.22844517 0.27472110 0.05669851
v 0.36238900 0.23714933 0.05398535
v -0.40738247 0.26202355 0.05980865
v -0.40731094 0.27671328 0.06093611
v -0.41236922 0.27309244 0.05165682
v -0.37582574 0.32996507 0.06216050
v 0.39576228 0.24526706 0.05821626
v -0.38339403 0.26722653 0.06303276
v 0.39343121 0.28542890 0.06426641
v -0.38279348 0.32364742 0.06078827
v -0.16990963 0.47100226 0.06895510
v 0.23892652 0.21892751 0.06062212
v 0.40860806 0.25909547 0.05906855
v -0.39171352 0.26041944 0.06139471
v -0.38893361 0.26967668 0.06086096
v 0.40098452 0.27499714 0.06178183
v 0.40016614 0.28698138 0.06194369
v -0.22990887 0.27814297 0.06039956
v 0.40895771 0.27850567 0.05808806
v -0.33978503 0.35505435 0.06839474
v -0.20946895 0.41899973 0.07218778
v -0.23342517 0.19651461 0.09007209
v -0.33845269 0.24811920 0.07014812
v 0.36355791 0.24521966 0.06585793
v -0.37776628 0.24897231 0.06505248
v 0.37722361 0.24934047 0.06343257
v -0.31174862 0.24831367 0.05825265
v -0.40098652 0.29265480 0.06232338
v -0.40010126 0.29753664 0.06141539
v 0.13417136 0.88848874 0.06664111
v -0.23075418 0.21126766 0.11691442
v -0.36897759 0.25357093 0.06772733
v 0.33860785 0.25055072 0.06980639
v 0.35345775 0.25303171 0.07027550
v 0.36416525 0.24705691 0.06673802
v 0.33162078 0.25355120 0.07338779
v 0.36955330 0.26283227 0.06740232
v 0.29211431 0.26388431 0.07203109
v 0.38355885 0.28598649 0.06981663
v -0.36747492 0.32114491 0.07361491
v -0.33260786 0.26369285 0.07932943
v 0.34103544 0.25780976 0.07408513
v -0.36775663 0.26166313 0.06840829
v 0.36053585 0.26982343 0.07211489
v -0.37629093 0.28097990 0.07413156
v 0.31357537 0.62351529 0.07997079
v 0.31082990 0.26416180 0.07772952
v -0.27573899 0.27099184 0.07614868
v 0.35044329 0.29409380 0.08037007
v -0.34336940 0.27546485 0.07693809
v -0.35210987 0.29146535 0.08027575
v 0.37401805 0.28748274 0.07426558
v -0.10346400 0.00169573 0.08800862
v 0.12952621 0.00222895 0.08555799
v 0.14197471 0.00172366 0.07992729
v -0.30562506 0.26996081 0.08445619
v 0.32141555 0.26812977 0.08052491
v 0.28826657 0.27117202 0.07988314
v 0.33544082 0.28952949 0.08257970
v -0.34350302 0.29009154 0.08226165
v 0.23231264 0.28890072 0.07978000
v 0.34431407 0.29251767 0.08094005
v 0.35175956 0.30204720 0.08043369
v -0.34814070 0.31393351 0.08359709
v -0.33864918 0.33155149 0.08459811
v -0.34236116 0.33602338 0.08086482
v -0.33586063 0.34204182 0.08143284
v -0.22302747 0.41052742 0.07876316
v -0.29564795 0.62476765 0.08473647
v -0.28851749 0.84750899 0.08670774
v 0.17165042 0.89510911 0.10605241
v -0.32337224 0.26592517 0.08173293
v 0.30522264 0.27623279 0.08589907
v 0.28856167 0.28190404 0.08900026
v -0.32846330 0.27659815 0.08414471
v 0.32399500 0.28244091 0.08512164
v -0.32581455 0.29146532 0.09027457
v 0.25585082 0.29145263 0.09043482
v 0.34970527 0.31403170 0.08132380
v -0.34126579 0.30847179 0.08653695
v -0.16421082 0.45015751 0.09800604
v 0.30795403 0.62651239 0.08987844
v -0.29873085 0.28300557 0.09320965
v -0.29395311 0.27802605 0.08991368
v -0.27823078 0.28050080 0.08868972
v -0.26004494 0.28002649 0.08137580
v -0.32768030 0.28868256 0.08850264
v 0.32226650 0.29202969 0.08888725
v -0.33410591 0.31860756 0.08920300
v -0.31875217 0.34801853 0.08697208
v 0.16753263 0.43484052 0.08636657
v -0.25301648 0.87863288 0.08185876
v 0.03836600 0.04805005 0.10753128
v -0.31045041 0.29656652 0.09629429
v 0.28911720 0.28865702 0.09248618
v 0.27580607 0.29069002 0.09325107
v 0.31081874 0.29532188 0.09244881
v -0.24102002 0.30086486 0.09625474
v -0.33469740 0.30647689 0.08950987
v -0.31925418 0.30492101 0.09487880
v 0.22781993 0.31319142 0.09869071
v 0.33229965 0.31776475 0.08780992
v 0.22756181 0.40439265 0.09110655
v -0.30099134 0.62746399 0.09015652
v 0.02154302 0.06661930 0.10458789
v -0.27649393 0.28752768 0.09415831
v -0.31037083 0.30126017 0.09675006
v 0.28667967 0.29910540 0.09742448
v 0.29634505 0.30087228 0.09650344
v 0.30958343 0.30050094 0.09356225
v 0.25066956 0.30060872 0.09607371
v 0.30707591 0.30884119 0.09580315
v 0.32451165 0.30869322 0.09060148
v -0.31891942 0.31324377 0.09503911
v -0.30438299 0.34459154 0.09461173
v -0.28704236 0.36222952 0.09487670
v -0.28252524 0.36836873 0.09362719
v 0.16225384 0.42844532 0.09451878
v -0.10619738 0.00715745 0.11086509
v -0.11080247 0.00574894 0.10509079
v 0.13717898 0.00637288 0.10237286
v -0.22594841 0.26656545 0.11021282
v -0.28616942 0.30451245 0.10190239
v -0.29615038 0.32166224 0.10139441
v 0.29397895 0.33965010 0.09865919
v -0.27790266 0.35178654 0.10247522
v 0.27806981 0.35801827 0.09952363
v -0.27025152 0.36324879 0.10131936
v -0.29924117 0.63461564 0.10407130
v 0.36883993 0.65678539 0.09933878
v -0.09173639 0.00649692 0.10840409
v 0.08678194 0.00783986 0.11250628
v 0.10534286 0.00644550 0.10690273
v 0.11585183 0.00681391 0.10709845
v -0.14925945 0.00981487 0.10935353
v 0.04141839 0.01226987 0.08851893
v -0.28920425 0.30589908 0.10160099
v 0.27011282 0.31261501 0.10300710
v 0.28106253 0.31837055 0.10235735
v 0.24138372 0.32756434 0.10806142
v 0.29437349 0.31465850 0.09961671
v 0.22866161 0.33193779 0.10680675
v -0.30930072 0.32775310 0.09690760
v -0.27351850 0.33876722 0.10641255
v 0.27631145 0.34175168 0.10401184
v 0.27270060 0.35924909 0.10120277
v -0.23248019 0.38592307 0.10161460
v 0.38195733 0.67684396 0.10308256
v -0.36330075 0.75111563 0.11729150
v -0.28183898 0.84903217 0.10227501
v -0.03914908 0.02901914 0.10284540
v -0.03896560 0.06710326 0.12788363
v -0.24312167 0.32533515 0.11070685
v -0.21198430 0.32574164 0.11211704
v 0.25480898 0.32926218 0.10775139
v 0.28105538 0.32998853 0.10330130
v 0.22177510 0.35283879 0.11200881
v 0.21713511 0.33864005 0.10640324
v -0.27005169 0.34878888 0.10591866
v -0.25205501 0.36441620 0.10688814
v -0.25101661 0.36998757 0.10479694
v 0.23004150 0.38224100 0.10678286
v -0.20017993 0.39702858 0.10428624
v -0.29994183 0.63933812 0.11026919
v 0.35539933 0.64445979 0.09766479
v -0.38270976 0.71643560 0.11656927
v -0.22983423 0.20539897 0.11724774
v -0.23739286 0.32718891 0.10991077
v -0.21553144 0.32709210 0.10563782
v 0.23593035 0.33762451 0.11018004
v -0.25376291 0.33367441 0.11039030
v -0.24523583 0.34968579 0.11224456
v 0.26634922 0.33521596 0.10642296
v -0.25336845 0.34779933 0.11035998
v 0.26136692 0.35085857 0.10680987
v -0.24194909 0.36367668 0.10977810
v -0.23988157 0.37550870 0.10545835
v -0.15694110 0.43053672 0.10477869
v -0.14891062 0.45324291 0.11778483
v -0.31628877 0.63984055 0.10980165
v -0.29791914 0.83032040 0.10322399
v 0.14012770 0.01153373 0.11693242
v -0.21968191 0.34124848 0.11054698
v -0.20493061 0.37182477 0.11268825
v -0.22516228 0.36103692 0.11235320
v -0.21071316 0.34965408 0.11119059
v -0.20684413 0.35664031 0.11270341
v 0.20689837 0.35740437 0.11395619
v -0.21123223 0.37538903 0.11026353
v 0.21836220 0.37204056 0.11172844
v -0.19596472 0.38414907 0.11296045
v -0.19010605 0.40034864 0.10821792
v -0.16446448 0.41103224 0.11370837
v -0.14701890 0.42736074 0.11624647
v -0.14468848 0.46631166 0.11513160
v -0.14505057 0.46917360 0.11434426
v -0.25348754 0.54717309 0.11855658
v -0.34720127 0.65408043 0.11859211
v -0.36486553 0.75002177 0.11421650
v -0.36010657 0.74963417 0.12414244
v 0.18956206 0.89733084 0.10493598
v -0.08726198 0.01173857 0.12412529
v -0.08321817 0.00775036 0.11206491
v 0.11494894 0.01074349 0.11988940
v 0.20485899 0.36781565 0.11558758
v -0.18910859 0.37468865 0.12070008
v -0.17005948 0.40303407 0.11678207
v 0.14856914 0.42812317 0.11280151
v -0.14433574 0.44341902 0.12501935
v -0.29463961 0.64264376 0.11999592
v 0.31301492 0.64466192 0.11769567
v -0.33131803 0.64540844 0.11389522
v -0.30820660 0.65074061 0.12200733
v 0.37456855 0.68160798 0.11904846
v -0.29287468 0.82730365 0.11767860
v -0.12995845 0.01367358 0.12454861
v 0.13825596 0.01351092 0.12188036
v 0.04624551 0.06972510 0.14986245
v -0.22306165 0.17519206 0.14275719
v 0.23172570 0.17496536 0.11727131
v -0.19966195 0.34676328 0.12276739
v -0.19352462 0.36950362 0.11996608
v -0.16854784 0.40225020 0.11820275
v 0.13963467 0.42087089 0.11995116
v 0.29413368 0.63730151 0.11483868
v -0.37015184 0.70153152 0.13408909
v -0.33714784 0.77177272 0.12457611
v -0.33229636 0.77391310 0.12723119
v 0.13637936 0.88513646 0.11807850
v -0.11365195 0.01290658 0.12555935
v -0.10047108 0.01449488 0.13041568
v -0.07074878 0.01660539 0.13078594
v 0.08750198 0.01523015 0.13156566
v 0.16683214 0.01840342 0.12084958
v 0.04562932 0.03673703 0.12903277
v -0.22439097 0.23162455 0.13706825
v 0.16205662 0.40178778 0.12208821
v -0.13646656 0.42090633 0.12572701
v -0.13896022 0.43755812 0.12991176
v 0.14065869 0.45986101 0.12038681
v -0.29618677 0.64964489 0.12328970
v 0.34402536 0.65780584 0.12156209
v -0.36934265 0.69950044 0.13366097
v -0.37655720 0.70362969 0.12756951
v -0.13705518 0.01840517 0.13243326
v -0.22147311 0.18617091 0.15108872
v -0.22415281 0.22359385 0.13954136
v -0.16965730 0.38998848 0.12454008
v -0.13068608 0.41929139 0.12793987
v -0.33145608 0.65938944 0.12691755
v -0.34435553 0.66458572 0.12860391
v 0.36296820 0.67770378 0.12501816
v -0.30793553 0.80118721 0.12524947
v -0.10171080 0.01784629 0.13784110
v 0.15006797 0.01946212 0.13122643
v 0.19692900 0.05113566 0.13053700
v 0.21816238 0.13441669 0.13063118
v -0.18735721 0.35514850 0.12990138
v -0.17688982 0.35744695 0.13595511
v -0.14214166 0.40245659 0.13200301
v 0.15217382 0.39815637 0.12947229
v -0.13905822 0.40571649 0.13160525
v -0.13082047 0.46279726 0.12945008
v -0.12600242 0.47014108 0.13291704
v -0.30598557 0.66397406 0.13161352
v -0.31462770 0.67193379 0.13671453
v -0.27520338 0.82516958 0.13913938
v -0.26335994 0.84510999 0.13740824
v -0.10204583 0.01785812 0.13725709
v -0.12182591 0.02318239 0.14455466
v -0.21938270 0.17526209 0.15334101
v -0.22442962 0.24626810 0.13159048
v -0.20943742 0.28306700 0.14803794
v -0.18695053 0.34153195 0.13746707
v -0.15974211 0.36828812 0.14064866
v -0.15984286 0.38046527 0.13470577
v -0.15285115 0.38814235 0.13432952
v -0.15610326 0.39128127 0.13107584
v -0.12480772 0.41486953 0.13398120
v -0.13037953 0.43627662 0.13704508
v -0.29443013 0.66751054 0.13454206
v 0.33579028 0.67790673 0.13564803
v -0.33771198 0.67977346 0.13894254
v 0.36344246 0.69099126 0.13012754
v 0.34572623 0.69208479 0.13715856
v 0.36797148 0.70519624 0.13033355
v -0.34631445 0.75056994 0.13532771
v -0.34127835 0.75333967 0.13710025
v -0.33505092 0.76204642 0.13578892
v -0.31166738 0.78548697 0.13551393
v -0.24737602 0.85885351 0.14074157
v -0.11317417 0.02209334 0.14401258
v 0.13520599 0.02213260 0.14032232
v -0.06201941 0.02298655 0.13778088
v 0.22928382 0.23838230 0.12677368
v -0.21663526 0.26477230 0.14383566
v -0.21028510 0.29201056 0.14053232
v -0.19975728 0.31628063 0.14010708
v -0.15271092 0.37813980 0.13941974
v -0.14631266 0.39387204 0.13461024
v -0.11693661 0.41804083 0.13890282
v -0.12814760 0.44738739 0.13821445
v -0.11823976 0.45195136 0.14310126
v -0.29519569 0.67670040 0.13974731
v 0.31806038 0.68310884 0.14014267
v -0.34725694 0.68511240 0.13945144
v -0.35155179 0.69620197 0.14097574
v -0.35728956 0.72028953 0.13966896
v -0.07939335 0.02001026 0.14016565
v 0.08865567 0.02145314 0.14346203
v 0.09838146 0.01941850 0.14054855
v 0.07010743 0.02066206 0.13767513
v -0.21698435 0.15939623 0.14930217
v -0.22037437 0.19979209 0.15353928
v -0.22237405 0.19671822 0.14911977
v -0.21913197 0.25109837 0.14428608
v -0.18445719 0.33341685 0.14374534
v -0.16839335 0.34682059 0.14673568
v -0.16758782 0.35579389 0.14245460
v -0.13469222 0.39545527 0.13952550
v -0.12724103 0.39483139 0.14333462
v -0.11824837 0.40858041 0.14014652
v -0.10280987 0.41760379 0.14590271
v 0.11289928 0.41976509 0.13973216
v -0.11351119 0.43540486 0.15038256
v -0.11374203 0.46656337 0.14095801
v 0.10926266 0.46427028 0.14105006
v -0.28606624 0.66269916 0.17353760
v -0.29099676 0.67550803 0.14360267
v -0.32622041 0.67850470 0.13942919
v -0.30262789 0.68566028 0.14248560
v 0.28904216 0.69679324 0.14517530
v 0.32194693 0.69303748 0.14239531
v -0.35997292 0.71636313 0.13964557
v -0.30866167 0.77730651 0.14191147
v -0.29705066 0.78316171 0.14475364
v -0.29609415 0.80128047 0.13707933
v -0.28127938 0.80618205 0.14350123
v -0.26431904 0.83475049 0.14243106
v -0.18899764 0.88202119 0.14078997
v -0.06518418 0.03061193 0.14986294
v 0.13407849 0.02447810 0.14396092
v 0.20226910 0.07405244 0.14464800
v -0.21853889 0.24102534 0.15010130
v -0.20655599 0.28994008 0.14722653
v -0.14753069 0.36869370 0.14646004
v 0.14181384 0.38042467 0.14373763
v -0.11796158 0.44320340 0.14581912
v -0.09635100 0.46404882 0.14899956
v 0.24124460 0.54085105 0.15543724
v -0.33414036 0.70011253 0.14550049
v 0.29360226 0.71538187 0.14731398
v -0.34655022 0.70650717 0.14402324
v 0.31445915 0.71846745 0.14636054
v -0.33018001 0.74151686 0.14577246
v -0.32128457 0.75439269 0.14523331
v 0.31084759 0.75535912 0.14435922
v -0.30606116 0.76975181 0.14552488
v -0.29041189 0.79061715 0.14460417
v 0.29771212 0.79139488 0.13633628
v -0.27520524 0.80065838 0.14680674
v -0.25858015 0.82211121 0.14847400
v -0.25643878 0.83600848 0.14736048
v -0.09267712 0.02731617 0.15364327
v 0.08352491 0.02842729 0.15362478
v 0.16621206 0.03654709 0.14699521
v 0.21158696 0.10912050 0.14505423
v -0.21545777 0.25366642 0.15104478
v -0.21501870 0.26131785 0.14912258
v -0.18883516 0.30918578 0.15378145
v -0.17412248 0.32818726 0.15345049
v -0.11784796 0.37680620 0.15576909
v -0.10046149 0.41436215 0.14676413
v 0.08582745 0.41045324 0.15086018
v 0.09932825 0.41520867 0.14628776
v -0.31443873 0.70831717 0.14820224
v -0.29168513 0.70203878 0.14687789
v -0.30627201 0.71492320 0.14925134
v -0.28386729 0.71769231 0.14914108
v -0.27609447 0.75006485 0.15093188
v 0.28434313 0.72381576 0.14846499
v 0.30305205 0.73352373 0.14731285
v 0.30177603 0.74902416 0.14642585
v -0.31358491 0.75541333 0.14725685
v -0.26769639 0.76398128 0.15004696
v 0.28945234 0.76737110 0.14587116
v -0.29065769 0.77136530 0.14855148
v -0.25974141 0.78570791 0.14940405
v -0.25767699 0.78528025 0.14996712
v -0.24783869 0.80590830 0.15093888
v -0.25507512 0.81162522 0.14936009
v -0.25137997 0.84230174 0.14815447
v -0.08017964 0.02833117 0.15294735
v -0.13271649 0.02683975 0.14741700
v 0.15036288 0.03801407 0.15633161
v 0.00460890 0.07411646 0.15933698
v 0.02056419 0.07451973 0.15873121
v -0.21990955 0.18722094 0.15435074
v -0.16124962 0.34277328 0.15290562
v -0.14886197 0.35762821 0.15148029
v -0.11086815 0.38813129 0.15416390
v -0.09951661 0.39664454 0.15505097
v 0.10375975 0.42521380 0.15041352
v 0.10799931 0.43241004 0.15018874
v -0.08731899 0.46646148 0.15277448
v -0.31087988 0.71623097 0.14967916
v -0.30377832 0.72347023 0.15057839
v -0.28088099 0.72135279 0.15474911
v -0.27567048 0.73843624 0.15500733
v 0.27846918 0.73925527 0.14895493
v -0.30496497 0.73114509 0.15085241
v -0.27066766 0.75107020 0.15589238
v -0.29333709 0.74934185 0.15007907
v 0.24920160 0.81169579 0.14964503
v -0.23962368 0.81242616 0.15671512
v -0.23722774 0.82406976 0.15542534
v -0.23741260 0.82750656 0.15505814
v -0.23007921 0.85226127 0.15379621
v -0.21545400 0.86274364 0.15244374
v -0.19027676 0.86661824 0.15419900
v 0.05643299 0.03726632 0.14907935
v 0.17411814 0.05757575 0.16210086
v 0.19740183 0.07494871 0.15347872
v -0.20812822 0.13098694 0.15971490
v -0.21636504 0.23346596 0.15683247
v -0.21189509 0.25035660 0.15808848
v -0.17723783 0.31527364 0.15810859
v -0.16247085 0.33253840 0.15742419
v -0.13783080 0.35724449 0.15654282
v 0.13736940 0.36290480 0.15470414
v 0.11969730 0.37729933 0.15484674
v 0.11009348 0.39058875 0.15301905
v -0.07163350 0.40561428 0.15620714
v -0.09141156 0.42705395 0.15887696
v -0.09268493 0.44070922 0.15889760
v -0.10054209 0.44606912 0.15414717
v -0.07104187 0.46088036 0.15690170
v 0.09687528 0.46293604 0.14729789
v 0.08321042 0.46701176 0.15475680
v -0.23076722 0.84015209 0.15642467
v 0.22968220 0.85059208 0.15438084
v -0.14581429 0.04431597 0.16323020
v -0.17239427 0.05889259 0.16207988
v 0.06152905 0.06281181 0.17517458
v 0.18587360 0.07255578 0.16423560
v -0.04509449 0.07733307 0.16281947
v -0.20910364 0.24920162 0.16231926
v -0.18279802 0.30097042 0.16179109
v -0.14954596 0.33476363 0.16257113
v -0.12412931 0.36465352 0.15839026
v 0.11433635 0.37033724 0.16004885
v -0.08762748 0.39519347 0.15863482
v -0.04897417 0.40613300 0.15822952
v 0.00569316 0.40599730 0.15980670
v -0.04784636 0.40852487 0.15855231
v -0.01501167 0.41156767 0.16233004
v 0.05169473 0.41173978 0.15858115
v -0.07088491 0.41236894 0.15491897
v 0.08786582 0.42606340 0.15927895
v -0.08037493 0.44941100 0.16037168
v -0.06788830 0.46342006 0.15856430
v 0.06766445 0.46464547 0.15926220
v -0.29317332 0.65779979 0.13567034
v -0.28529157 0.67567936 0.17401341
v -0.22564032 0.83109540 0.16230707
v -0.09435088 0.03270974 0.16069597
v -0.10982002 0.04238654 0.17100663
v 0.08200601 0.03610981 0.16330573
v -0.06287548 0.05054686 0.16766226
v 0.20118937 0.10147412 0.16366107
v -0.21057795 0.20212299 0.17060137
v -0.21413425 0.21399519 0.16437411
v -0.18584308 0.28558510 0.16711147
v -0.16443989 0.31371983 0.16547241
v -0.15165332 0.32741351 0.16505145
v -0.15448161 0.32875107 0.16311814
v -0.14056830 0.34648970 0.16062924
v -0.11774346 0.35394696 0.16523605
v -0.10344229 0.36556282 0.16485956
v -0.09909197 0.37217764 0.16383541
v -0.09125465 0.38704106 0.16149061
v -0.06971042 0.38994150 0.16317323
v 0.06151663 0.40704153 0.15624752
v 0.07306304 0.39675603 0.15927632
v 0.06379977 0.41096652 0.15497556
v -0.05745736 0.42499924 0.16983003
v 0.07652958 0.42461182 0.16332497
v 0.07865285 0.41754229 0.15646884
v -0.07933576 0.42024976 0.15936155
v 0.04615063 0.46634296 0.16465669
v -0.16011154 0.48931191 0.16238790
v -0.27681121 0.72442300 0.17206615
v 0.09270977 0.03987374 0.16937874
v 0.09161553 0.03300321 0.16107261
v -0.06739278 0.04418000 0.16570844
v -0.00343056 0.07941524 0.17845888
v -0.20129675 0.13022286 0.17344511
v -0.20428613 0.18974892 0.17920554
v -0.20443757 0.23934591 0.17076896
v -0.20312697 0.25812261 0.16519008
v -0.18082126 0.29494235 0.16571903
v -0.13526469 0.33115613 0.16972098
v 0.12105713 0.35320530 0.16494026
v -0.10118378 0.35499551 0.16914180
v -0.07040047 0.37106019 0.16928637
v -0.06820146 0.38633002 0.16450213
v 0.05095409 0.38270638 0.16670923
v 0.04127339 0.39209890 0.16394250
v -0.03116925 0.38989287 0.17040194
v 0.03058916 0.39288317 0.16731564
v 0.07111479 0.42833244 0.16651211
v 0.07489574 0.43543921 0.16509896
v -0.07858699 0.43867919 0.16439156
v -0.06113278 0.44799884 0.16500794
v -0.06100670 0.43999355 0.16843368
v 0.28127787 0.61595421 0.16277894
v -0.09583007 0.04681185 0.17665562
v 0.07140423 0.05322620 0.17683519
v -0.13526941 0.05164995 0.17352262
v -0.15162717 0.04899459 0.16508179
v -0.15607012 0.05914185 0.17133357
v -0.16469574 0.06732051 0.17293734
v 0.18205404 0.07889835 0.17142009
v -0.17092082 0.07789571 0.17626800
v -0.18539155 0.09197490 0.17404706
v -0.19058260 0.11273981 0.17953918
v -0.20126057 0.13576205 0.17557147
v -0.20569793 0.21892924 0.17396097
v -0.19973600 0.25135729 0.17054803
v -0.18892597 0.26771223 0.17236746
v -0.16554062 0.30265843 0.16985566
v -0.06574141 0.37454512 0.16866176
v -0.04825391 0.37816816 0.16933001
v 0.00392268 0.40118549 0.16656735
v 0.01240591 0.41161412 0.16393691
v 0.00927808 0.39977117 0.16477033
v -0.00813583 0.40829910 0.16824019
v 0.04963615 0.42513938 0.17105951
v 0.06394716 0.43009131 0.16818948
v -0.04720643 0.44464824 0.16872508
v 0.02169885 0.45524560 0.16711359
v 0.27840540 0.61273954 0.17015659
v 0.28198401 0.63052759 0.17236605
v 0.10761963 0.04387048 0.17322297
v -0.07270291 0.04778268 0.17246451
v -0.14171818 0.06662765 0.18289385
v 0.15981472 0.06057855 0.17255511
v -0.05475510 0.07637037 0.17256737
v 0.16986839 0.06852670 0.17284416
v 0.04098597 0.08047601 0.17507977
v -0.20124074 0.15717005 0.17962262
v -0.20139149 0.19703374 0.18068710
v -0.17912922 0.27718705 0.17434908
v -0.17097793 0.29075786 0.17268565
v -0.13945502 0.31137864 0.17696001
v -0.13083127 0.32583900 0.17372117
v 0.14361434 0.32541511 0.17020554
v -0.06830629 0.35974370 0.17334719
v -0.03610997 0.42345768 0.17324030
v 0.04001525 0.42158346 0.17187855
v -0.03642126 0.44139095 0.17184631
v 0.28450229 0.66917573 0.17387044
v 0.09124520 0.04590764 0.17514253
v 0.08135204 0.06247829 0.18718368
v 0.13012033 0.06256519 0.18487243
v 0.07655500 0.06638021 0.18828369
v -0.06008905 0.08412520 0.18588498
v -0.16891913 0.09505207 0.18672465
v 0.20319397 0.11901820 0.17012759
v -0.19193686 0.25150142 0.17601967
v -0.17890083 0.25978725 0.18092676
v -0.17483918 0.26849593 0.17977922
v -0.16188537 0.28359984 0.17971041
v -0.14029048 0.31689214 0.17413806
v -0.12731667 0.31599534 0.17883955
v -0.11910596 0.32857068 0.17587144
v 0.07643891 0.35245938 0.17447337
v -0.05254539 0.36814347 0.17522695
v -0.03708862 0.40071959 0.18049078
v 0.04301702 0.39928782 0.18430636
v 0.02425080 0.42201563 0.17401762
v 0.02235887 0.43189827 0.17601445
v -0.02112206 0.43043915 0.17692582
v -0.01376265 0.46932094 0.18409477
v 0.24837404 0.55667787 0.17564550
v -0.27760291 0.65792874 0.20134772
v -0.09528604 0.05348429 0.18212837
v 0.11328033 0.05451368 0.18223447
v -0.11708610 0.06203116 0.18690556
v 0.12742039 0.05798347 0.18204177
v -0.07235839 0.05648598 0.18001880
v -0.14557189 0.07072883 0.18391462
v 0.06488307 0.07137104 0.18344800
v -0.15083816 0.07796537 0.18620221
v 0.00817807 0.08175051 0.18366130
v -0.05163058 0.08378663 0.18157365
v 0.17521703 0.08295018 0.17840031
v -0.17408073 0.09805343 0.18493129
v 0.20472135 0.14041265 0.17593151
v -0.19513153 0.16986281 0.18706933
v -0.15379197 0.28202784 0.18354584
v -0.14334077 0.29343015 0.18280299
v -0.11092390 0.31573950 0.18321454
v -0.10158706 0.33409126 0.17774316
v -0.05740584 0.34369948 0.18167715
v -0.05783521 0.35186990 0.17767299
v 0.05618115 0.36064941 0.17954287
v -0.05127135 0.37141387 0.17789630
v -0.01196946 0.43760556 0.19419006
v -0.01732513 0.46630235 0.17528340
v -0.12340867 0.07343228 0.19284727
v 0.15366425 0.07537132 0.18471106
v 0.16404271 0.07971020 0.18289899
v -0.16272578 0.08772258 0.18603003
v 0.05239949 0.08847108 0.19028101
v 0.17867515 0.09802310 0.18367927
v -0.17855040 0.10331675 0.18462492
v -0.18130510 0.11292681 0.18633303
v -0.18926629 0.12753383 0.18532619
v 0.19992341 0.15724617 0.18468496
v -0.18795166 0.19113368 0.19235191
v -0.17560330 0.25342567 0.18454522
v -0.16343429 0.26675651 0.18553184
v -0.13592299 0.29299133 0.18550932
v 0.13120906 0.30687545 0.18189461
v -0.12080732 0.30506858 0.18502548
v -0.06133310 0.33861410 0.18211957
v 0.08374776 0.32757614 0.18370948
v 0.05934252 0.33080268 0.18809409
v 0.06089027 0.35932498 0.18603254
v -0.02364268 0.40646837 0.18155590
v -0.01010985 0.45699518 0.18218395
v 0.24877758 0.55953665 0.18115065
v -0.27759580 0.69521335 0.19389677
v -0.17633888 0.85458521 0.19178453
v 0.10449595 0.06642949 0.19254033
v 0.14441958 0.06631604 0.18284909
v -0.02383441 0.08245210 0.18490445
v 0.16478050 0.09404260 0.18949749
v -0.05472646 0.09244923 0.19552448
v -0.03157962 0.09132586 0.19706645
v 0.18882184 0.12155327 0.18617578
v 0.19277550 0.12456319 0.18365247
v -0.18311929 0.13746384 0.19245177
v -0.17676630 0.22934307 0.19116032
v -0.17901334 0.23758365 0.18767176
v -0.12467486 0.30245937 0.18504788
v -0.09435430 0.31626654 0.18628657
v 0.06102384 0.32659711 0.18702009
v -0.05764555 0.35746181 0.18501929
v 0.02391803 0.38605299 0.18910563
v 0.00073794 0.39266014 0.18592217
v 0.01001213 0.40862917 0.18701622
v 0.02458878 0.40782402 0.18447208
v 0.02206793 0.40272919 0.18769271
v -0.00926562 0.40737856 0.18732989
v -0.22348829 0.81764586 0.19295412
v -0.04559069 0.89584985 0.18407985
v 0.09870398 0.07514141 0.19758004
v 0.14616200 0.07595913 0.18818300
v 0.06555625 0.08672650 0.19237000
v 0.17293900 0.10634224 0.19024563
v 0.17255429 0.11091567 0.19239807
v -0.17277446 0.12062548 0.19399083
v -0.17397751 0.13574652 0.19752753
v 0.19587225 0.15213446 0.18779552
v 0.19710059 0.17162201 0.18748168
v -0.18328827 0.20917215 0.19215776
v -0.16728281 0.24450112 0.19119842
v -0.15811298 0.25512211 0.19149026
v -0.14583540 0.26860126 0.19140626
v -0.13482192 0.28239675 0.18983967
v 0.15620371 0.27172371 0.18775937
v 0.13327630 0.27690413 0.19297229
v 0.11898086 0.29100099 0.19116246
v 0.04175810 0.39198921 0.19244113
v -0.01925568 0.39349710 0.18837259
v -0.02480217 0.39656269 0.18970680
v 0.02903465 0.39722510 0.18946161
v 0.03624488 0.39185522 0.19180967
v 0.02541643 0.40201942 0.18840696
v -0.01653972 0.40109615 0.18762351
v 0.00835560 0.42550783 0.19277915
v -0.27527342 0.67147667 0.20671953
v -0.11228753 0.06823192 0.19165928
v -0.11920689 0.07424923 0.19387982
v -0.10021982 0.07710103 0.19778888
v -0.10337941 0.08151502 0.20019504
v -0.08344994 0.06139979 0.18851844
v 0.08266219 0.07662728 0.19721312
v 0.07453547 0.08201214 0.19517145
v 0.13402257 0.07997526 0.19426688
v -0.13310569 0.08921623 0.19854046
v 0.00809987 0.08940586 0.19657070
v 0.05328015 0.09720330 0.20090354
v 0.06328183 0.09496840 0.19843411
v 0.15545417 0.09251042 0.19288156
v -0.14350720 0.10062350 0.19997505
v -0.16065542 0.11159540 0.19696983
v -0.16147547 0.11349301 0.19759357
v 0.17789489 0.12471260 0.19386494
v 0.18568249 0.13971025 0.19295774
v -0.19236353 0.13993222 0.18653942
v -0.18019286 0.16015253 0.19761590
v -0.18174725 0.17995617 0.19699204
v -0.17892564 0.19937559 0.19614524
v -0.15569106 0.23069010 0.20031759
v -0.15833442 0.23590854 0.19759297
v -0.14565444 0.24854505 0.19842136
v -0.15134162 0.26055201 0.19222936
v -0.13605433 0.26565754 0.19552180
v -0.12158789 0.27102781 0.19772564
v -0.11879245 0.27909861 0.19541207
v -0.09524654 0.29193167 0.19557913
v -0.07378833 0.31373948 0.19029384
v -0.04397232 0.30783631 0.19538240
v -0.02957818 0.37294091 0.19293974
v -0.02287704 0.37690516 0.19256219
v -0.04972492 0.38487983 0.19465906
v -0.04063470 0.39175694 0.19328272
v -0.00428893 0.47325490 0.20177179
v 0.23776574 0.55257778 0.19307211
v 0.09853443 0.08275047 0.20135066
v -0.09014156 0.07733363 0.19721481
v -0.12096855 0.08644961 0.20047143
v 0.09241000 0.08851021 0.20308353
v 0.07966690 0.09679247 0.20341154
v 0.14383509 0.09271400 0.19733599
v 0.00101463 0.09480068 0.20336130
v -0.15134413 0.11371063 0.20146929
v -0.16516577 0.14370791 0.20291497
v -0.16748379 0.20975338 0.19997624
v -0.14241934 0.24713760 0.19984374
v 0.12225377 0.27467005 0.19677504
v -0.08206113 0.29062162 0.19828232
v -0.08796237 0.30227725 0.19282982
v -0.06361633 0.29637275 0.19819651
v -0.07084843 0.30569625 0.19376838
v 0.05575632 0.31044026 0.19371872
v -0.03303694 0.36034865 0.19860923
v 0.04772112 0.36929573 0.19846860
v -0.05169141 0.37527016 0.19910013
v -0.08220818 0.47893285 0.20370750
v -0.27274687 0.64409842 0.20951981
v -0.27304454 0.69484415 0.20674203
v -0.12183130 0.09972476 0.20544528
v -0.00696994 0.09464535 0.20257037
v 0.07319545 0.09548183 0.20083752
v -0.13716311 0.09877840 0.20115562
v -0.02695065 0.09960299 0.20539314
v -0.13271518 0.10914852 0.20608117
v 0.15893084 0.11697957 0.20033023
v -0.15284782 0.12906438 0.20468279
v 0.16389730 0.13151543 0.20193714
v 0.17112725 0.14951865 0.20187118
v -0.17306828 0.15284724 0.20049590
v 0.18069234 0.15150911 0.19745413
v 0.17889163 0.16121227 0.19915162
v 0.18474683 0.18646945 0.19556812
v -0.17120988 0.18404808 0.20185840
v -0.15382971 0.22072546 0.20299474
v 0.13288327 0.25113728 0.20206417
v -0.11033681 0.26538165 0.20236515
v -0.11226748 0.26987891 0.20030472
v -0.09604976 0.27114307 0.20324552
v -0.08828221 0.28521205 0.19932016
v -0.07659055 0.28164941 0.20236784
v -0.04322607 0.30113463 0.19801604
v -0.02935269 0.29536928 0.20266877
v 0.05559619 0.31203697 0.21204739
v 0.05870618 0.32921237 0.19187982
v 0.04353873 0.34306592 0.20298644
v 0.04186962 0.35242439 0.20067762
v -0.02415478 0.35873924 0.20325982
v 0.03982479 0.36473917 0.19683939
v -0.00512417 0.35293952 0.20119672
v 0.05008190 0.36247809 0.20015494
v 0.05323326 0.37503769 0.19778438
v -0.04454231 0.47662831 0.20892712
v 0.22780751 0.54528814 0.19932107
v 0.11666823 0.10741179 0.20872860
v -0.10951054 0.10813533 0.20952561
v -0.07283465 0.10108159 0.20389210
v 0.00385806 0.09824410 0.20585682
v 0.02296459 0.09561344 0.20275201
v -0.10146417 0.08436776 0.20148834
v -0.06141616 0.09588858 0.19877479
v -0.02402209 0.10688735 0.21087372
v -0.12423587 0.10970868 0.20822931
v 0.13840083 0.11265386 0.20571814
v 0.14425172 0.10889855 0.20306189
v -0.13502640 0.12601587 0.20953375
v 0.16623136 0.15978811 0.20476865
v -0.16700702 0.17799370 0.20401865
v -0.16661827 0.19821063 0.20209066
v 0.16479673 0.21168835 0.20166798
v -0.14449568 0.22221093 0.20569216
v -0.11658881 0.24866713 0.20621839
v -0.07061870 0.27060687 0.20714715
v -0.01929766 0.28865380 0.20643574
v -0.02854854 0.29309596 0.20548891
v -0.03155187 0.34415584 0.20532059
v 0.03898692 0.33285222 0.20687480
v -0.00668195 0.33781655 0.20934241
v 0.06496451 0.35237410 0.20517092
v 0.05747231 0.36480988 0.20129736
v -0.03377501 0.47343694 0.20004281
v 0.04297440 0.47417649 0.20090018
v 0.23943060 0.56883401 0.21342006
v -0.26294861 0.60431279 0.20761424
v -0.27124263 0.63258991 0.20840191
v -0.27043208 0.71096881 0.20554041
v -0.26230175 0.72513807 0.21682352
v -0.25794286 0.74515828 0.21183648
v -0.25799143 0.74960923 0.20740711
v -0.09213522 0.10861331 0.20932052
v 0.00188047 0.10859043 0.21296398
v 0.02563863 0.10898528 0.21203177
v 0.04595823 0.10720079 0.20890172
v 0.08114608 0.10894492 0.20876529
v 0.09965384 0.11351866 0.21130310
v -0.06004850 0.10881718 0.20838826
v 0.15013557 0.12984992 0.20606490
v -0.14089187 0.14019599 0.21047285
v -0.13597694 0.16396560 0.21371827
v 0.15925712 0.16545688 0.20751233
v -0.14593871 0.18800937 0.21065696
v -0.13346902 0.21914192 0.20947244
v 0.13341889 0.22804827 0.20814464
v -0.11601832 0.23653781 0.20978411
v -0.11768811 0.24012830 0.20863942
v -0.11198513 0.25107109 0.20646169
v 0.12957832 0.25372098 0.20237396
v -0.08754706 0.26257646 0.20731001
v -0.05531410 0.26943935 0.20928325
v -0.05270471 0.27643535 0.20684793
v -0.01567169 0.28589935 0.20803593
v -0.00007722 0.28335097 0.21166407
v 0.02413002 0.28621668 0.20774179
v -0.01390289 0.28762681 0.21147615
v -0.03399631 0.32490354 0.21068000
v -0.05785440 0.34369435 0.20834929
v -0.05854029 0.35009026 0.20686638
v -0.02809839 0.35072168 0.20471205
v 0.05834086 0.34665495 0.20772570
v -0.05827602 0.35382065 0.20524005
v -0.01525837 0.47754804 0.21560588
v -0.26803275 0.67285974 0.22177121
v -0.27683144 0.67955490 0.20144510
v -0.09572681 0.88112050 0.21089080
v 0.03423200 0.10743249 0.21019375
v 0.05620370 0.11803943 0.21363274
v -0.04061230 0.12289037 0.21683936
v -0.11384756 0.11862354 0.21188201
v 0.11316940 0.11144017 0.21007215
v 0.14269291 0.13618581 0.20966393
v -0.11491993 0.13749944 0.21526304
v 0.11641510 0.12846369 0.21347333
v -0.13151601 0.13618892 0.21200553
v 0.14860711 0.14976361 0.20981046
v -0.12175204 0.14761194 0.21543806
v 0.13026515 0.14642105 0.21379509
v 0.14301022 0.16602776 0.21230710
v -0.14148466 0.20358268 0.20984591
v -0.11805185 0.21824805 0.21336866
v -0.10483222 0.23211374 0.21305417
v -0.09238374 0.25166715 0.20996518
v -0.05982305 0.25444478 0.21369518
v -0.04343878 0.26375102 0.21229192
v -0.03851462 0.27022200 0.21030759
v 0.01466937 0.32100122 0.21457412
v -0.02512477 0.32488486 0.21016244
v 0.00747637 0.31179495 0.21457754
v 0.04366938 0.32493591 0.21247266
v -0.05739395 0.32973980 0.21279316
v -0.01940848 0.33364721 0.20999874
v 0.01611813 0.33905657 0.21164296
v 0.20523510 0.53114091 0.20942088
v 0.03170584 0.12168218 0.21764316
v -0.01800295 0.11853504 0.21702494
v 0.06615900 0.12425082 0.21516520
v 0.10795622 0.13085740 0.21491399
v -0.07873221 0.13578514 0.21729784
v -0.08498165 0.12733604 0.21484816
v -0.03371148 0.14420487 0.22297312
v -0.04944202 0.13193371 0.21897261
v 0.11059779 0.13938805 0.21614805
v -0.11974978 0.14216307 0.21518689
v 0.13034610 0.14060989 0.21332435
v 0.11930551 0.15436531 0.21670004
v -0.12962996 0.15328683 0.21453382
v -0.11299405 0.16809057 0.21803473
v 0.12279137 0.18462618 0.21659746
v -0.11500274 0.19150291 0.21714112
v 0.11822575 0.20009301 0.21646016
v -0.10621355 0.20715978 0.21712697
v 0.12584888 0.20495727 0.21429800
v -0.10130554 0.21711619 0.21661405
v -0.08889814 0.23049411 0.21588219
v 0.08729402 0.23348496 0.21615953
v -0.06113614 0.24676426 0.21557640
v -0.02300679 0.25277601 0.21652924
v 0.05372595 0.24806088 0.21611409
v -0.03946746 0.25141681 0.21624234
v 0.04736042 0.30413358 0.21758357
v -0.01087299 0.30976826 0.21518274
v 0.06336677 0.32487924 0.20966691
v 0.06234084 0.33216512 0.20937287
v 0.00318573 0.34253834 0.21345603
v 0.02104835 0.33156681 0.21337448
v -0.03600276 0.48165763 0.22482761
v 0.05233814 0.47994647 0.21598465
v -0.26839710 0.65190441 0.21972722
v -0.27052539 0.68193521 0.21652147
v -0.26733486 0.69399586 0.21982543
v -0.26242755 0.71226613 0.22329260
v 0.00958796 0.12740589 0.22065239
v -0.00203884 0.12970431 0.22133763
v 0.02185400 0.12997416 0.22056033
v 0.05905072 0.14214122 0.22071594
v 0.08872540 0.13152335 0.21627885
v -0.05706596 0.15075107 0.22208832
v 0.09002512 0.15214067 0.21997583
v -0.08392527 0.16506246 0.22131076
v -0.07881892 0.17503463 0.22225917
v 0.12027996 0.17644316 0.21718876
v -0.10029069 0.19086528 0.21958865
v 0.11246843 0.18756125 0.21826110
v 0.10620591 0.19552407 0.21880680
v -0.08582356 0.20289985 0.22053817
v -0.07683278 0.21743670 0.22000917
v -0.08379071 0.22047173 0.21853639
v -0.05993892 0.23973903 0.21746462
v 0.05647949 0.23470918 0.21901221
v -0.01175802 0.24681066 0.21842400
v 0.04078977 0.23567103 0.21994911
v -0.00510970 0.24698077 0.21826473
v -0.02537017 0.29208136 0.22324478
v 0.05347884 0.31555162 0.21654790
v -0.00756653 0.48029747 0.22378809
v 0.00928743 0.48227218 0.22857812
v -0.26343026 0.63020768 0.22276797
v -0.26294691 0.64702235 0.22769989
v -0.00288170 0.14378349 0.22396429
v 0.00953643 0.14710171 0.22423263
v 0.03871584 0.15399540 0.22403611
v -0.01733937 0.16161109 0.22575106
v -0.01827633 0.15368311 0.22476296
v 0.03584419 0.13936915 0.22201452
v 0.05437263 0.15833057 0.22356860
v -0.04643891 0.16345366 0.22441151
v -0.04602121 0.17831470 0.22498061
v -0.05727100 0.17310465 0.22393487
v 0.05691494 0.17499508 0.22416821
v 0.08804360 0.16851791 0.22152504
v 0.09364639 0.16778719 0.22080559
v 0.08012853 0.18309401 0.22247968
v -0.06254662 0.19046310 0.22368516
v 0.09176348 0.18417616 0.22122751
v -0.03246547 0.21230221 0.22413801
v -0.06519420 0.20302579 0.22275038
v 0.09538951 0.20018026 0.22000415
v 0.08755745 0.21637948 0.21933461
v 0.08333536 0.20195615 0.22120396
v -0.05287166 0.21498868 0.22252178
v 0.06256508 0.21061971 0.22250127
v -0.03633937 0.22332265 0.22224049
v 0.03920206 0.21707583 0.22313747
v 0.06821910 0.22153056 0.22048394
v -0.02442106 0.22361436 0.22262860
v 0.04952827 0.22070585 0.22197198
v -0.03216193 0.22455554 0.22220421
v -0.00015153 0.23237397 0.22146196
v 0.01548451 0.23372434 0.22109396
v 0.00582826 0.28858124 0.22587387
v 0.01062732 0.28518904 0.22283767
v -0.01186009 0.30348386 0.22065364
v 0.23294205 0.56847289 0.22179384
v 0.24728952 0.59419124 0.22493565
v 0.02774609 0.16147246 0.22511440
v -0.01450118 0.14957010 0.22470555
v 0.02984747 0.17104817 0.22560272
v -0.02012755 0.17677178 0.22589505
v 0.01110736 0.17952000 0.22622805
v -0.03847494 0.19267946 0.22513873
v 0.05401616 0.18235104 0.22443015
v -0.00833344 0.19275782 0.22607890
v 0.01033131 0.19402115 0.22600514
v 0.04031119 0.18523947 0.22523176
v 0.03620837 0.20507336 0.22461376
v 0.03740969 0.19483956 0.22507889
v -0.05371794 0.18942307 0.22431218
v 0.05881481 0.19707955 0.22384836
v -0.03145481 0.20437375 0.22466757
v 0.00975519 0.20109285 0.22549723
v 0.01925163 0.20906594 0.22458434
v -0.00843710 0.29495968 0.22553649
v 0.02453226 0.30015811 0.22443712
v 0.02643004 0.29661755 0.22463888
v -0.02860291 0.30157005 0.22411071
v -0.00632682 0.48572876 0.23648270
v 0.04557335 0.48437188 0.22857869
v 0.23321885 0.58138144 0.23247249
v -0.25074535 0.61589357 0.23410743
v -0.25416918 0.61708602 0.22997362
v -0.25451974 0.62670618 0.23380390
v -0.26185445 0.69291946 0.22940981
v 0.00341071 0.48423716 0.23305684
v 0.02051681 0.48719415 0.23831810
v -0.04692034 0.48565428 0.23247175
v -0.25828265 0.67393376 0.23655985
v -0.25284894 0.69305926 0.24182031
v -0.25292814 0.72049694 0.23438101
v -0.24419355 0.73906520 0.23717023
v -0.24209013 0.74872253 0.23477245
v -0.06216396 0.49098960 0.23846830
v -0.23149528 0.76057443 0.24031055
v -0.09435744 0.49843233 0.24068354
v -0.13230026 0.50721671 0.23577565
v 0.20884067 0.55813885 0.23822406
v 0.22127651 0.57660516 0.24153479
v 0.24823316 0.61174002 0.23394425
v -0.24333325 0.63317588 0.24789114
v -0.24807431 0.64602499 0.24652503
v -0.25061054 0.65378978 0.24450837
v -0.25975215 0.66054359 0.23411583
v -0.24786780 0.71724463 0.24157586
v -0.01990350 0.49171189 0.24672456
v 0.24283609 0.60968379 0.23882848
v -0.23643720 0.61415844 0.24762764
v -0.24600017 0.64081526 0.24698073
v -0.22280975 0.76035926 0.24803666
v -0.00034953 0.49433519 0.25185452
v -0.03131795 0.49420911 0.24968704
v 0.20411434 0.56133851 0.24525733
v 0.21747616 0.58040489 0.24757868
v 0.23879546 0.62348815 0.24866765
v -0.24243233 0.69592094 0.25139316
v -0.24294987 0.71884612 0.24619247
v -0.20500733 0.78978131 0.24645091
v 0.15841387 0.53099637 0.25059048
v -0.14722811 0.52131667 0.24579629
v 0.20766241 0.56889250 0.24798373
v -0.21425885 0.58798357 0.25387092
v -0.21607891 0.60412070 0.25994421
v -0.23166789 0.61875946 0.25342554
v -0.24009625 0.71406158 0.25021293
v -0.23098005 0.74442627 0.24798779
v -0.09219572 0.86121270 0.24848037
v -0.02871831 0.50203971 0.26131997
v -0.09677107 0.51355482 0.26107999
v -0.12706309 0.51991088 0.25498109
v -0.21557414 0.59679238 0.25713500
v 0.23205840 0.60971578 0.24933565
v -0.22769825 0.68262598 0.26418106
v -0.24680850 0.67284078 0.24950734
v -0.21448048 0.76501379 0.25211697
v -0.20464269 0.77649000 0.25386634
v -0.19172384 0.79485727 0.25280292
v -0.06888371 0.86625834 0.24947177
v 0.01387348 0.49200589 0.24769718
v 0.04153862 0.50367105 0.26129514
v -0.07777569 0.50497021 0.25617108
v -0.12522970 0.50864201 0.24242158
v -0.16483428 0.54831790 0.26155503
v -0.17901271 0.55906185 0.26082111
v -0.18321348 0.56850955 0.26456526
v 0.19282989 0.56893585 0.25914826
v 0.20717274 0.58662509 0.25904638
v 0.20749320 0.57899842 0.25449607
v -0.21640155 0.60041025 0.25798399
v 0.22666419 0.62108325 0.25777392
v -0.22696085 0.62646079 0.25917438
v -0.22575142 0.66439565 0.26526148
v -0.16168516 0.81298065 0.25997310
v -0.15217423 0.82767407 0.25432060
v 0.00049969 0.50426246 0.26581196
v -0.04007442 0.50951251 0.26991330
v 0.14061550 0.52932256 0.25866248
v 0.15001015 0.54047453 0.26436270
v -0.17215027 0.55223711 0.25997138
v -0.18631643 0.58018911 0.26950862
v 0.21765301 0.59498837 0.25497928
v -0.21539600 0.61857093 0.26525250
v -0.22619495 0.64908272 0.26393185
v -0.23064280 0.68662573 0.26126299
v -0.21783480 0.73164589 0.26136692
v -0.18670403 0.77726776 0.26423158
v -0.16581843 0.80325246 0.26325635
v -0.13557632 0.83297088 0.25835161
v -0.11543855 0.84904151 0.25297098
v -0.10781126 0.84669369 0.25813143
v 0.20540080 0.58742850 0.26084551
v 0.22053560 0.62540762 0.26371616
v -0.22766510 0.70724794 0.26070300
v -0.19816116 0.76394914 0.26278335
v -0.12056675 0.82910756 0.26764668
v -0.08453955 0.84572967 0.26636838
v -0.00647117 0.50529679 0.26671367
v 0.05248481 0.51073483 0.26788853
v 0.08059310 0.51584276 0.26705066
v -0.09511321 0.51887625 0.26739454
v 0.12217778 0.52383326 0.26136181
v -0.13630398 0.52729766 0.25891729
v -0.14059900 0.54109730 0.26952932
v -0.16963790 0.56633309 0.27151990
v 0.19907004 0.58854238 0.26586959
v -0.19793337 0.58677889 0.26513403
v -0.22346842 0.63920344 0.26429408
v -0.00886485 0.50933214 0.27172686
v -0.04272150 0.51364223 0.27390500
v -0.14555978 0.55353228 0.27622532
v 0.15317614 0.55241276 0.27197610
v 0.20234693 0.60582416 0.27018116
v -0.19645352 0.61545345 0.27616399
v -0.19494662 0.62660759 0.27941418
v 0.20972714 0.61831968 0.26914414
v -0.20374523 0.63044257 0.27489549
v 0.21304790 0.63289451 0.27012661
v -0.21508987 0.63002547 0.26813745
v -0.21610285 0.64959984 0.26998209
v 0.22619676 0.64914934 0.26437274
v 0.21571415 0.69438596 0.26999922
v -0.20611597 0.71641305 0.27055683
v -0.20428461 0.72462986 0.27018699
v -0.18532651 0.76541818 0.26890184
v -0.17349171 0.78109454 0.26953009
v -0.15948733 0.79252712 0.27114821
v -0.15050542 0.80782370 0.26823589
v 0.00002591 0.85440264 0.26888062
v -0.02270209 0.51367899 0.27579932
v -0.05638254 0.51550613 0.27370143
v -0.06745871 0.52463575 0.28114048
v 0.07172108 0.51529221 0.26896230
v -0.07693587 0.52847719 0.28254721
v 0.10170743 0.52801404 0.27334959
v -0.11933748 0.54265428 0.28028013
v 0.13784145 0.54825281 0.27648366
v -0.15517113 0.54757756 0.26711467
v 0.17385117 0.57817212 0.27605610
v -0.16647013 0.58151475 0.28148882
v -0.18722050 0.59463124 0.27538109
v -0.19527720 0.60239334 0.27339556
v -0.18646104 0.61452723 0.28174525
v 0.20283905 0.61108463 0.27173295
v -0.19402590 0.65565938 0.28182519
v 0.21706283 0.66144431 0.27074896
v -0.21101646 0.65466964 0.27329584
v -0.19623257 0.67665477 0.27984779
v -0.21102838 0.70298645 0.27050372
v -0.16202171 0.77059196 0.27729566
v -0.13367921 0.80007040 0.27835492
v 0.15498644 0.79375748 0.27205721
v -0.13103426 0.80960718 0.27497040
v -0.09288293 0.83869718 0.26971130
v 0.00829918 0.51674986 0.28007306
v 0.02489058 0.51539630 0.27719442
v 0.11400908 0.54178217 0.28108253
v -0.11331978 0.53538413 0.27645161
v 0.11606259 0.53434742 0.27381595
v -0.14846103 0.56102226 0.27959623
v -0.15248615 0.57618589 0.28631993
v -0.17326092 0.58654445 0.27987816
v 0.20248937 0.66775321 0.27788316
v -0.19768202 0.68708344 0.27812059
v 0.18330235 0.73384417 0.27723536
v -0.15848108 0.77720769 0.27682101
v -0.14808815 0.78815695 0.27744709
v -0.11495286 0.54393014 0.28300019
v -0.13899941 0.55635842 0.28126926
v -0.14714733 0.56566378 0.28307149
v 0.18274575 0.60029385 0.28005203
v -0.17509112 0.59980944 0.28392708
v -0.18966526 0.64125597 0.28334336
v 0.20338512 0.64541297 0.27703449
v -0.19464765 0.65716516 0.28112799
v -0.19355891 0.66854593 0.28136563
v -0.18720202 0.70521711 0.27971015
v 0.19234139 0.70366459 0.27892536
v 0.18860711 0.73395391 0.27554029
v -0.16627098 0.74878200 0.27977490
v -0.16297732 0.75275732 0.28026325
v -0.15103565 0.75806398 0.28336061
v 0.16351215 0.76090664 0.27858816
v -0.14655733 0.77539853 0.28162696
v -0.14047673 0.78507735 0.28114175
v 0.14453040 0.78330085 0.27941031
v -0.12050773 0.81143548 0.27768163
v 0.09864998 0.81354297 0.28218303
v -0.08847406 0.82431734 0.27975364
v -0.05864720 0.83528839 0.27886315
v -0.00170782 0.52673129 0.29041958
v -0.03177639 0.52314770 0.28523960
v 0.11928130 0.55489376 0.28887799
v -0.12879255 0.55420519 0.28480907
v -0.13888333 0.56556398 0.28707951
v 0.17483519 0.57373974 0.27342605
v -0.15215897 0.58563894 0.29082248
v 0.17060746 0.58773837 0.28206399
v 0.17744618 0.60241644 0.28353557
v 0.19216535 0.63536260 0.28182635
v -0.16676483 0.70849771 0.28508801
v -0.16709770 0.72389281 0.28311864
v 0.16980524 0.72941680 0.28196423
v 0.16814976 0.74198104 0.28057354
v 0.14947458 0.75620186 0.28378395
v -0.13431328 0.77547583 0.28580506
v -0.13363296 0.78861183 0.28249735
v -0.11972395 0.79476432 0.28469321
v -0.09523015 0.80721579 0.28643981
v -0.08369227 0.81979852 0.28318253
v -0.01582844 0.83504163 0.28217712
v 0.01144909 0.83649567 0.28143930
v 0.02939362 0.52664890 0.28841125
v -0.05592067 0.52230073 0.28119278
v -0.07704431 0.53724209 0.29022316
v -0.10318214 0.54073433 0.28507902
v -0.11168829 0.55230637 0.29047822
v -0.14239560 0.57895862 0.29267148
v 0.15993035 0.58195460 0.28542274
v 0.15638471 0.59287674 0.29139683
v -0.15982234 0.59910513 0.29158288
v -0.16817450 0.61321367 0.29080267
v -0.16949721 0.65082506 0.29199197
v -0.16612275 0.67080178 0.29089297
v 0.17336713 0.67398470 0.28851030
v -0.17410371 0.69132558 0.28555402
v -0.16207031 0.69692963 0.28772022
v -0.13515957 0.72962986 0.28969312
v 0.15379396 0.74895403 0.28372220
v -0.14640773 0.74937218 0.28562714
v 0.14898993 0.77384780 0.28084293
v -0.10687920 0.79498504 0.28806506
v 0.12682110 0.79369687 0.28211839
v -0.07629548 0.81222175 0.28802606
v 0.01327367 0.54119310 0.30297598
v -0.03848376 0.53056902 0.29167081
v -0.05939500 0.53574587 0.29293499
v 0.11227678 0.55525536 0.29163474
v -0.11654260 0.56910117 0.29869290
v -0.14564938 0.58252371 0.29259211
v -0.16289267 0.61521711 0.29365785
v -0.17511219 0.61083039 0.28700637
v -0.15691701 0.62556891 0.29756670
v -0.17674122 0.62943680 0.28870839
v 0.17217041 0.64275710 0.29143382
v -0.16230336 0.68183104 0.29019790
v -0.13839192 0.70289086 0.29185490
v 0.16781553 0.69709399 0.28674521
v 0.14329816 0.71062562 0.28997330
v 0.16253609 0.70382913 0.28698713
v -0.12981854 0.71817033 0.29161008
v 0.12609385 0.72258491 0.29226568
v -0.11403122 0.73424498 0.29442883
v -0.10452444 0.77993120 0.29258704
v -0.09659454 0.79077936 0.29165959
v -0.04809838 0.81260401 0.29131794
v -0.03103227 0.54141459 0.30170536
v -0.01474324 0.53023134 0.29330759
v 0.06586249 0.53937836 0.29337171
v -0.07417277 0.54239594 0.29498805
v -0.09577775 0.54952385 0.29409498
v 0.13212399 0.56404709 0.28928302
v 0.13781304 0.56947925 0.28988821
v 0.15156517 0.59097270 0.29287156
v 0.15558770 0.60422961 0.29481935
v 0.17436785 0.60694997 0.28655908
v 0.17280821 0.62565160 0.29040144
v -0.17070976 0.64344209 0.29179748
v -0.15174104 0.64271439 0.29950281
v 0.16877271 0.63540896 0.29268500
v -0.16061686 0.66536133 0.29364092
v -0.13255513 0.69136370 0.29557532
v -0.13079618 0.69376210 0.29570441
v 0.13559098 0.69629309 0.29395009
v 0.13781135 0.69846434 0.29295263
v -0.12670979 0.71173388 0.29465167
v -0.12278000 0.71808193 0.29811698
v 0.11972841 0.72904201 0.29333457
v 0.09043145 0.77568732 0.29538763
v -0.08377065 0.78620793 0.29500553
v 0.08167224 0.78588824 0.29486976
v -0.07258718 0.79276879 0.29502464
v -0.08171146 0.80047653 0.29150780
v -0.05332205 0.80184152 0.29457352
v -0.03473777 0.81864727 0.28987812
v 0.01924124 0.80727872 0.29463337
v 0.03667691 0.53769114 0.29720517
v -0.03978711 0.54173567 0.30090290
v 0.04756748 0.54538397 0.30168364
v -0.06109989 0.55492002 0.30742766
v 0.09024526 0.55678441 0.29995990
v -0.06913578 0.55357092 0.30459985
v 0.10177683 0.55792163 0.29705919
v -0.11385893 0.58655463 0.30842448
v -0.13331867 0.60090735 0.30479445
v -0.14004789 0.60298994 0.30207396
v -0.14066220 0.60638072 0.30262658
v 0.14233476 0.60226187 0.30071334
v -0.15656816 0.61984920 0.29755565
v 0.16153830 0.63165055 0.29564066
v -0.15164655 0.65434103 0.29808026
v -0.14750308 0.66407319 0.29766432
v -0.12981838 0.67456953 0.30107987
v 0.14814960 0.67343472 0.29569619
v -0.12649757 0.68826835 0.30043178
v -0.07535229 0.75717818 0.30117229
v 0.10056261 0.76808678 0.29465125
v -0.09340830 0.77404347 0.29580279
v -0.07574956 0.77171570 0.29906673
v 0.07717198 0.76623319 0.29923404
v -0.07788901 0.78399997 0.29643106
v 0.07438191 0.77335997 0.29852082
v -0.05216346 0.78970598 0.29800576
v -0.01998888 0.80641022 0.29501375
v 0.03104990 0.80250662 0.29575947
v -0.00201231 0.54552489 0.30686235
v -0.04472337 0.54492904 0.30298820
v -0.08395237 0.54817491 0.29705914
v -0.09163976 0.56041960 0.30277044
v -0.09076740 0.57304842 0.31043289
v 0.10543119 0.56903913 0.30218595
v 0.11194138 0.57082272 0.30083598
v 0.13836373 0.58471821 0.29642102
v -0.11717045 0.59409233 0.30991033
v -0.13584462 0.65788836 0.30320840
v -0.12578761 0.68253397 0.30115963
v 0.08118290 0.72066648 0.30451852
v -0.09630881 0.73101651 0.30028435
v -0.06800901 0.75071078 0.30279784
v -0.07334072 0.76580751 0.30027508
v -0.05486694 0.77885422 0.30015479
v 0.05139281 0.78601961 0.29875771
v -0.03381189 0.77937577 0.30144310
v -0.01182616 0.78871984 0.29998813
v -0.04134074 0.55330538 0.30948323
v -0.07365238 0.56573603 0.31119577
v -0.12010284 0.60413681 0.31155062
v 0.13823771 0.60284657 0.30236750
v 0.14154636 0.61635962 0.30344464
v -0.12365305 0.63447335 0.31203937
v -0.11718522 0.67024707 0.30753708
v -0.11073372 0.67814633 0.31418863
v 0.12638191 0.68469418 0.30206030
v 0.08957045 0.72746869 0.30051883
v -0.08733751 0.72764890 0.30269055
v -0.05910725 0.72782562 0.30732713
v -0.04681744 0.75807527 0.30414725
v 0.01264332 0.76409543 0.30443606
v 0.05441539 0.77478500 0.30082655
v -0.04489510 0.76362335 0.30340559
v -0.03184238 0.76477510 0.30388947
v -0.00366377 0.76936323 0.30369255
v 0.03587402 0.76703679 0.30323339
v -0.00749344 0.77056839 0.30347588
v 0.01979449 0.77055196 0.30324901
v 0.00979446 0.77150069 0.30327704
v 0.02798751 0.55387373 0.31099903
v 0.09804518 0.57304178 0.30692893
v 0.10563926 0.58284629 0.30899075
v 0.11348080 0.58506497 0.30695514
v -0.12921844 0.61971359 0.30999955
v 0.12788269 0.60473011 0.30760556
v 0.12432314 0.62279606 0.31149101
v -0.10827705 0.62988031 0.31929682
v -0.13599424 0.64430957 0.30592067
v -0.11650171 0.67377061 0.30827611
v 0.07901167 0.70820982 0.30871780
v -0.05406392 0.71939134 0.31013524
v 0.03732885 0.72644498 0.31012268
v -0.00894815 0.73929384 0.30829470
v 0.04395224 0.73971338 0.30675130
v -0.03494703 0.73467167 0.30853945
v -0.01017978 0.55606530 0.31439618
v 0.01966891 0.54870293 0.30824151
v -0.03345383 0.55711091 0.31304017
v 0.09094098 0.58207765 0.31376456
v -0.09584358 0.57866548 0.31140342
v -0.10021926 0.58658193 0.31357206
v -0.11024540 0.59486325 0.31289069
v 0.11476703 0.60118237 0.31210527
v -0.11131209 0.65135755 0.31487847
v -0.10549724 0.66918359 0.31255748
v -0.07702920 0.69845846 0.31145520
v 0.08648593 0.70127127 0.31641290
v -0.11947501 0.70124423 0.31350037
v 0.09281472 0.72235393 0.31231890
v -0.05765266 0.70715627 0.31314337
v -0.02666156 0.72391874 0.31160951
v -0.00200122 0.72522836 0.31159466
v 0.04017965 0.71767650 0.31253294
v 0.02743870 0.73050864 0.30964277
v -0.03680471 0.56436661 0.31714839
v 0.05667316 0.56839395 0.31557567
v -0.09193065 0.60295930 0.32220501
v 0.11277746 0.60306136 0.31371351
v -0.10348298 0.60558507 0.31859726
v -0.10951818 0.60902473 0.31683184
v -0.10091222 0.62302915 0.32210047
v 0.12063948 0.62868098 0.31320001
v -0.11363925 0.63556239 0.31621780
v 0.10728258 0.65449896 0.31558569
v -0.09863695 0.66100827 0.31716688
v -0.07953299 0.69170314 0.31282158
v 0.08085968 0.68751028 0.31448632
v -0.06639624 0.69067122 0.31694676
v -0.05226290 0.70107811 0.31718071
v 0.02419014 0.71407200 0.31499178
v -0.09725250 0.71834947 0.31559393
v 0.01197052 0.55831064 0.31554348
v 0.02459182 0.56558941 0.31909343
v -0.06067789 0.56625288 0.31432564
v 0.07405393 0.57403342 0.31458126
v -0.08842578 0.57812300 0.31372114
v -0.08679242 0.60000001 0.32294496
v 0.10248779 0.61645005 0.32006807
v -0.09448410 0.65076603 0.32197796
v -0.08240691 0.67111160 0.31912762
v 0.09843709 0.68996729 0.32218220
v -0.05867659 0.69240263 0.31927598
v -0.11303548 0.69573814 0.31921199
v 0.06000955 0.69713795 0.31654248
v 0.11898952 0.69096490 0.31468328
v 0.09971996 0.71433999 0.31830462
v -0.00917600 0.56734904 0.32158780
v 0.01375036 0.57507568 0.32618117
v -0.01719836 0.58616477 0.33194572
v -0.03281528 0.57198898 0.32246554
v 0.05611244 0.58484857 0.32448745
v -0.06416933 0.58192406 0.32181748
v 0.08971369 0.59236833 0.31872969
v -0.06733137 0.59341822 0.32621959
v 0.06974922 0.59102493 0.32378991
v -0.07902850 0.59574990 0.32380911
v 0.08144932 0.59536631 0.32211816
v -0.08205876 0.59928768 0.32413875
v -0.08992698 0.64324741 0.32530950
v 0.09566536 0.64784026 0.32177565
v -0.07955705 0.65988629 0.32474732
v -0.07662123 0.66919208 0.32231402
v -0.05673521 0.66697629 0.33266352
v 0.10672362 0.69221371 0.32120978
v -0.09503565 0.70057249 0.32131547
v 0.10811175 0.70062411 0.32134793
v -0.10124890 0.70083351 0.32222777
v 0.10234711 0.70939988 0.32159081
v -0.00499216 0.57751459 0.32776764
v 0.03383805 0.57839190 0.32556539
v 0.06057397 0.59263440 0.32713812
v -0.04453303 0.58680614 0.32845303
v -0.05600340 0.58217295 0.32381646
v -0.07067884 0.61233408 0.33132279
v -0.08583236 0.61319842 0.32655532
v -0.06849530 0.62592902 0.33401450
v 0.09048542 0.60898087 0.32328470
v -0.08875559 0.61713905 0.32633222
v -0.08565975 0.65193784 0.32494564
v -0.07612819 0.65868706 0.32660381
v 0.04728690 0.68454938 0.32784865
v -0.01829562 0.59154728 0.33422595
v 0.04826307 0.59373018 0.33023995
v 0.08364389 0.62931743 0.32858306
v -0.08469689 0.64039846 0.32778478
v -0.05922501 0.65257185 0.33545831
v -0.02399491 0.59871579 0.33639394
v -0.03135449 0.61527210 0.34140840
v 0.06570171 0.62981240 0.33423713
v 0.07142629 0.63809352 0.33230971
v -0.08263681 0.63613281 0.32911365
v 0.05683824 0.61822038 0.33561707
v 0.05531978 0.64832126 0.33750327
v -0.00301411 0.60674490 0.34002299
v -0.03942207 0.63256782 0.34116676
v 0.03158374 0.67245570 0.33991810
v 0.00206247 0.62494751 0.34482079
v 0.01880516 0.62389505 0.34840848
v -0.03862439 0.62759373 0.34311805
v -0.00405058 0.63971518 0.34858341
v -0.03212607 0.63773893 0.34287201
v -0.04112356 0.63507496 0.34059079
v -0.01803036 0.64526343 0.34618386
v -0.02802732 0.65413504 0.34374042
v -0.02020054 0.65653582 0.34662321
v 0.03558105 0.61803570 0.34197299
v -0.00620615 0.65424907 0.34871570
v 0.02766572 0.62541153 0.34858505
v -0.02705083 0.62843104 0.34937374
v -0.01103078 0.64047332 0.34934606
v 0.01466924 0.66890323 0.35557459
v 0.00560412 0.20622249 -0.34314622
v -0.00619885 0.20828502 -0.33605479
v 0.00271081 0.21073504 -0.32636444
v -0.05612660 0.74198103 -0.32720947
v 0.00969561 0.08038093 -0.28665433
v -0.14300379 0.80818614 -0.28972565
v 0.00802019 0.04415692 -0.27957417
v 0.01283999 0.08596942 -0.28124796
v -0.22156775 0.74269045 -0.28152654
v 0.14798387 0.82755764 -0.27358735
v 0.11625265 0.84907381 -0.26375784
v 0.16920636 0.81884909 -0.27093521
v 0.12860202 0.84130301 -0.26872596
v 0.00201626 0.04139257 -0.25714571
v 0.03266357 0.85902901 -0.26598270
v -0.00644173 0.04526815 -0.27925769
v 0.22260109 0.78309898 -0.26043392
v 0.17222619 0.83164379 -0.25639687
v 0.11001667 0.85601405 -0.25682900
v 0.19581383 0.81746013 -0.25362725
v -0.15909146 0.84381741 -0.25148397
v 0.13071314 0.85337663 -0.25265510
v 0.09205435 0.85797878 -0.25920550
v -0.02399204 0.86914336 -0.25241815
v 0.06048142 0.86977186 -0.24754600
v 0.01271187 0.05455075 -0.25069728
v 0.14310739 0.84600541 -0.25669026
v 0.14347077 0.85034723 -0.25097981
v 0.10554879 0.86008100 -0.25233471
v 0.01158954 0.05309961 -0.24111600
v -0.00733942 0.04807293 -0.24596279
v 0.07983524 0.87238467 -0.23969730
v 0.14837394 0.85842001 -0.23459386
v 0.11026023 0.87079633 -0.23080050
v -0.00238126 0.04450067 -0.24659388
v 0.00252934 0.04669893 -0.23236325
v 0.01613093 0.08285848 -0.20733509
v 0.10709997 0.53771800 -0.24330432
v 0.09502212 0.87484928 -0.22910873
v -0.13543781 0.86458839 -0.23096806
v 0.01147612 0.05839959 -0.22080617
v -0.11265534 0.87088355 -0.23056488
v -0.15875472 0.53991499 -0.22871698
v 0.17526732 0.84403447 -0.23705397
v 0.17372322 0.84409170 -0.23930175
v 0.16577373 0.85756485 -0.21882370
v 0.08485432 0.88011580 -0.21942884
v -0.00080291 0.11244223 -0.22337604
v 0.21220626 0.82000851 -0.23375500
v 0.20622589 0.83466312 -0.21602803
v 0.18201771 0.84486064 -0.22805714
v -0.05356405 0.52512613 -0.23483467
v 0.08194158 0.52212034 -0.22484283
v 0.16153440 0.53338599 -0.21788968
v 0.27299516 0.73024069 -0.21474739
v -0.24732040 0.78023742 -0.23571152
v 0.19280481 0.84274955 -0.21867222
v 0.17622732 0.85295341 -0.21714984
v -0.16707191 0.85819219 -0.21799980
v 0.20098407 0.55852188 -0.22836117
v 0.22145285 0.81397126 -0.23058881
v 0.20378881 0.83839128 -0.21108876
v 0.15211856 0.87114684 -0.19098128
v 0.07063944 0.88112454 -0.22216659
v 0.05252294 0.51985641 -0.22446707
v 0.12001246 0.51961896 -0.21135051
v 0.27015169 0.74914248 -0.20373395
v 0.24424634 0.80041800 -0.20847187
v -0.22606233 0.83649838 -0.18458777
v 0.15194845 0.86631741 -0.20808557
v -0.13575821 0.86941973 -0.21879342
v 0.10086999 0.88271144 -0.20008886
v -0.01838332 0.51449794 -0.21569061
v -0.27186672 0.73971641 -0.21156279
v 0.26965730 0.73642666 -0.22063012
v 0.24931201 0.79188765 -0.20975632
v 0.23312007 0.81422780 -0.20889242
v 0.22219564 0.82626135 -0.20584931
v 0.16514868 0.86809127 -0.18527794
v -0.06947238 0.51194430 -0.20692243
v -0.06866838 0.51489876 -0.21366402
v 0.00450067 0.51425840 -0.21535826
v 0.15078890 0.52371918 -0.20717058
v 0.12970180 0.87433688 -0.20433475
v 0.01616871 0.09622643 -0.20882012
v -0.13243779 0.23533678 -0.20565269
v 0.23221738 0.82196516 -0.19094828
v -0.17848944 0.85574077 -0.21084183
v 0.10588296 0.88037937 -0.20493271
v -0.00806564 0.50976423 -0.20317698
v 0.07265870 0.50945568 -0.19920861
v 0.26234378 0.77203620 -0.19905076
v 0.24958355 0.79545740 -0.20005272
v 0.16968365 0.86396814 -0.19249192
v 0.11765381 0.87926995 -0.19789225
v -0.00829261 0.88985486 -0.20577785
v 0.00371487 0.05806950 -0.20164355
v 0.09294634 0.50944000 -0.19603976
v -0.16257542 0.52036110 -0.19308794
v -0.12941829 0.87579073 -0.20262369
v -0.09711603 0.88429555 -0.19608934
v 0.07224591 0.88622817 -0.20423462
v 0.02091543 0.89169383 -0.19693685
v 0.03883861 0.89023744 -0.19885053
v -0.27208023 0.75805872 -0.17125744
v 0.18309666 0.85930833 -0.18909682
v -0.11488123 0.88212236 -0.18821276
v 0.03247161 0.89176969 -0.19295012
v 0.00939121 0.07023047 -0.18157795
v -0.00325084 0.06566340 -0.18881327
v -0.00549715 0.50442132 -0.18615540
v -0.27763076 0.74143052 -0.16994689
v -0.25578005 0.79036300 -0.19582118
v 0.22034563 0.83752364 -0.18311015
v -0.13791499 0.30681832 -0.18535739
v 0.12321658 0.50484846 -0.17408653
v 0.27641689 0.74401127 -0.17102817
v -0.24961526 0.80751581 -0.17336323
v -0.15191826 0.87355812 -0.18415836
v -0.04685048 0.89435189 -0.16982270
v 0.06750879 0.08545427 -0.18377351
v 0.19130774 0.52446655 -0.18051624
v 0.17672983 0.86999808 -0.17680319
v -0.13979624 0.87700502 -0.18309169
v 0.09080847 0.88815404 -0.17933490
v -0.00512955 0.07195885 -0.17615409
v 0.01726163 0.07817044 -0.17703513
v 0.18714279 0.51984277 -0.17281851
v 0.24866258 0.80534637 -0.17280734
v 0.20753081 0.84646329 -0.18510278
v 0.11738728 0.88284938 -0.17851108
v 0.07443828 0.89024017 -0.18266789
v 0.28382330 0.71744101 -0.16789092
v -0.25957268 0.78854608 -0.17275561
v 0.13063443 0.88086708 -0.17118387
v -0.12369526 0.88210594 -0.17303220
v -0.10469012 0.88667243 -0.16983436
v 0.04056810 0.08145410 -0.17453800
v -0.04009217 0.49877081 -0.17649979
v -0.02158240 0.89367862 -0.18452550
v 0.01598853 0.89438435 -0.17987044
v -0.00342658 0.07261990 -0.17144282
v -0.18203226 0.29319273 -0.17514143
v 0.14612922 0.51076467 -0.17989024
v 0.16476206 0.50985102 -0.16506281
v 0.26146086 0.57467127 -0.16702940
v 0.20219951 0.87270264 -0.16755222
v 0.14369228 0.87896057 -0.16632729
v 0.15528787 0.88054891 -0.15805682
v 0.00840997 0.89638764 -0.16353575
v 0.02492404 0.89624491 -0.15827604
v 0.06632300 0.89365325 -0.16228163
v -0.20261336 0.26756734 -0.16909705
v -0.19606079 0.30040639 -0.16316989
v 0.18721852 0.51613211 -0.16279847
v 0.21825098 0.53072386 -0.16085178
v -0.01191343 0.07491011 -0.16839797
v 0.15166349 0.50356793 -0.15543675
v 0.29312575 0.65191429 -0.13982401
v 0.21345436 0.87968764 -0.15544623
v 0.09540343 0.88945289 -0.16081161
v 0.04935613 0.07586485 -0.15168653
v 0.21326407 0.27316754 -0.15598426
v -0.20141424 0.52220471 -0.16162091
v 0.23291444 0.86871658 -0.15517011
v 0.12067219 0.88547387 -0.14492873
v 0.08467354 0.89252657 -0.14415511
v -0.12324435 0.02753739 -0.14797395
v 0.16982925 0.03906790 -0.15276079
v 0.24009594 0.86341239 -0.15568193
v 0.14664760 0.88078814 -0.15688572
v -0.05868003 0.89463298 -0.15455433
v 0.05263245 0.89551058 -0.14833189
v 0.04359152 0.07463268 -0.14601254
v -0.18240734 0.51490660 -0.16399124
v 0.28729634 0.62812746 -0.15019387
v 0.36983739 0.72677790 -0.14904804
v 0.19657369 0.88880277 -0.14452048
v -0.08806615 0.89315023 -0.12234214
v 0.22284739 0.26397585 -0.13841403
v 0.36417263 0.75625583 -0.13311710
v 0.30513710 0.81038485 -0.14236703
v 0.27023018 0.85177434 -0.14137584
v 0.25732493 0.86106319 -0.14369314
v 0.12695265 0.02850022 -0.14931748
v 0.00109442 0.07220585 -0.16030550
v -0.04547989 0.07547384 -0.14898865
v -0.12499596 0.49155566 -0.14423267
v 0.14127518 0.49390425 -0.13305087
v 0.24402797 0.54270349 -0.13215024
v -0.12355113 0.88516827 -0.13611199
v 0.13955882 0.88279780 -0.14453683
v -0.15476612 0.88291692 -0.14930832
v 0.14676972 0.02494294 -0.14155753
v -0.21352601 0.28612282 -0.14440418
v 0.15836511 0.43208088 -0.13369492
v 0.33314749 0.78096620 -0.14004675
v 0.32842718 0.78689409 -0.13867987
v 0.31948238 0.80155635 -0.13233794
v 0.25503299 0.87027665 -0.13035911
v 0.04787371 0.89728923 -0.10916731
v 0.14060057 0.02369695 -0.14105812
v -0.17182145 0.50429245 -0.14043032
v 0.09563523 0.89231440 -0.11098631
v -0.06806434 0.89603451 -0.10540535
v 0.00930930 0.89836504 -0.11261518
v -0.00606001 0.06709852 -0.11704038
v 0.21921085 0.12239374 -0.12709947
v 0.20704956 0.34292599 -0.13290111
v 0.20110249 0.51327224 -0.13350753
v -0.18859185 0.51224465 -0.14930062
v -0.20523000 0.51868698 -0.14463195
v -0.23559256 0.88049113 -0.13349714
v -0.13916365 0.88482320 -0.12437819
v -0.21260632 0.88857659 -0.13684936
v -0.13953558 0.88499398 -0.12076272
v -0.19651996 0.89189320 -0.13413608
v 0.04070981 0.89725988 -0.12149633
v -0.22332119 0.26717260 -0.12438384
v 0.21158004 0.51522214 -0.12005171
v 0.25181489 0.55000619 -0.12874249
v -0.25225676 0.54877073 -0.12547744
v 0.26147207 0.55983073 -0.11814869
v 0.29272738 0.62110791 -0.09655143
v 0.29325051 0.63397387 -0.11984020
v 0.30589963 0.81994550 -0.12797233
v -0.20830433 0.89601864 -0.10901669
v 0.10220070 0.01348143 -0.12625871
v 0.10180199 0.01826742 -0.13539891
v 0.01798520 0.06819245 -0.12074737
v -0.15487076 0.49507814 -0.12147088
v -0.20525135 0.51429204 -0.12662583
v 0.23165623 0.53047688 -0.12552677
v -0.29894898 0.64330763 -0.12344211
v 0.34419564 0.77911927 -0.12207797
v 0.33321188 0.78948888 -0.12628303
v 0.14261560 0.88611044 -0.11302985
v 0.14333252 0.88484918 -0.12652670
v -0.10554203 0.88951753 -0.12610320
v 0.01737624 0.89829428 -0.11155075
v 0.06573808 0.89530310 -0.13152457
v 0.15982724 0.44333505 -0.10869655
v -0.14902480 0.49360227 -0.12319520
v -0.17546642 0.50006610 -0.11840755
v 0.19255846 0.50682312 -0.12252260
v -0.35525180 0.76466073 -0.13035902
v 0.11940126 0.88812666 -0.10321193
v -0.08114742 0.89453649 -0.10773194
v 0.19885039 0.89269817 -0.13265734
v -0.06933878 0.01130677 -0.11775284
v 0.27884032 0.33178217 -0.12182112
v -0.28739154 0.34752697 -0.12140943
v 0.17914406 0.43221502 -0.11461090
v -0.18797642 0.50544852 -0.12295854
v -0.21103570 0.51646066 -0.12300350
v 0.28357155 0.59780679 -0.10862783
v 0.35147050 0.64345678 -0.11384618
v -0.36033590 0.66009271 -0.12720606
v -0.29900303 0.83541192 -0.11723808
v -0.14947362 0.88817971 -0.10489530
v 0.15060279 0.88609857 -0.12537617
v 0.21451432 0.89304786 -0.11669544
v 0.16896261 0.01078122 -0.10960863
v 0.20453389 0.04868314 -0.11591951
v 0.21972629 0.11935104 -0.11469846
v -0.17235894 0.43437437 -0.11966202
v -0.17050675 0.49556243 -0.10587795
v 0.18640233 0.50391517 -0.12180559
v -0.18020157 0.50129205 -0.11656258
v 0.22482302 0.52090811 -0.10778270
v 0.27964414 0.58845387 -0.10651679
v 0.29390244 0.62176292 -0.08817556
v 0.35613880 0.76854330 -0.11602430
v 0.32967924 0.79915204 -0.10791196
v 0.27879158 0.85937414 -0.10491396
v 0.25694639 0.87517797 -0.10658263
v -0.07237796 0.89537852 -0.11194174
v 0.19082530 0.89519930 -0.11724224
v 0.15027807 0.00399850 -0.09568605
v -0.04681658 0.01443696 -0.10866229
v 0.19104881 0.02089497 -0.11187624
v 0.21827706 0.42209410 -0.09914799
v 0.16895878 0.43670800 -0.11116198
v -0.37829339 0.74166949 -0.10326560
v -0.25274252 0.87959392 -0.10211797
v 0.24763690 0.88113537 -0.10612590
v -0.13777262 0.88714728 -0.08978282
v 0.13138044 0.88608110 -0.11509277
v 0.22401868 0.89182595 -0.10593435
v -0.13448498 0.00790003 -0.11020100
v 0.09318646 0.00817502 -0.11418997
v 0.20416358 0.04660997 -0.11513604
v -0.16826771 0.44133792 -0.09879001
v -0.16648957 0.44215407 -0.09941436
v 0.33771678 0.63301333 -0.10476881
v 0.18051769 0.89609684 -0.09794829
v -0.11625384 0.00753884 -0.11138378
v 0.09733547 0.00538151 -0.10433365
v 0.18094453 0.43337686 -0.11079174
v 0.15885598 0.46728811 -0.11300211
v 0.17761891 0.49519987 -0.09720226
v 0.18935695 0.50011605 -0.09914894
v 0.21385579 0.51468491 -0.11109207
v -0.29889492 0.62977350 -0.10181772
v -0.34622570 0.77962983 -0.09783923
v -0.24368701 0.88388827 -0.10337996
v 0.14955122 0.88856694 -0.09466745
v 0.08794482 0.89426785 -0.08298907
v 0.26165229 0.40623028 -0.08563571
v -0.21705717 0.42598411 -0.08960382
v -0.18810258 0.43446536 -0.09812175
v 0.16580321 0.44073089 -0.10147246
v 0.25923302 0.55401349 -0.10137727
v 0.27938499 0.58646808 -0.09857998
v 0.39200918 0.68520936 -0.10570285
v -0.30035953 0.83871079 -0.09509609
v -0.26738719 0.86906653 -0.10153952
v -0.11160184 0.88914755 -0.10816027
v 0.18548893 0.89834576 -0.07896385
v -0.05244776 0.89723254 -0.09083610
v -0.04478121 0.01027873 -0.09572394
v -0.22793087 0.28509448 -0.08935606
v 0.16943351 0.48874032 -0.08728210
v 0.34515374 0.63114007 -0.09526045
v -0.27695342 0.86304738 -0.08886964
v 0.26515453 0.87122639 -0.09325954
v 0.11787774 0.88908599 -0.07921868
v -0.16194792 0.89386086 -0.07383563
v 0.21202017 0.89595435 -0.09891392
v 0.03939167 0.89794103 -0.07852053
v 0.19938170 0.89830642 -0.09185126
v 0.29941672 0.26342873 -0.08731022
v 0.35128427 0.33098021 -0.09470310
v 0.27444853 0.39741747 -0.08953509
v 0.20336365 0.42948016 -0.09011625
v -0.23073265 0.52482932 -0.09493437
v 0.06471046 0.89645854 -0.09390728
v 0.18286398 0.00678625 -0.08277247
v -0.30354420 0.26125051 -0.08855400
v -0.28276717 0.26985336 -0.09496922
v 0.28865262 0.38445538 -0.09681327
v -0.28349945 0.59596747 -0.10422237
v -0.37953117 0.73808618 -0.09171358
v -0.33306554 0.79607637 -0.08973104
v -0.24371679 0.88569587 -0.08583951
v -0.08754645 0.89403137 -0.09298054
v -0.07538320 0.00287097 -0.09356603
v -0.08148094 0.00167246 -0.08464478
v 0.02618825 0.06473489 -0.07365693
v 0.32921509 0.37167302 -0.07660029
v -0.24435980 0.41312552 -0.09452592
v -0.19146172 0.50362535 -0.10669952
v 0.29364640 0.61803512 -0.07142423
v -0.29860852 0.62297002 -0.08375730
v -0.29506292 0.84630180 -0.08000894
v -0.26418943 0.87336026 -0.08672106
v 0.13639695 0.88808657 -0.05818364
v -0.10659125 0.89074170 -0.08448879
v 0.17112811 0.89441308 -0.09275659
v -0.21947497 0.89574205 -0.07120314
v -0.04018225 0.89788366 -0.06720832
v -0.00572301 0.89860006 -0.09623769
v 0.00961056 0.89850113 -0.07478208
v 0.02043991 0.89831562 -0.05447223
v -0.03849882 0.00625025 -0.07549158
v 0.13618600 0.00102184 -0.07690584
v 0.22885276 0.13002716 -0.08004716
v -0.23415925 0.28225714 -0.08526509
v -0.25991142 0.41036896 -0.07383515
v -0.22424741 0.42445543 -0.07965835
v 0.22902486 0.42257244 -0.07044537
v -0.17584415 0.44459204 -0.07319959
v 0.36937571 0.64095328 -0.07280666
v -0.39012142 0.69628001 -0.05195282
v -0.35237632 0.77086096 -0.05948913
v -0.32228536 0.81046320 -0.09662593
v -0.30515341 0.83501075 -0.06632490
v 0.15006801 0.89012044 -0.06853905
v -0.15089616 0.00253910 -0.08536311
v -0.00312653 0.06417968 -0.07963247
v 0.34472037 0.35605378 -0.08289224
v 0.23101257 0.41851669 -0.09410546
v 0.20740926 0.42908862 -0.07970575
v -0.20665821 0.43125723 -0.07533054
v 0.29312498 0.61504483 -0.04797700
v -0.33086474 0.62405897 -0.07613077
v -0.35431492 0.63503771 -0.08736346
v 0.38162405 0.65819856 -0.08221170
v -0.23864663 0.88956205 -0.06044581
v -0.12126857 0.88820264 -0.08009031
v -0.09465422 0.00080785 -0.07546212
v -0.04847196 0.00095631 -0.06027673
v -0.18677375 0.01142351 -0.07635553
v 0.21323675 0.07057283 -0.07606997
v 0.23266835 0.13998646 -0.06611981
v 0.37177546 0.33926365 -0.07303415
v 0.31056096 0.38423015 -0.06953791
v 0.28458857 0.39768241 -0.07105753
v 0.24012545 0.41786267 -0.07404120
v -0.26594212 0.56269795 -0.10132742
v -0.36477907 0.75587744 -0.06974239
v -0.34706803 0.77744941 -0.05760794
v 0.28793405 0.85445014 -0.06986742
v 0.28425362 0.85854737 -0.06534343
v -0.02794296 0.89815221 -0.10518354
v -0.14098820 0.00084223 -0.07314874
v 0.18215003 0.00392650 -0.06459237
v 0.22010463 0.10670048 -0.07842012
v 0.22026415 0.10959892 -0.08420324
v -0.23635004 0.28083387 -0.08416132
v 0.37555494 0.34310531 -0.06029762
v 0.28016245 0.40139453 -0.06290820
v -0.23918790 0.41814076 -0.08271187
v -0.19084337 0.43579800 -0.08523063
v 0.17278138 0.48379667 -0.07545391
v 0.20414759 0.50372490 -0.07109760
v -0.24351859 0.53459468 -0.08715582
v 0.35106416 0.62965260 -0.07833126
v -0.20327444 0.89876009 -0.06382888
v -0.06246850 0.89682248 -0.03717905
v -0.24005403 0.27187898 -0.06419231
v 0.36387310 0.34636369 -0.07328855
v 0.18546765 0.43758180 -0.05064635
v -0.31238978 0.82534043 -0.05341998
v -0.25532512 0.88150460 -0.05397868
v 0.12757588 0.88841024 -0.05101967
v -0.09686740 0.89268269 -0.07727634
v 0.00091078 0.89831525 -0.03405444
v 0.21577211 0.89681656 -0.07195452
v -0.05410424 0.00035903 -0.05354304
v 0.36387353 0.23888278 -0.06732436
v -0.30722985 0.38608169 -0.07543448
v 0.20730549 0.42991272 -0.06235412
v 0.22997512 0.52038135 -0.05468413
v 0.24983517 0.54092768 -0.07639850
v 0.27586563 0.57815253 -0.07568658
v -0.29704803 0.61885330 -0.05990339
v 0.09296439 0.89423677 -0.01088379
v -0.17492247 0.89791699 -0.05024394
v -0.18963373 0.89926184 -0.07028436
v -0.31521391 0.38455893 -0.04626649
v 0.31537307 0.38188974 -0.06658834
v 0.26390491 0.55918008 -0.07478508
v 0.33520861 0.62121668 -0.06602106
v -0.32816920 0.80280262 -0.06151822
v -0.28114450 0.86205494 -0.05161904
v -0.11519257 0.88983766 -0.04467699
v -0.03020473 0.89806895 -0.03582657
v -0.01021304 0.89827655 -0.03372060
v 0.05599541 0.00047857 -0.05621621
v -0.04062170 0.00414898 -0.05908690
v 0.02618895 0.06278113 -0.06269566
v 0.22170749 0.10500748 -0.03930618
v -0.36578972 0.23576933 -0.06376383
v 0.38438716 0.23367301 -0.05813148
v 0.32317892 0.24401840 -0.06166574
v 0.33817183 0.37062604 -0.04628650
v 0.34717272 0.36066887 -0.07125641
v -0.29629047 0.39271580 -0.07628205
v 0.30004700 0.39245445 -0.04801889
v -0.27770593 0.40312934 -0.06270447
v 0.26977758 0.40715990 -0.04933002
v 0.22489377 0.51574461 -0.04628663
v 0.25368514 0.54491805 -0.05619535
v 0.38556830 0.66212928 -0.05806768
v -0.33520468 0.79322127 -0.05637589
v -0.26099908 0.87765110 -0.06063053
v -0.12701973 0.88800156 -0.06179195
v -0.22447220 0.89515960 -0.04983122
v 0.09831414 0.89297381 -0.05325387
v 0.23763412 0.89057554 -0.04411045
v 0.06388625 0.89705704 -0.01713203
v 0.17633725 0.00086272 -0.04937775
v 0.02754196 0.06338314 -0.06441496
v 0.39078469 0.32875952 -0.05634836
v -0.37751660 0.34082189 -0.04764391
v 0.38209858 0.33873366 -0.04115131
v -0.23936777 0.41967033 -0.07059450
v -0.21171601 0.43008554 -0.05836713
v -0.18589984 0.44388995 -0.02534979
v 0.27343172 0.57338655 -0.05593305
v 0.28725753 0.60006226 -0.04256676
v 0.38478319 0.66156192 -0.06784572
v -0.13427889 0.88838377 -0.03443932
v 0.17547330 0.89702294 -0.05668663
v -0.04259360 0.89774411 -0.03577195
v 0.15634943 0.00056485 -0.06295604
v 0.23133522 0.13546254 -0.07128457
v -0.40836372 0.23808252 -0.05309880
v 0.24215724 0.26836825 -0.05615722
v 0.27585181 0.25555479 -0.03998606
v -0.35721279 0.35689524 -0.04356581
v -0.33776837 0.37012715 -0.05056120
v -0.23010889 0.42363711 -0.04979221
v -0.22074375 0.42688760 -0.04030027
v -0.24618817 0.53624180 -0.06835494
v 0.29889308 0.61763383 -0.05064686
v 0.38888669 0.71081332 -0.05522486
v -0.30836491 0.83094434 -0.04802473
v -0.24840299 0.88515154 -0.05455094
v -0.12762535 0.88820771 -0.04848491
v -0.13724981 0.88904152 -0.00957231
v 0.15271938 0.89203255 -0.02786764
v -0.14279994 0.00014894 -0.04201467
v -0.04282777 0.00144445 -0.03410013
v 0.16450681 0.00025709 -0.04591059
v 0.19766981 0.02107767 -0.04581313
v -0.23666657 0.26954834 -0.04759624
v 0.40532788 0.31765651 -0.03824490
v -0.31097105 0.38653601 -0.05345438
v 0.20203304 0.43158064 -0.05050769
v 0.26207824 0.55612720 -0.05991079
v -0.28068625 0.58606498 -0.05438623
v -0.31664478 0.61954656 -0.06013384
v -0.29492614 0.61654416 -0.04459721
v 0.36804602 0.63740621 -0.04767132
v -0.38418283 0.66075667 -0.05347873
v -0.33220630 0.79722485 -0.04963965
v -0.29836929 0.84457295 -0.02280625
v -0.11473051 0.89017424 -0.02132407
v 0.15013705 0.89148109 -0.02385878
v -0.15491846 0.89382364 0.00514691
v -0.11674726 0.00026243 -0.05357939
v 0.19283780 0.01164542 -0.05846820
v 0.20273565 0.03416748 -0.06277627
v -0.02188152 0.06244771 -0.04026877
v 0.21504648 0.07572307 -0.05328853
v 0.23722079 0.16004506 -0.03814306
v -0.31234907 0.24287600 -0.03393863
v 0.42272535 0.24738708 -0.02032613
v -0.25477838 0.26111252 -0.03145093
v -0.41933875 0.30075525 -0.03729221
v 0.30687022 0.38895759 -0.04501389
v -0.27584320 0.40462736 -0.04539947
v -0.18829159 0.43780219 -0.02463397
v 0.23336406 0.52285815 -0.04339240
v -0.23362354 0.52363503 -0.04082086
v -0.29115116 0.61072559 -0.05347879
v -0.32901432 0.62044527 -0.05896257
v -0.29986443 0.61698463 -0.03189631
v -0.36901892 0.63971102 -0.05494004
v -0.35459519 0.76776295 -0.02640307
v 0.13061273 0.88839736 -0.04741542
v -0.09291427 0.89385760 -0.03291565
v 0.17436407 0.89727624 -0.03641530
v -0.03911569 0.89807455 -0.01374387
v 0.03658163 0.89799538 -0.03218311
v 0.07052809 0.89641358 -0.03684289
v 0.15359140 0.00010285 -0.02707397
v 0.00045996 0.06175247 -0.03422495
v -0.22636381 0.12583758 -0.02578776
v 0.23054060 0.12957517 -0.03567449
v 0.32241393 0.24184871 -0.03468061
v 0.29560187 0.25011681 -0.04503444
v -0.34169783 0.36767864 -0.03665213
v 0.29699076 0.39411197 -0.03786068
v -0.28170630 0.40175218 -0.03713439
v -0.25575240 0.41353259 -0.04510506
v -0.24967697 0.41589645 -0.03819117
v 0.22603403 0.42394227 -0.03996636
v 0.20764146 0.50372553 -0.04850792
v 0.28423401 0.59301125 -0.03957608
v -0.28662010 0.59900438 -0.04394825
v 0.37959857 0.65056835 -0.02944256
v -0.28496496 0.85915011 -0.02957342
v -0.25603540 0.88174479 -0.03861645
v -0.20336543 0.89914406 -0.03610689
v -0.07781823 0.89571289 -0.03450194
v 0.19386632 0.01330532 -0.03564840
v 0.22234927 0.10591234 -0.01478999
v -0.36686640 0.23035227 -0.04150320
v 0.37329842 0.23139656 -0.03887942
v -0.27971879 0.25153670 -0.00904830
v 0.26341753 0.25915486 -0.03642033
v 0.43275209 0.26854353 -0.03500681
v 0.24910368 0.41536014 -0.00599959
v 0.18637935 0.43959071 -0.03977922
v -0.20722583 0.50410790 -0.05124235
v 0.29151641 0.61070584 -0.04160316
v 0.32445402 0.61687057 -0.01862641
v 0.36887936 0.63802255 -0.02719465
v -0.34662919 0.77799523 -0.03217735
v -0.30595806 0.83474877 0.00250781
v 0.16444586 0.89579502 -0.00194385
v 0.18603326 0.89939553 -0.02475028
v -0.09097869 0.00011970 -0.03937839
v -0.04865329 0.00064557 -0.03492048
v 0.41017143 0.23459681 -0.04282836
v 0.24354798 0.26503241 -0.03067953
v -0.35547444 0.35796602 -0.03200736
v -0.31776491 0.38257228 -0.02710891
v -0.29937868 0.39289675 -0.03563163
v 0.25606161 0.41279631 -0.02159482
v -0.23128501 0.42298942 -0.03740409
v -0.21931219 0.42691745 -0.02545994
v -0.19003512 0.49082450 -0.01027791
v 0.31653774 0.61744549 -0.04609314
v 0.38607453 0.66231583 -0.03104658
v -0.32580354 0.80647517 -0.02794597
v -0.27535009 0.86718607 -0.05776692
v -0.26688011 0.87504810 -0.00702770
v -0.12451188 0.88869955 -0.02780660
v 0.11953999 0.88955837 -0.03637479
v -0.20619919 0.89903422 -0.02618553
v -0.17807727 0.89901376 -0.01285720
v 0.18674117 0.00444175 -0.03126494
v -0.03294125 0.01259653 -0.03090376
v 0.03773070 0.00563567 -0.04237909
v 0.21108902 0.05881875 -0.02883551
v 0.38167394 0.23298302 -0.02594477
v -0.31316996 0.24448132 -0.01832100
v -0.23508175 0.26802254 -0.03079940
v -0.23327299 0.26571864 -0.02778076
v -0.39906222 0.32163864 -0.01911362
v -0.38250881 0.33649044 -0.01842039
v -0.35439527 0.35741603 -0.00399691
v -0.33380127 0.61823233 0.00096589
v 0.29387022 0.84997127 -0.01436165
v -0.02486269 0.89821941 -0.01891065
v 0.07618678 0.89597166 -0.03564577
v -0.19613729 0.89978686 -0.00202763
v 0.11290170 0.00011621 -0.00682010
v -0.32782223 0.24211827 -0.01972325
v 0.34505322 0.23851547 -0.02302088
v -0.22922427 0.26267714 -0.02740645
v 0.30499253 0.24603883 -0.02380430
v 0.23756807 0.26495367 -0.03258693
v -0.36898902 0.34706106 -0.01516954
v 0.34260681 0.62114042 -0.00522348
v -0.32012423 0.81491168 -0.00828782
v 0.28788202 0.85610846 -0.02558468
v 0.19374582 0.01200016 -0.01155793
v 0.19942327 0.02443673 -0.02818321
v 0.38029045 0.23435821 -0.02263815
v -0.42662631 0.26366053 -0.01270867
v 0.28890959 0.39750267 0.01117272
v 0.20909380 0.42824093 -0.00950441
v 0.19763277 0.43205874 -0.01584919
v -0.19048068 0.43705881 -0.03597225
v 0.21900995 0.51083058 -0.03635354
v 0.23326068 0.52247740 -0.03614461
v 0.23803030 0.89107620 -0.00972222
v 0.08099100 0.89565857 -0.02171953
v 0.17630629 0.00025312 -0.00739633
v 0.02166560 0.06190214 -0.02088051
v 0.23027138 0.12794070 0.00708130
v -0.38512005 0.23690622 -0.01718756
v -0.38812727 0.23381614 -0.02286229
v -0.36107143 0.23671057 -0.02107583
v 0.40443532 0.23736982 -0.01995279
v 0.35318453 0.23950274 -0.01896080
v 0.32448405 0.24312116 -0.01995388
v -0.38308673 0.33511883 -0.00145888
v -0.33654142 0.37111881 -0.03554447
v 0.28859730 0.39778840 -0.00755883
v 0.25812605 0.41175790 -0.00781568
v 0.18880234 0.46717351 -0.01659441
v -0.27873981 0.58167517 -0.03221473
v 0.29684176 0.61559832 -0.01409466
v -0.32317060 0.61710679 -0.01763973
v -0.37853278 0.65009024 -0.04010894
v 0.13279728 0.88904196 0.00375846
v -0.21234726 0.89880254 0.01778413
v 0.20307956 0.89931050 -0.04841124
v -0.16484803 0.00017647 -0.01811166
v 0.21893193 0.09051958 -0.01510247
v -0.28900049 0.24882831 -0.00116075
v -0.42233218 0.25415713 -0.01359080
v 0.27988251 0.25319690 -0.02279177
v -0.33660784 0.36983436 -0.00330165
v -0.30423489 0.38959870 -0.00698954
v -0.27507820 0.40430912 -0.00860195
v -0.26133841 0.40955193 0.02310805
v 0.22920635 0.42237216 -0.01842745
v 0.26941556 0.56480021 0.01043064
v 0.28617656 0.59588105 -0.00067553
v -0.38601476 0.71659537 -0.00596067
v -0.38124938 0.72801793 0.00098670
v -0.09065326 0.89469350 0.02337823
v 0.14323867 0.89037535 0.00869349
v 0.24808175 0.88620308 -0.01484796
v 0.08627939 0.00008991 -0.01036728
v 0.11687114 0.00022110 -0.03581751
v -0.38842508 0.23765073 -0.01619749
v -0.41282350 0.24510325 -0.01479227
v -0.40696654 0.24946540 -0.00725243
v 0.27371574 0.25484864 0.00167391
v -0.23712296 0.26678708 -0.02234721
v -0.18935429 0.43584324 0.00591370
v 0.22369804 0.51226111 0.00250490
v -0.21069241 0.50428373 -0.01947686
v 0.26351826 0.55663742 -0.00811596
v 0.37760943 0.73757009 0.00281637
v -0.35254501 0.77068175 -0.00286683
v -0.34634295 0.77857749 -0.00760243
v -0.28547389 0.85885675 -0.00178526
v -0.27411568 0.86925671 -0.01334792
v -0.24426838 0.88802482 -0.00139609
v -0.08336236 0.89556120 0.01655072
v -0.22488744 0.89580515 0.02207094
v 0.00395252 0.89879539 0.01424931
v 0.21910747 0.89744433 -0.00843754
v 0.20899550 0.89948283 0.00847199
v -0.09252826 0.00003117 -0.00396085
v 0.00168741 0.06138565 -0.01798934
v 0.22594382 0.11647641 -0.00577969
v 0.33608258 0.24225567 -0.01649234
v 0.37911848 0.24225024 -0.00811925
v 0.24048912 0.26569158 0.00302514
v -0.38732874 0.33143962 -0.00469023
v -0.36837422 0.34691282 -0.00330623
v 0.20069912 0.49616696 -0.00092826
v 0.27461954 0.57303773 0.01355335
v 0.37977427 0.73349956 -0.00838026
v 0.12181199 0.88969353 0.02024603
v -0.18460532 0.89954451 -0.00761387
v 0.07960320 0.00008060 -0.00267914
v -0.32492433 0.24469651 -0.00617249
v 0.35000730 0.24424863 -0.00265184
v 0.39848803 0.24519041 -0.00608829
v 0.27063138 0.40624679 0.01464581
v -0.29526632 0.61552862 -0.02816796
v 0.36791044 0.63727257 -0.00763959
v -0.35346270 0.77010908 0.03668614
v -0.33080427 0.79977989 0.01967503
v -0.30267723 0.83918804 0.02443431
v -0.25716908 0.88154803 -0.00956019
v -0.23998058 0.88985932 -0.00754592
v -0.05175594 0.89792626 0.01215573
v -0.03845385 0.89854004 0.02403616
v -0.13483125 0.00000152 -0.00646411
v 0.14954086 0.00000000 -0.00582320
v 0.18615886 0.00407468 0.00829546
v 0.23942614 0.22018656 -0.00600433
v 0.31242744 0.24490127 -0.01238722
v -0.40069751 0.31881751 -0.00046945
v -0.27565490 0.40321848 0.02899011
v -0.22321673 0.42416843 0.01455138
v -0.12497447 0.88875927 0.00671521
v -0.23221713 0.89318222 0.01930669
v -0.08961004 0.89473497 0.02026111
v -0.07474941 0.89652714 0.02808963
v 0.03091906 0.89818322 -0.03073049
v -0.06568071 0.00010732 0.00262226
v 0.22309859 0.10900650 0.00722340
v 0.22955052 0.12689792 0.01476833
v 0.37224077 0.24358648 -0.00607380
v -0.31573297 0.24267456 0.01826660
v -0.27875249 0.25281641 0.01661372
v -0.32695041 0.37570198 0.00831777
v 0.19146159 0.45359702 0.00784060
v -0.18849713 0.45519787 0.00708323
v -0.18334527 0.48544684 0.01486744
v 0.24721358 0.53515837 -0.00112584
v 0.27533767 0.57262242 0.04026381
v 0.38328200 0.65690362 0.00042080
v 0.38919875 0.67207703 -0.02752535
v -0.32534654 0.80740649 0.01241415
v -0.32035120 0.81453046 0.01692171
v -0.24803861 0.88615547 0.02538717
v -0.05483184 0.89788746 0.02311459
v -0.03992241 0.00297389 -0.00565932
v -0.02384617 0.06146963 -0.00363742
v 0.24046233 0.19056532 0.00164728
v -0.29366279 0.39507687 0.00041789
v -0.28439870 0.39950831 0.00971772
v -0.26460709 0.40830399 0.01801035
v -0.23712095 0.41959088 0.00508314
v 0.24753078 0.41525683 0.02674499
v 0.20322776 0.49699361 0.01624310
v 0.22792155 0.51589380 0.00408567
v 0.28686013 0.59729468 0.01006377
v -0.29951935 0.61611360 -0.00004324
v 0.30009346 0.61591259 -0.00024084
v 0.35254378 0.62630945 0.02215495
v -0.25863375 0.88047099 0.01125606
v -0.00671583 0.89889016 0.02512293
v 0.21886921 0.89767690 0.01688720
v -0.15979633 0.00005084 0.02657573
v -0.05297698 0.00022464 -0.00286275
v 0.16832957 0.00018150 0.04377278
v 0.17849880 0.00079546 0.03984271
v -0.03604188 0.00737101 0.03493601
v -0.34751055 0.24142265 0.01505465
v -0.26613958 0.25746926 0.02089137
v -0.41725470 0.29854709 0.01159213
v -0.23640048 0.41874577 0.03065058
v 0.25435938 0.54373722 0.00289698
v -0.33638198 0.61926526 0.00249783
v -0.31287434 0.82488330 0.02163250
v -0.29661405 0.84528154 0.05257527
v -0.27702815 0.86622230 0.02197601
v -0.17022657 0.89798698 0.04780377
v 0.04993355 0.89808949 0.01912654
v 0.07237512 0.89677299 0.05925966
v -0.13779359 0.00003451 0.01900680
v -0.10568685 0.00004852 -0.00286583
v 0.05333265 0.00040996 0.02372666
v 0.19092696 0.00767190 0.01768012
v 0.20155220 0.02921512 0.03875573
v 0.21310297 0.06588391 0.01241843
v -0.30383598 0.38909158 0.02632783
v -0.30560064 0.38748995 0.03474005
v 0.25165676 0.41401381 0.01380930
v -0.19147572 0.43331646 0.03118189
v 0.24815635 0.53563154 0.03719789
v 0.28711853 0.59778584 0.01663936
v 0.29387271 0.61346532 0.01582528
v 0.33675054 0.62023495 0.01621263
v 0.38025025 0.65192578 0.01536699
v -0.34479918 0.78088236 0.03311491
v -0.28826818 0.85482346 0.04211277
v 0.23801543 0.89112002 0.01661059
v 0.15219690 0.89262133 0.01232064
v 0.04135569 0.89838441 0.01537794
v 0.23505142 0.14907249 0.03015890
v 0.36074671 0.23983315 0.02308746
v -0.39122351 0.32777929 0.01954600
v -0.28524367 0.39831301 0.03362347
v -0.22286695 0.42300666 0.03650030
v 0.19422552 0.43209070 0.01948087
v -0.20940170 0.50260937 -0.00359398
v 0.28574762 0.59445814 0.02892713
v 0.38524146 0.66069747 0.01173942
v -0.01795412 0.89885809 0.02765996
v 0.12136063 0.00013089 0.02960894
v -0.20227034 0.04114454 0.01635424
v -0.32931975 0.24076648 0.03089752
v 0.34618816 0.23952049 0.03573187
v 0.39616625 0.24171585 0.03308182
v -0.40340838 0.24266750 0.02104525
v -0.30554960 0.24619344 0.03484440
v 0.28437917 0.25313873 0.03125599
v 0.23740543 0.26330361 0.00898861
v -0.37128263 0.34449395 0.02123863
v 0.38087096 0.33700078 0.02774861
v -0.27758462 0.57851759 0.01810124
v 0.36963630 0.63935151 0.01897669
v -0.36513761 0.75528458 0.03427491
v -0.30558375 0.83485409 0.02981694
v -0.25828667 0.88000339 0.03644233
v 0.07818226 0.00013680 0.04489388
v -0.27031377 0.25728575 0.03178136
v -0.41262752 0.30303675 0.02932044
v -0.40242049 0.31259204 0.04257660
v -0.37923098 0.33768743 0.03159930
v -0.32821815 0.37290174 0.04411203
v 0.31197619 0.38525245 0.03009322
v -0.27410286 0.40282620 0.04119737
v 0.18671938 0.43760733 0.02263802
v 0.27734961 0.57722596 0.03340711
v -0.34119228 0.62360553 0.05163820
v -0.36048333 0.76114760 0.02977201
v -0.28449936 0.85867138 0.03836963
v -0.11887039 0.88892620 0.06645369
v -0.21897771 0.89739450 0.02613438
v 0.17922912 0.89955951 0.06402997
v -0.17156130 0.00036237 0.02456640
v -0.11681817 0.00017920 0.04156404
v -0.06221786 0.00013060 0.02361924
v 0.17622741 0.00096137 0.04234149
v -0.21390245 0.08619780 0.03591412
v -0.21545570 0.42450203 0.04502493
v -0.18333244 0.43506313 0.04588428
v 0.21258953 0.50334269 0.04137842
v 0.30526958 0.61524011 0.00503402
v 0.37621651 0.64871520 0.05106676
v 0.31608809 0.82026850 0.04226769
v -0.11968249 0.88939330 0.03278808
v -0.16013655 0.89531825 0.04650810
v -0.05161010 0.89814350 0.03232594
v 0.05907626 0.89788137 0.08691917
v 0.08346863 0.89564645 0.02089571
v -0.05734177 0.00027048 0.05028151
v -0.04451085 0.00183469 0.03401381
v -0.17953880 0.00182862 0.01880122
v 0.04625996 0.00147888 0.03696407
v -0.39398708 0.24141606 0.03591511
v -0.37892141 0.23895494 0.02514103
v -0.36120247 0.35200697 0.03204723
v 0.24029986 0.41707978 0.03709019
v -0.38695201 0.71754187 0.04365782
v -0.37185724 0.74557043 0.03161199
v -0.33321553 0.79618977 0.03722475
v -0.27131888 0.87103459 0.02638171
v 0.26885976 0.87196748 0.05686946
v -0.23643647 0.89118441 0.03874623
v 0.06882883 0.89717561 0.09593041
v -0.19315456 0.90000000 0.05786357
v -0.03761928 0.00656267 0.03767470
v 0.20651627 0.04453741 0.03728636
v -0.20792223 0.06282269 0.06199997
v 0.22784432 0.12550578 0.04151350
v -0.36569228 0.24035742 0.03495102
v 0.37960038 0.23823582 0.02892567
v -0.40412480 0.24668548 0.03233579
v -0.27551486 0.25706251 0.04110560
v 0.23749376 0.26766830 0.03445169
v -0.38840883 0.32741704 0.04339168
v -0.34184109 0.36287456 0.04986822
v -0.25965428 0.40851718 0.04320501
v -0.23330287 0.52116656 0.03185661
v 0.25408413 0.54267994 0.02940179
v -0.28431465 0.59178932 0.03956909
v -0.29729399 0.61689248 0.03908110
v -0.30262631 0.61730183 0.04182664
v -0.13319101 0.88885614 0.04644825
v 0.16965333 0.89775571 0.06777333
v 0.01268406 0.89896171 0.04955984
v 0.17112393 0.89822219 0.03708629
v -0.19839605 0.89992182 0.07419521
v -0.18235928 0.89965403 0.04439691
v 0.13850384 0.00020565 0.04066899
v -0.02716488 0.06155527 0.04053920
v 0.33885169 0.24011760 0.04610951
v 0.29978876 0.24771736 0.02635969
v 0.27426913 0.25762358 0.03671715
v -0.23267489 0.27030319 0.03603991
v 0.40049751 0.26977980 0.03565315
v -0.38313887 0.33115775 0.04876539
v 0.20606207 0.42774531 0.03937171
v -0.27372900 0.57169678 0.03591670
v 0.35475716 0.63053228 0.05411347
v -0.35316715 0.62743504 0.03193673
v -0.32010544 0.81431654 0.04416202
v -0.24910241 0.88403433 0.05968684
v -0.13565060 0.88858516 0.05741703
v 0.09961338 0.89319157 0.04720757
v 0.22970761 0.89357041 0.05633789
v -0.01534336 0.89902236 0.05850610
v 0.08050209 0.00030344 0.06130623
v 0.02506297 0.06221930 0.03186835
v -0.21865750 0.10820593 0.03359371
v -0.32578417 0.24182139 0.04884572
v -0.27852767 0.39713718 0.05928934
v 0.27350912 0.40304605 0.04582108
v -0.24885423 0.41310820 0.04708291
v 0.22702569 0.51478022 0.02303374
v 0.23373629 0.52105311 0.04495916
v 0.29376218 0.61430289 0.04108542
v -0.29410082 0.61370399 0.03414900
v 0.38722353 0.66724767 0.03464034
v 0.27474498 0.86766839 0.04554639
v 0.13045875 0.88879461 0.05133847
v 0.07496348 0.89652130 0.08077232
v -0.05932796 0.00046231 0.05642122
v 0.16314239 0.00064694 0.05433220
v 0.16330077 0.00056349 0.04901787
v -0.33553356 0.24020775 0.04141588
v 0.23533008 0.26698795 0.03380713
v -0.23421826 0.27251985 0.04028196
v -0.29784318 0.38966437 0.04996252
v -0.23947460 0.41448813 0.05467137
v 0.20612402 0.42470340 0.06378240
v 0.20864615 0.42582797 0.05216347
v -0.17860612 0.48224981 0.03726926
v 0.21333781 0.50444123 0.06723757
v -0.25034677 0.53856529 0.04321037
v -0.37212708 0.74583710 0.04232444
v -0.36925771 0.75139340 0.07174430
v -0.36052645 0.76198307 0.05705682
v -0.23901159 0.88956062 0.04719514
v -0.22047824 0.89636838 0.06384835
v -0.16926442 0.00049883 0.04585946
v -0.03897477 0.00392540 0.05099430
v 0.22240041 0.11092459 0.04207575
v -0.23309008 0.16940801 0.06925347
v -0.31437677 0.24749309 0.05764171
v 0.26309387 0.26398140 0.04667568
v -0.17537897 0.47800460 0.04940676
v 0.38337373 0.65731299 0.03094033
v -0.10726673 0.89147938 0.04200501
v -0.21230547 0.89859062 0.05653628
v 0.21034359 0.89900695 0.06285542
v 0.02815207 0.06294359 0.06013326
v 0.00184441 0.06228384 0.04618218
v -0.35100261 0.23779743 0.04633383
v 0.39037767 0.23903336 0.04827220
v -0.32373813 0.24391870 0.05401597
v 0.31437571 0.24703172 0.05080885
v -0.28451675 0.25802920 0.05665039
v 0.29268725 0.25353211 0.04951367
v -0.32984529 0.36828692 0.05633581
v -0.22770195 0.41579793 0.06425968
v -0.22476300 0.41927695 0.05524910
v 0.22769972 0.51583393 0.05917210
v 0.24656238 0.53455626 0.07019623
v 0.33909334 0.62335263 0.05294195
v 0.38554059 0.66533717 0.05556913
v -0.33363163 0.79471123 0.06149266
v -0.25554178 0.87886019 0.07108845
v -0.16777111 0.89734610 0.05734121
v -0.01044489 0.89916380 0.07538884
v 0.03276270 0.89872974 0.06335061
v 0.15514262 0.00049746 0.05534927
v 0.18903906 0.00802610 0.04940939
v -0.03546026 0.00935397 0.04842114
v -0.03057014 0.05049420 0.05214350
v 0.03446369 0.05253090 0.08120841
v -0.20968198 0.06939405 0.05361978
v 0.23619815 0.16571795 0.06311870
v -0.38569142 0.23763448 0.05435209
v -0.34497895 0.23814617 0.04769479
v 0.34471304 0.24216255 0.06030478
v -0.29337703 0.25405363 0.05425942
v -0.26281076 0.26627546 0.05622933
v 0.23413724 0.27241659 0.05167467
v 0.20627048 0.49993079 0.07186268
v -0.22136925 0.51179528 0.06131283
v 0.28088967 0.58547270 0.07204517
v -0.26963976 0.86975219 0.06392313
v -0.15733921 0.89408311 0.07156267
v 0.22796178 0.89397950 0.06121343
v 0.05295855 0.89836651 0.09834697
v -0.16567085 0.00115166 0.05667485
v 0.07724969 0.00072463 0.07188105
v 0.22758999 0.13007405 0.06801937
v 0.23385436 0.15335791 0.06889112
v -0.22886536 0.15457925 0.08966004
v -0.35225717 0.23744896 0.05346181
v -0.38603971 0.24275391 0.06180548
v 0.39344689 0.24327011 0.05676484
v 0.32637711 0.24904776 0.06534671
v 0.26937177 0.26632925 0.06075037
v -0.31080172 0.37753125 0.06210253
v 0.26852375 0.56356719 0.07395302
v 0.26612596 0.55889450 0.05058968
v 0.38863386 0.71406682 0.05717586
v 0.38227127 0.73281107 0.07856104
v -0.08347626 0.89524826 0.07115127
v -0.05321739 0.89815249 0.11459154
v 0.02207496 0.89896137 0.06783662
v -0.08618201 0.00043122 0.06738796
v 0.04566162 0.00123739 0.03918152
v 0.17565047 0.00540484 0.07730177
v 0.19699110 0.02150285 0.06260488
v -0.35809315 0.24218317 0.06660978
v -0.32836319 0.24462484 0.06046012
v 0.31387874 0.25304467 0.06544389
v 0.38457627 0.26542175 0.06102517
v -0.39238159 0.27178107 0.06100715
v -0.23504227 0.27800215 0.05892550
v -0.17083268 0.47675504 0.06442978
v 0.17448087 0.47882922 0.05604281
v -0.20218951 0.49847894 0.07382439
v -0.27731957 0.57876866 0.06085334
v 0.29141013 0.60969320 0.06228913
v -0.33802813 0.62459349 0.06261608
v 0.33291116 0.62307379 0.06396568
v 0.36838824 0.64199439 0.06109539
v -0.38559926 0.66953882 0.07512914
v -0.24617431 0.88048903 0.09476765
v 0.01420294 0.89908935 0.07263051
v 0.17285265 0.89849905 0.06312137
v 0.19862615 0.89994327 0.06807743
v -0.15718221 0.00130135 0.06673320
v 0.13564891 0.00087847 0.07200774
v 0.15856631 0.00206005 0.07541895
v -0.22402794 0.13216766 0.07625422
v 0.36510010 0.24293270 0.06439933
v -0.28868284 0.26021959 0.06570723
v 0.29661540 0.25612013 0.06025884
v 0.29348337 0.26579277 0.07584801
v -0.37541091 0.27315098 0.07231158
v -0.26020885 0.27050476 0.06454175
v -0.22703637 0.28229841 0.06779576
v 0.23297223 0.27947917 0.06738902
v 0.23251762 0.41526472 0.06453545
v -0.17832615 0.42831498 0.07579976
v 0.26146014 0.55276154 0.06854513
v 0.27457863 0.57347946 0.07067276
v 0.29626690 0.61819970 0.06072354
v -0.32290982 0.61981314 0.05257455
v -0.35859627 0.76439669 0.08116971
v 0.23949649 0.88797195 0.07499220
v -0.14399581 0.89020856 0.06412667
v 0.15450334 0.89132767 0.10039519
v 0.22697893 0.89327295 0.08188545
v -0.07468033 0.00094651 0.07478759
v -0.06315503 0.00125287 0.07107310
v -0.04199904 0.00596492 0.06362960
v 0.20496589 0.04578282 0.08380656
v -0.36553495 0.24525495 0.06827507
v 0.34685337 0.24508787 0.06723531
v -0.33459138 0.24706557 0.06853797
v -0.31219648 0.25674963 0.07311338
v -0.27045705 0.26793876 0.06736457
v 0.24702156 0.40839186 0.06838354
v -0.17269297 0.48044407 0.06715907
v 0.28849275 0.60463202 0.08005297
v 0.32239264 0.62290853 0.07494002
v -0.29830054 0.62136312 0.07135556
v -0.35323063 0.77046311 0.07526196
v 0.14200531 0.88896023 0.08366026
v 0.13155294 0.88668440 0.10411662
v -0.03120990 0.89889387 0.07355083
v -0.15541726 0.00077296 0.06390914
v 0.13013982 0.00111684 0.07652856
v 0.19677551 0.02400564 0.07701262
v -0.31586330 0.25310896 0.06996469
v -0.27898476 0.27550377 0.08408017
v 0.23853496 0.28049917 0.06739539
v 0.19759361 0.49482813 0.07773470
v 0.22643945 0.51667050 0.09408684
v -0.32433450 0.62360981 0.07350238
v 0.34955176 0.63250070 0.07755675
v -0.32849188 0.79895126 0.07931167
v -0.16449083 0.89531181 0.09455512
v -0.06705627 0.89692814 0.11719077
v -0.02449322 0.89925247 0.09779707
v 0.03754961 0.89905450 0.10169111
v -0.11888675 0.00131648 0.07866439
v -0.10737879 0.00104337 0.07665506
v 0.16649188 0.00290784 0.07318373
v -0.04107718 0.01126816 0.08261698
v 0.04731082 0.00817012 0.09175493
v 0.18705482 0.00676651 0.05938581
v 0.03576610 0.02972506 0.07414472
v 0.27020852 0.27287634 0.07400632
v -0.23459135 0.29065742 0.08158003
v -0.22717226 0.51652397 0.06148889
v -0.32136055 0.62556380 0.08166342
v 0.34339922 0.63159123 0.08349320
v 0.37283566 0.65147076 0.07958362
v -0.38301074 0.72920663 0.09092303
v -0.22530515 0.89086924 0.09373101
v 0.21832954 0.89648152 0.08145185
v 0.19754809 0.89936748 0.09182077
v 0.07057191 0.00094075 0.07319200
v -0.15254275 0.00481581 0.09154392
v 0.05334051 0.00321189 0.07737660
v 0.03090217 0.06391534 0.08078989
v 0.32584357 0.26617266 0.07882903
v -0.25273914 0.28140058 0.07917928
v -0.22834398 0.29084855 0.08127930
v 0.23148756 0.52072529 0.08554305
v 0.29471434 0.62570984 0.09273778
v -0.29498563 0.62124651 0.07997444
v -0.33208002 0.63227236 0.09439759
v -0.35293732 0.63410956 0.07988156
v -0.37203454 0.65087725 0.08519202
v 0.38272295 0.66687265 0.08293599
v -0.33750730 0.78508408 0.09408552
v 0.09853443 0.89296404 0.08072399
v -0.18326017 0.89808921 0.09820520
v -0.12802210 0.00368477 0.09365463
v 0.15682995 0.00398868 0.08854950
v -0.18002283 0.01120385 0.08634136
v -0.21745318 0.12225776 0.09510875
v -0.29306641 0.27138670 0.08368623
v 0.27868801 0.27470452 0.08062556
v 0.23412000 0.29316159 0.08389378
v -0.17103357 0.43393823 0.07748609
v 0.19322616 0.49372903 0.09555839
v 0.19738007 0.49543706 0.08706108
v 0.30530911 0.62532810 0.08636940
v 0.38155097 0.73258370 0.09218393
v -0.34016860 0.78303834 0.08990736
v -0.04811551 0.89848050 0.11752798
v 0.02902207 0.89936180 0.11220042
v -0.06585058 0.00494686 0.09650240
v 0.06438352 0.00235349 0.08393864
v 0.16830361 0.00680910 0.09015106
v -0.19537697 0.02642262 0.07003421
v 0.26067454 0.28740506 0.08752696
v 0.27755595 0.58145907 0.09551854
v -0.32772598 0.62796106 0.08519776
v 0.32920221 0.62744953 0.08440075
v 0.37003805 0.65427622 0.09377920
v -0.37819237 0.66672941 0.10168505
v -0.37479808 0.74309423 0.09534731
v -0.12099146 0.88795018 0.09626852
v -0.15556879 0.89285150 0.08623786
v 0.09204165 0.89341435 0.11865518
v 0.06636364 0.00506178 0.09763945
v 0.18553916 0.01477035 0.09053341
v -0.02279185 0.06455873 0.07804931
v -0.22582392 0.15239174 0.10992473
v 0.16628107 0.43238709 0.08866146
v -0.16610674 0.44175874 0.09172621
v 0.16170148 0.47359061 0.09013012
v -0.16367833 0.47943675 0.09668376
v 0.24845431 0.53929551 0.10419517
v -0.27705854 0.58152555 0.10334156
v -0.38164343 0.72774562 0.10915268
v -0.13996328 0.88610658 0.11438669
v -0.09295168 0.89389631 0.06348388
v -0.03976243 0.89888848 0.10441682
v 0.08326845 0.00404543 0.09705973
v -0.04198310 0.02015031 0.10380035
v -0.19909266 0.04056957 0.09144180
v -0.00485699 0.06531012 0.09295454
v 0.00660182 0.06363575 0.07366109
v -0.16239362 0.47318258 0.08718939
v 0.24150688 0.53241997 0.10719214
v 0.34490074 0.63598210 0.09178389
v -0.36579399 0.75439442 0.09870003
v -0.35449824 0.76621580 0.10075189
v -0.08459546 0.00337792 0.09453253
v -0.06916222 0.00727188 0.10707216
v 0.08178067 0.00438978 0.09843668
v 0.12321196 0.00324160 0.09378070
v 0.05193245 0.01198819 0.10746821
v -0.17058089 0.01432664 0.10870780
v -0.00247497 0.06758017 0.11873954
v 0.21949283 0.12347637 0.10740055
v 0.22682227 0.13749723 0.09745715
v -0.22962106 0.18160395 0.11358886
v 0.26209153 0.31344909 0.10417134
v 0.22518548 0.30912131 0.09689740
v -0.22943378 0.52159705 0.11287937
v 0.32080335 0.62980533 0.09458439
v -0.33622936 0.63800215 0.10249519
v -0.34958658 0.64017856 0.09812205
v 0.36023405 0.64918795 0.09938157
v 0.38461461 0.67740078 0.09568888
v 0.13235185 0.88512129 0.12346065
v 0.15738570 0.88966288 0.11454683
v -0.09226771 0.89324481 0.12038675
v -0.15142254 0.00647194 0.09859091
v 0.03236419 0.06528987 0.09286566
v -0.27724654 0.31760642 0.10553941
v -0.22186561 0.31294156 0.10048432
v 0.22109393 0.31845430 0.10053374
v 0.15939845 0.42899696 0.09963018
v 0.20913890 0.50594534 0.11570221
v 0.31624269 0.64283396 0.11611860
v 0.32053946 0.63167525 0.09864185
v -0.36096393 0.65190603 0.10568426
v -0.36418897 0.65746889 0.11047001
v -0.32627337 0.79413156 0.10351967
v -0.14687368 0.88537641 0.12480853
v 0.07010566 0.00734489 0.10761145
v -0.04707896 0.01578198 0.10745433
v 0.16066458 0.00975938 0.10488601
v 0.17370495 0.01392784 0.10568104
v 0.04204012 0.02973660 0.11169587
v 0.03104251 0.06791429 0.11312498
v -0.23876011 0.32030943 0.10800847
v -0.14643833 0.47440487 0.11480691
v -0.24528963 0.53522832 0.09870909
v 0.26831072 0.56567937 0.09963100
v 0.37152045 0.66620734 0.10839217
v -0.38657983 0.69075532 0.10819346
v -0.22305494 0.88470058 0.12184982
v -0.19013536 0.89627713 0.10856186
v 0.00734396 0.89953429 0.11285456
v -0.04596762 0.02140340 0.11454072
v -0.03089362 0.06558227 0.09234801
v -0.21695654 0.12645574 0.10710854
v 0.18055365 0.48967800 0.11880064
v 0.19250684 0.49657549 0.12422658
v 0.26565062 0.56433004 0.11716021
v 0.30038749 0.63888097 0.11154624
v 0.34161417 0.64588062 0.11100496
v -0.10166934 0.89151584 0.11523278
v 0.10881401 0.89011523 0.11697852
v 0.07202755 0.00794415 0.10964072
v -0.06368112 0.01355682 0.12167659
v -0.00404906 0.06793568 0.12024262
v -0.21651274 0.13782563 0.12885117
v -0.20220237 0.50152024 0.11179138
v -0.36567473 0.66597916 0.11793377
v -0.37015521 0.68165575 0.12727563
v -0.05196783 0.89725738 0.16195843
v -0.01811350 0.89948959 0.11091928
v -0.06948373 0.01059836 0.11638315
v 0.19787744 0.04520508 0.11974308
v 0.21013534 0.06941214 0.10604711
v 0.22345974 0.51859153 0.12838728
v 0.24437656 0.53734314 0.12119092
v 0.35344155 0.65801313 0.11734282
v -0.37982281 0.68072587 0.11294380
v -0.12690839 0.01056464 0.11792593
v 0.06444224 0.01209048 0.11859753
v 0.04817713 0.02602924 0.12311229
v 0.03518748 0.06752038 0.11961416
v -0.17937379 0.48952258 0.11727232
v -0.19132779 0.49620633 0.11996134
v -0.27769465 0.58550226 0.11623911
v -0.34621420 0.66063179 0.12502876
v -0.36080821 0.66455299 0.12040744
v -0.36745929 0.67137581 0.12102133
v -0.36936033 0.68049238 0.12616328
v -0.12023284 0.88736693 0.12064771
v -0.07143266 0.89564011 0.14444750
v 0.11666700 0.01232752 0.12336275
v -0.14072237 0.01682213 0.12866199
v 0.05548649 0.02396287 0.13159878
v -0.18416574 0.03549124 0.12790135
v -0.19577810 0.04985115 0.12511911
v -0.19905894 0.05764294 0.12711655
v -0.02552254 0.06857341 0.11923010
v -0.22140861 0.15507514 0.13334586
v 0.14135531 0.47300299 0.11987487
v 0.22111778 0.51855072 0.13930037
v -0.24419849 0.53778862 0.12698724
v -0.28833262 0.61410816 0.11996352
v -0.29817732 0.65443455 0.12558898
v 0.30534676 0.65237069 0.12509295
v -0.32413256 0.66126119 0.12944482
v 0.33286987 0.65144284 0.11999251
v 0.06291725 0.89737639 0.12259893
v 0.06628199 0.01529653 0.12502246
v 0.07590408 0.01676872 0.13246831
v 0.11087079 0.01553030 0.13172287
v -0.05151778 0.02452165 0.12869074
v 0.05917902 0.01788402 0.12566657
v 0.15961723 0.02001110 0.12732386
v -0.15500425 0.02205212 0.13276760
v 0.16801899 0.02326571 0.12810633
v -0.17518722 0.02121673 0.11789248
v -0.17228184 0.03290286 0.13707065
v 0.04889168 0.03689762 0.13696031
v -0.19050623 0.04385156 0.12854378
v -0.02091842 0.07029424 0.13461147
v 0.18753136 0.49502542 0.12988643
v 0.21098853 0.50962912 0.13021089
v -0.22784175 0.52215190 0.12732977
v -0.23044530 0.52557719 0.13408926
v 0.25899897 0.55683309 0.12808220
v -0.27865682 0.59455856 0.14063727
v 0.11974909 0.88492146 0.15392227
v -0.08714215 0.89388289 0.12609073
v -0.03963210 0.89863936 0.15315247
v -0.02738814 0.89928550 0.15313205
v 0.07280631 0.89563498 0.14013424
v 0.11056135 0.01833259 0.13733788
v -0.20253090 0.06867485 0.13037496
v -0.03403777 0.06942602 0.12413853
v -0.21056550 0.11746382 0.14545026
v 0.13614956 0.46966730 0.12370175
v -0.13139349 0.47124646 0.12845334
v 0.16767376 0.48612802 0.13472011
v -0.16588422 0.48636750 0.13666178
v 0.18169092 0.49287045 0.13641063
v -0.28335108 0.60661237 0.13872350
v -0.28519388 0.61297630 0.14029020
v -0.35619773 0.67013915 0.12797430
v -0.09192404 0.89211128 0.15004027
v 0.02668045 0.89933369 0.15156247
v -0.05948517 0.02096357 0.13119620
v -0.19260137 0.05646510 0.13961850
v -0.12725165 0.43340018 0.13948442
v -0.12396778 0.46673018 0.13413121
v 0.12522826 0.47082618 0.13161317
v 0.24004315 0.53589023 0.14153047
v -0.27104919 0.57825627 0.14153552
v -0.29513514 0.65956404 0.13139146
v 0.33497710 0.66305702 0.12922026
v -0.29744999 0.66322159 0.13208901
v -0.36176398 0.68062980 0.13178194
v -0.09227448 0.01775852 0.13716463
v -0.15419610 0.02941349 0.14382117
v 0.18013658 0.03554994 0.13588597
v -0.18664568 0.04753360 0.13880545
v -0.19513637 0.06741937 0.14606885
v -0.19918665 0.08544604 0.15380126
v -0.20827349 0.10711584 0.14542431
v -0.12025078 0.47093866 0.13850932
v -0.13047124 0.47796965 0.15846150
v 0.13606242 0.47369807 0.12884409
v 0.15041310 0.48044494 0.14021868
v -0.20970726 0.50995145 0.13756450
v 0.32220322 0.67471097 0.13664539
v 0.13266638 0.88130516 0.15485159
v 0.04561927 0.89822941 0.15710468
v -0.05989460 0.02855649 0.14392528
v 0.14483071 0.02741037 0.14517689
v 0.06635909 0.02923493 0.14834863
v -0.17558725 0.03852369 0.14055098
v -0.11844489 0.47129331 0.14098050
v 0.24550944 0.54199541 0.13849577
v -0.25840327 0.55853133 0.14365409
v 0.25843232 0.55939525 0.14159167
v -0.28562661 0.62800622 0.16072706
v -0.09254152 0.02204870 0.14503361
v 0.16337943 0.03236832 0.14392339
v -0.17629242 0.04212818 0.14390511
v -0.18093398 0.05415768 0.15167892
v -0.18851633 0.05906593 0.14806540
v -0.02299791 0.07244990 0.14612402
v 0.00322647 0.07192825 0.14799682
v 0.01896243 0.07036593 0.13711595
v -0.21142229 0.13708477 0.15138989
v -0.15906885 0.48457492 0.14283822
v -0.23576949 0.53409567 0.15007168
v 0.25125900 0.54948250 0.14223715
v -0.27503497 0.59133362 0.15445590
v -0.13983901 0.87939057 0.15246720
v 0.10002937 0.89008259 0.15316625
v 0.06714095 0.03112915 0.15056665
v 0.14988666 0.03280435 0.15062977
v -0.15184871 0.03864541 0.15536446
v 0.05922267 0.03439651 0.14811800
v 0.05431322 0.03412455 0.14245916
v -0.16677199 0.04609547 0.15496266
v -0.17578250 0.04533307 0.14759255
v 0.05288375 0.04591357 0.15041372
v -0.00860258 0.07207346 0.14804331
v 0.02508636 0.07387594 0.15461496
v 0.04286107 0.07389694 0.15137401
v -0.10585636 0.43200186 0.15377955
v 0.14118157 0.47721653 0.13911972
v -0.16583445 0.48842287 0.14753542
v 0.21975212 0.52138596 0.15607978
v -0.07075335 0.89345887 0.17834488
v 0.12622988 0.02791966 0.15087840
v 0.16300453 0.04285580 0.15572562
v -0.17576013 0.04890482 0.15100545
v -0.18246426 0.05975017 0.15493246
v -0.04187317 0.07342510 0.14952630
v -0.20179194 0.10166479 0.15882084
v -0.08955918 0.41441965 0.15112899
v 0.08742856 0.46428055 0.15208599
v 0.15486120 0.48612370 0.16174139
v 0.21194481 0.51678044 0.16336495
v -0.11679037 0.03152163 0.15688483
v 0.11325546 0.02751187 0.15247572
v -0.18767902 0.06972653 0.15791744
v -0.02288447 0.07713219 0.16806159
v -0.00203246 0.07493138 0.16387018
v -0.19546660 0.08401737 0.15821837
v 0.07856687 0.41402963 0.15355575
v -0.07850129 0.46514739 0.15583105
v 0.16102488 0.48653697 0.15206082
v -0.15618570 0.48639442 0.15661993
v 0.19236471 0.50537826 0.16673869
v -0.18550230 0.50258080 0.16860808
v -0.26171183 0.57228566 0.17169777
v -0.27143861 0.59085947 0.17107285
v -0.07841900 0.89083438 0.19062691
v -0.06099191 0.89544335 0.16980763
v 0.02727450 0.89800566 0.18457523
v -0.00762958 0.89947005 0.16478037
v -0.13302637 0.03624664 0.15905049
v 0.06294026 0.04165535 0.15899975
v 0.16386972 0.04834057 0.16043351
v 0.05519454 0.05253506 0.15855365
v -0.04458538 0.07525720 0.15922896
v 0.04884734 0.07930116 0.17035718
v -0.20460763 0.11260573 0.15903544
v -0.05500809 0.41140538 0.15869863
v 0.11654340 0.47466376 0.15942390
v 0.13815461 0.48028478 0.15956689
v 0.18410620 0.50257077 0.17375631
v -0.22930344 0.52996906 0.15727127
v -0.23959257 0.54344389 0.16958797
v 0.26027855 0.56680934 0.15639669
v -0.27384738 0.58943274 0.15578211
v -0.09953810 0.88775506 0.17521150
v 0.00405570 0.89961146 0.16138541
v 0.01553108 0.89890407 0.17528899
v -0.06722146 0.03852908 0.16000634
v 0.14172621 0.03843964 0.16020858
v 0.03479548 0.07679711 0.16377618
v -0.18917756 0.08987774 0.16957728
v 0.05250255 0.41900421 0.16625865
v 0.16929482 0.49284491 0.16357295
v -0.19222802 0.50936378 0.17840087
v -0.21659385 0.51995067 0.15913638
v 0.24686293 0.54723097 0.15517768
v -0.26133391 0.56830142 0.16161323
v 0.13228052 0.87956409 0.16751212
v -0.10242857 0.03414258 0.16218682
v 0.11352159 0.03434019 0.16131037
v -0.12373202 0.04443436 0.17018076
v 0.07288565 0.04320875 0.16782330
v -0.12206471 0.04719304 0.17348750
v 0.05140853 0.06121066 0.15686946
v 0.03921249 0.07840569 0.16806537
v -0.20513122 0.17111307 0.17535166
v -0.01522547 0.40009881 0.16344315
v -0.01724918 0.42051282 0.17909164
v -0.04078695 0.41556017 0.16453533
v -0.02279056 0.46382544 0.16566994
v -0.02314630 0.46463285 0.16577058
v 0.06739091 0.46743723 0.16181946
v 0.14087552 0.48309334 0.16920190
v -0.14597887 0.48598752 0.17149910
v -0.17429466 0.49522919 0.16173480
v -0.11156582 0.03898035 0.16681588
v 0.06240463 0.05328284 0.16851782
v -0.16625111 0.05704597 0.16458361
v -0.17821608 0.06784484 0.16486173
v -0.04832518 0.07962032 0.17080838
v -0.18320308 0.08265049 0.17083291
v -0.07055027 0.43162190 0.16647094
v 0.02236271 0.46407135 0.16769955
v -0.06528987 0.46721115 0.16129272
v -0.09463480 0.46877822 0.15193667
v 0.11275043 0.47618885 0.17199225
v -0.22625885 0.53297204 0.17499930
v -0.23444540 0.54048324 0.17496976
v -0.08242046 0.04146080 0.16990297
v -0.13505528 0.06052598 0.18074931
v -0.05858491 0.04559298 0.15989082
v -0.01542088 0.40403609 0.17190594
v 0.03354929 0.39754771 0.17499445
v -0.02579081 0.46751394 0.17301425
v 0.10652240 0.47594349 0.17622326
v 0.22798785 0.53497238 0.17687683
v -0.23120246 0.53573221 0.17007267
v 0.07399330 0.89270166 0.17933272
v -0.00872894 0.89782165 0.18831439
v 0.12629184 0.04409632 0.17019292
v 0.05883482 0.07880202 0.18068521
v 0.02500379 0.07922614 0.17462218
v -0.07719522 0.47150286 0.17701434
v -0.09785015 0.47348692 0.17231158
v 0.11326040 0.47809450 0.17939253
v 0.12673189 0.48454266 0.19046565
v 0.14494042 0.48846163 0.18404060
v 0.15763827 0.49349360 0.18535197
v 0.17282226 0.49697189 0.17399388
v 0.19871421 0.51234480 0.17683590
v 0.20618135 0.51724647 0.17644732
v -0.21033611 0.52136387 0.17843592
v -0.23855625 0.54743116 0.18214120
v 0.26149051 0.57441402 0.17100497
v -0.25323883 0.77761235 0.18604826
v -0.13443380 0.88159538 0.14976115
v 0.11860692 0.88173457 0.18111164
v -0.08374582 0.05342821 0.18078435
v 0.09808774 0.05858661 0.18698043
v 0.01417212 0.08181161 0.18366624
v 0.19615712 0.11794031 0.17778488
v 0.05449158 0.38748396 0.18735906
v -0.01720578 0.41208083 0.17741293
v 0.02283840 0.40753373 0.17519028
v 0.01567057 0.46782012 0.17951797
v 0.01705892 0.46255825 0.17535657
v -0.07283749 0.47135171 0.17859620
v -0.06845165 0.47142208 0.18112573
v -0.01384923 0.46869738 0.18174807
v -0.10122809 0.47660458 0.18312768
v 0.26391072 0.58727711 0.18560908
v -0.10709564 0.88524088 0.17782486
v 0.04417739 0.89640340 0.18109754
v -0.05551700 0.47099813 0.18447927
v -0.02918431 0.46845916 0.17750917
v 0.01581542 0.46864347 0.18196243
v -0.12264282 0.48176130 0.18382150
v -0.15227795 0.49200164 0.18450937
v 0.17248621 0.50077750 0.18669989
v -0.20837424 0.52279231 0.18564683
v -0.26293352 0.58753798 0.19096858
v -0.20479649 0.83124034 0.20100500
v -0.05357021 0.89437715 0.18854584
v 0.04747106 0.89413279 0.19454759
v -0.15882477 0.08724319 0.18770681
v -0.02762760 0.08368785 0.18541252
v -0.19455452 0.14963195 0.18566218
v -0.03915125 0.39838078 0.18556952
v -0.02389512 0.40413430 0.18738967
v 0.08000118 0.47454959 0.18964837
v -0.09842444 0.48003027 0.19763184
v -0.13722450 0.49013742 0.19583484
v 0.19592142 0.51749896 0.19540429
v -0.24997662 0.56274737 0.18549263
v -0.27329064 0.61622543 0.19360548
v 0.16924576 0.85916626 0.18980679
v -0.11564050 0.87805289 0.20130174
v -0.09589212 0.88631870 0.19136356
v 0.10535197 0.88386907 0.18970934
v 0.06224783 0.08786971 0.19227835
v 0.06796165 0.47300341 0.18893551
v 0.13903541 0.48847321 0.19037504
v 0.16182860 0.50005572 0.19827360
v -0.21082682 0.53129069 0.19957349
v -0.24336073 0.55809933 0.19200204
v -0.25298058 0.57770359 0.20149411
v -0.26748483 0.60769400 0.20087522
v -0.13085062 0.87430437 0.19564302
v -0.09015097 0.06685758 0.19154302
v 0.06997600 0.47632614 0.20034062
v -0.20155604 0.52402509 0.19939454
v 0.21094893 0.52652632 0.19153296
v -0.22230241 0.53938359 0.19663853
v -0.22898442 0.54876055 0.20239822
v -0.14850280 0.86752720 0.19515198
v -0.13755382 0.87188058 0.19832221
v 0.05362058 0.47331592 0.19496813
v 0.08668581 0.47783036 0.19773757
v 0.14772583 0.49468919 0.19924030
v -0.16493184 0.49811341 0.18791604
v 0.18842358 0.51610247 0.20268270
v -0.15289222 0.86077042 0.20932091
v -0.11873108 0.87373690 0.21199673
v 0.12578410 0.08868934 0.20075212
v -0.07758248 0.47459740 0.19195273
v -0.05138362 0.47295197 0.19443678
v 0.02063202 0.47388490 0.20275860
v 0.09084892 0.48148011 0.20686423
v -0.09406442 0.48325598 0.20988136
v -0.16896563 0.50311885 0.19568037
v -0.23724785 0.55496167 0.19860888
v -0.24758695 0.56890195 0.20047732
v -0.04514388 0.89138466 0.20792854
v -0.07066467 0.09452447 0.19983558
v 0.06754715 0.10013981 0.20283155
v -0.07645309 0.47701248 0.20106773
v -0.11218467 0.48497666 0.20331147
v -0.12068462 0.48584161 0.19902584
v 0.15542974 0.49643070 0.19637638
v -0.18782137 0.51624006 0.20229909
v -0.21442341 0.54103369 0.21080030
v 0.24095340 0.56146838 0.20121224
v -0.25784653 0.59435492 0.20937856
v -0.26363710 0.62259852 0.21891789
v -0.13153167 0.87107554 0.20623174
v 0.11619390 0.09318116 0.20405862
v -0.14681790 0.16218599 0.21087211
v 0.00569004 0.47661910 0.21340523
v -0.06579630 0.48085352 0.21588855
v 0.02699669 0.47677280 0.21180637
v 0.22570248 0.54825094 0.20735519
v -0.23833675 0.56780333 0.21408645
v -0.23883803 0.57254379 0.21882208
v -0.25257831 0.58995696 0.21488764
v -0.03373220 0.11126187 0.21237453
v -0.08263432 0.12029271 0.21281332
v -0.05383698 0.31943588 0.21511754
v 0.12919488 0.49901543 0.22387009
v -0.11579566 0.49065909 0.21515334
v 0.13348084 0.49280332 0.20661997
v -0.16583105 0.51061068 0.21589703
v -0.22204656 0.54689819 0.20946467
v -0.22834668 0.55464452 0.21189451
v -0.24581195 0.57828110 0.21453749
v -0.24992023 0.58986901 0.21919284
v 0.14899305 0.86098708 0.21164489
v -0.06640700 0.88752554 0.21063189
v 0.11373205 0.13202783 0.21457040
v -0.04273273 0.30323640 0.21570151
v -0.04508598 0.31630457 0.21926567
v -0.07690963 0.48543251 0.22319066
v -0.08923375 0.48754202 0.22309277
v -0.12537463 0.49262267 0.21296267
v -0.11694326 0.49495223 0.22428588
v -0.14166307 0.49747518 0.21082321
v -0.14636772 0.50448192 0.22158568
v -0.19985417 0.53646969 0.22168038
v -0.20884202 0.54117643 0.21816035
v 0.00774668 0.11950681 0.21778685
v 0.02771560 0.29092235 0.21698982
v 0.06131643 0.48373531 0.22302934
v 0.08554735 0.49086764 0.23022601
v -0.10715673 0.49014737 0.21930142
v 0.12925845 0.49816918 0.22162760
v 0.13617866 0.50061346 0.22132972
v -0.19103213 0.52801146 0.21939786
v -0.23211716 0.56236337 0.21642834
v -0.23973179 0.57488919 0.21958443
v -0.24538152 0.58608398 0.22209554
v -0.07897735 0.15080838 0.22015604
v 0.03972682 0.48303902 0.22712275
v 0.05347223 0.48189955 0.22065890
v -0.25501341 0.60534834 0.22237314
v 0.15798220 0.51290660 0.22692283
v -0.16875259 0.51595609 0.22187709
v -0.17266259 0.52588022 0.23334097
v 0.17837135 0.51980873 0.22111868
v 0.18954371 0.52736062 0.22180266
v -0.22422997 0.56148776 0.22543017
v -0.24931754 0.60367928 0.22923074
v -0.09259277 0.49071243 0.22773378
v 0.09476432 0.49287397 0.22994519
v -0.17925681 0.52670210 0.22879647
v -0.18332920 0.53334968 0.23388365
v -0.18961341 0.53906033 0.23522028
v -0.24027908 0.58291014 0.22595836
v -0.24036708 0.59761404 0.23596115
v -0.04342647 0.48330728 0.22721062
v 0.07073248 0.49134214 0.23611302
v 0.10243000 0.49769516 0.23518619
v -0.14307787 0.51377787 0.23860302
v 0.14422348 0.51128719 0.23457310
v 0.19437004 0.54899365 0.24273440
v -0.20684021 0.55095216 0.23241877
v -0.21190892 0.56544231 0.24108093
v -0.23057059 0.57818799 0.23326099
v -0.08019328 0.49927714 0.24738659
v -0.16194863 0.51937196 0.23309736
v -0.19232720 0.54452293 0.23877952
v -0.19791818 0.55137696 0.24087876
v 0.05039579 0.49165548 0.24177580
v -0.05821751 0.49396020 0.24512007
v -0.06936705 0.49226542 0.23956749
v 0.12161237 0.50718298 0.24083574
v -0.12648510 0.51416648 0.24854822
v -0.17571878 0.53368628 0.24031315
v -0.22190032 0.57511704 0.23943005
v -0.22988400 0.59408714 0.24434508
v -0.23453607 0.60854423 0.24721838
v -0.04685348 0.48934571 0.23905614
v -0.04946376 0.50259560 0.25970826
v 0.09501637 0.50492241 0.24930885
v 0.11659648 0.51089966 0.24863760
v 0.14167739 0.51950086 0.24686899
v -0.18433437 0.54909621 0.24955570
v -0.16992081 0.53620663 0.24736670
v -0.18166399 0.54023171 0.24307819
v 0.18952477 0.55255181 0.24955274
v -0.19488367 0.55847052 0.24951311
v -0.20305737 0.56120242 0.24519993
v -0.20721249 0.57340488 0.25062671
v -0.23011876 0.60409122 0.24893590
v 0.03694986 0.49728596 0.25296040
v 0.03751831 0.49241225 0.24542368
v -0.15809848 0.53509423 0.25393507
v 0.04907863 0.50288568 0.25886217
v 0.07332812 0.50183652 0.25190350
v 0.08404987 0.50496755 0.25290596
v -0.10245476 0.50396126 0.24618673
v -0.14360605 0.52877443 0.25622244
v -0.15507767 0.53032496 0.25107570
v 0.17057305 0.54949526 0.26020874
v 0.15804707 0.53713449 0.25665987
v -0.08928181 0.51028290 0.25945634
v 0.08783822 0.51037303 0.25865034
v 0.09131731 0.51325180 0.26096066
v -0.10682765 0.51618175 0.25988830
v -0.11997028 0.52595729 0.26495923
v -0.12759447 0.53111724 0.26666068
v -0.13206451 0.53227724 0.26586966
v -0.16043835 0.55115707 0.26642600
v -0.17189683 0.55604060 0.26313555
v -0.19428499 0.57272343 0.25952613
v -0.20238749 0.59848848 0.26740981
v -0.02414976 0.50446756 0.26473444
v -0.10095671 0.52248648 0.26916233
v -0.15981442 0.54394276 0.26100361
v 0.04244347 0.51202424 0.27110382
v -0.07247960 0.51418858 0.26894339
v -0.07466772 0.51288479 0.26710997
v 0.09980844 0.51676037 0.26229436
v -0.17832286 0.57269025 0.27012665
v -0.11277795 0.52891006 0.27081881
v 0.02022370 0.50618537 0.26705930
v 0.04361348 0.52607754 0.28605403
v -0.09903232 0.52555977 0.27281155
v -0.01552915 0.51721700 0.28019855
v -0.08928377 0.53007634 0.28039474
v -0.08575090 0.53149591 0.28290869
v -0.08949167 0.54077537 0.28963611
v -0.12421715 0.55589274 0.28788760
v -0.12522110 0.57452898 0.29798627
v 0.01128694 0.52572073 0.28905757
v 0.06225127 0.54645667 0.29950928
v -0.09920668 0.56984269 0.30584230
v 0.12059399 0.57674204 0.30036602
v -0.00773203 0.55144214 0.31119693
v 0.06865452 0.55181967 0.30202029
v 0.07416860 0.56230763 0.30772551
v 0.12055098 0.67828324 0.30603950
v 0.09352795 0.57822916 0.31124574
v -0.10176557 0.67405698 0.31455615
v -0.10832466 0.69122343 0.32153505
v -0.08909188 0.62614326 0.32692654
v 0.01163224 0.57948550 0.32847536
v 0.07515141 0.61092902 0.32897915
v 0.02801153 0.60063439 0.33708707
v 0.05321610 0.60301588 0.33256792
v -0.04973775 0.61260907 0.33692829
v 0.00666407 0.59358625 0.33560016
v 0.03974532 0.59731312 0.33330654
v -0.06394124 0.61374408 0.33333942
v -0.01658187 0.60685175 0.33976958
v 0.01881945 0.61445538 0.34205371
v 0.04738151 0.62710820 0.33965685
v -0.04223823 0.61963704 0.34073119
v -0.00103842 0.68690591 0.34693772
v 0.01255425 0.68323075 0.35399455
v -0.04291266 0.62431549 0.34083077
v -0.02551961 0.62619446 0.34922923
v 0.02252951 0.63263769 0.34773202
v -0.01216715 0.67161611 0.35784172
v 0.00837058 0.68478007 0.35173967
v -0.01748954 0.62408825 0.34786001
v -0.00455087 0.63583679 0.34819512
v -0.01229932 0.63305414 0.34895177
v 0.00190802 0.16242846 -0.35520243
v 0.00809985 0.19227459 -0.35153849
v 0.00058169 0.12166419 -0.34185024
v 0.01228801 0.18971990 -0.34338138
v 0.01343402 0.18497962 -0.32354117
v -0.01173778 0.19274929 -0.32790412
v -0.00993419 0.19456643 -0.34414273
v 0.00057638 0.09648613 -0.32444408
v -0.01146055 0.17635985 -0.31783605
v 0.01097312 0.09836676 -0.32142690
v 0.01423420 0.12504268 -0.30946048
v 0.00063330 0.61195873 -0.31101460
v 0.01451836 0.14977385 -0.30658207
v -0.00019497 0.08179177 -0.30468523
v 0.01483936 0.14200269 -0.30088258
v -0.00179250 0.17977183 -0.30035549
v 0.01510061 0.11035065 -0.29755048
v -0.00646009 0.06016192 -0.29012202
v -0.00711937 0.14394118 -0.27250454
v 0.00620532 0.04798798 -0.29054176
v -0.00881158 0.07352921 -0.27865473
v 0.22956600 0.69310879 -0.28300058
v 0.01528669 0.09093598 -0.28130269
v 0.01326077 0.05492829 -0.27166522
v -0.01039733 0.12680939 -0.26521386
v 0.24666101 0.68906259 -0.26933162
v -0.01091060 0.09944082 -0.21560643
v -0.01037342 0.05534309 -0.28004351
v -0.24027486 0.76479652 -0.25608121
v 0.23734052 0.77393100 -0.25126975
v -0.01235927 0.07552787 -0.25233262
v 0.26731940 0.66937180 -0.24290027
v 0.26654417 0.69827601 -0.24421644
v 0.25294445 0.75773592 -0.24138068
v 0.24627450 0.76718487 -0.24485058
v 0.24080706 0.78243089 -0.23966037
v 0.24774804 0.78148666 -0.22946220
v -0.00620187 0.05507157 -0.21565320
v 0.26302561 0.75591744 -0.22167934
v -0.27558838 0.71550056 -0.22052547
v 0.25850449 0.75461594 -0.23332907
v 0.25578974 0.78041873 -0.21137882
v -0.24904968 0.78547477 -0.22564510
v -0.01279142 0.07771198 -0.18272249
v 0.27575221 0.70392584 -0.22296937
v -0.01331257 0.08294361 -0.19663551
v -0.21999058 0.82222054 -0.22451157
v 0.27893355 0.65915665 -0.21455542
v 0.28087324 0.64649817 -0.20285902
v -0.27800246 0.70542486 -0.21519237
v -0.01391414 0.09261118 -0.20379455
v 0.01185823 0.10175439 -0.21401841
v 0.28250007 0.68983105 -0.20492144
v 0.27138384 0.74256351 -0.20711429
v -0.26863301 0.75733290 -0.20093750
v 0.26517564 0.75879068 -0.20982584
v -0.23665860 0.81557254 -0.20388637
v -0.23315104 0.81770919 -0.20766922
v 0.01300840 0.06992428 -0.19575460
v 0.27713139 0.62888124 -0.20236115
v -0.27424287 0.73311740 -0.21078459
v 0.28411074 0.66473938 -0.19622233
v -0.26148017 0.77458128 -0.20379513
v 0.28262590 0.69050866 -0.20172652
v -0.28285034 0.72311949 -0.16866586
v -0.22586371 0.83512746 -0.18602055
v 0.20260511 0.17390678 -0.18890078
v 0.28343244 0.63907936 -0.18576792
v -0.28475828 0.71867505 -0.16399059
v 0.21352302 0.20453712 -0.17524431
v 0.27797418 0.62603077 -0.19791372
v -0.27770010 0.73607884 -0.18204329
v -0.25334856 0.80321920 -0.17112679
v 0.27759242 0.61091707 -0.18035220
v 0.28293510 0.62614442 -0.17479315
v 0.25096871 0.80662826 -0.17186046
v 0.21394911 0.16711373 -0.17369141
v 0.26730159 0.77072670 -0.17228339
v 0.21458165 0.12391499 -0.16301317
v 0.21918243 0.15608415 -0.15959565
v 0.28638032 0.64484969 -0.17494919
v 0.21494098 0.11701893 -0.15735530
v -0.21319172 0.13728521 -0.16383719
v 0.17103551 0.36277881 -0.15796661
v 0.29165153 0.65771721 -0.14778060
v -0.20761178 0.10744017 -0.16441388
v 0.21601108 0.25730525 -0.15772716
v 0.19389322 0.31352654 -0.16165521
v -0.21692527 0.25166862 -0.15409589
v 0.09804134 0.49616953 -0.16020295
v 0.27453013 0.59322019 -0.16148842
v -0.21555980 0.13353536 -0.14816249
v 0.22564793 0.18094662 -0.15195697
v 0.27540599 0.83597437 -0.15165103
v 0.22034982 0.14014605 -0.14428091
v 0.22615548 0.16874437 -0.14599988
v 0.22750923 0.21980325 -0.14347114
v -0.22070416 0.23451386 -0.15116507
v -0.20198930 0.32934475 -0.14341164
v 0.26817022 0.57738973 -0.15007041
v -0.27451599 0.85050290 -0.13963145
v 0.21434317 0.10637350 -0.15351758
v -0.21893301 0.25935139 -0.14456255
v 0.27974495 0.59530291 -0.13502164
v -0.31204198 0.80375614 -0.14261617
v 0.22792679 0.19701372 -0.14778446
v -0.30812699 0.81165208 -0.13922840
v -0.21052202 0.09142331 -0.14284893
v 0.22622128 0.25496325 -0.13166601
v -0.21295566 0.32261746 -0.12406785
v -0.32146781 0.79054995 -0.14563963
v -0.21533999 0.29648277 -0.13354581
v 0.26223286 0.56476286 -0.13540428
v -0.27642951 0.58485317 -0.12576925
v -0.29430319 0.64694518 -0.13368269
v 0.23000396 0.25163544 -0.11714124
v 0.28474715 0.60980348 -0.13577402
v 0.29329639 0.62681792 -0.10702969
v 0.38694661 0.70633270 -0.13028976
v -0.32735359 0.79803608 -0.12066203
v 0.22997949 0.22916205 -0.13053278
v 0.21857169 0.31128982 -0.12071762
v -0.27227857 0.57588092 -0.12022017
v -0.28549852 0.60505370 -0.12127861
v -0.04008286 0.06997871 -0.12096354
v -0.21545916 0.11282856 -0.11248009
v 0.23125806 0.15399499 -0.11540734
v 0.23446827 0.20510114 -0.11559770
v 0.38974862 0.71302604 -0.12227433
v -0.21570479 0.11710151 -0.11880071
v 0.22859673 0.15523273 -0.12880015
v -0.22255579 0.30578277 -0.10889184
v -0.15066751 0.46645452 -0.12228916
v -0.39103182 0.71252818 -0.10869620
v -0.36724695 0.75648313 -0.10851039
v -0.34526511 0.77816691 -0.12221375
v -0.33219142 0.79422105 -0.11417018
v 0.23256275 0.23831253 -0.11195458
v -0.22328867 0.29017553 -0.10405757
v 0.39190765 0.69278177 -0.11039423
v -0.38600347 0.72738994 -0.11666132
v -0.36165038 0.76130558 -0.11997356
v -0.29542042 0.84106951 -0.11173590
v 0.23462018 0.20556531 -0.11133830
v 0.15428671 0.48520362 -0.11203897
v -0.03792007 0.05834098 -0.10406980
v -0.03991999 0.06206347 -0.11127880
v 0.21358777 0.07993336 -0.11857239
v 0.22957765 0.14429655 -0.10939276
v -0.23310240 0.20960758 -0.09885524
v -0.15047238 0.48268621 -0.11529436
v -0.38993474 0.70111890 -0.11689820
v -0.27269198 0.86536504 -0.09943865
v 0.21599111 0.08830385 -0.09596787
v -0.22804709 0.27464164 -0.07565263
v 0.22738705 0.28470319 -0.09655796
v 0.28416417 0.59709468 -0.09572823
v -0.31877914 0.81384359 -0.10365440
v -0.20168884 0.04537540 -0.09812024
v 0.21991315 0.11562873 -0.10368453
v 0.16199264 0.48451442 -0.09938544
v -0.38920055 0.71835639 -0.10631972
v -0.34864504 0.77683476 -0.09194937
v -0.31589155 0.81888744 -0.09381165
v 0.20646932 0.04821321 -0.08999806
v 0.17176180 0.44181782 -0.08972512
v -0.28547283 0.59888854 -0.09233681
v -0.29272840 0.61754835 -0.07960828
v -0.38525968 0.72637734 -0.08732045
v -0.37484769 0.74609166 -0.09738800
v -0.23085141 0.15431434 -0.08987547
v 0.23626148 0.22716991 -0.08766155
v -0.22755849 0.27110317 -0.07854305
v -0.16286786 0.48827275 -0.09506628
v -0.37744516 0.65932718 -0.10248642
v -0.30139395 0.83930906 -0.07677785
v 0.19133249 0.01539595 -0.09599420
v -0.21253632 0.08329157 -0.07595907
v -0.21660986 0.10288532 -0.06882337
v 0.23768724 0.17773634 -0.07498649
v -0.23464240 0.20113719 -0.08486798
v -0.03323598 0.03002084 -0.07563173
v 0.03980594 0.02111923 -0.09881654
v -0.03125073 0.06511471 -0.08172820
v -0.22510758 0.12820946 -0.08008693
v 0.16758019 0.48533988 -0.08609860
v -0.37893426 0.73593241 -0.07477415
v -0.32392822 0.80841583 -0.08812155
v -0.31942018 0.81529111 -0.07411254
v -0.07618640 0.89557908 -0.07858371
v -0.19710118 0.03248630 -0.09491299
v -0.22784090 0.14016285 -0.09258213
v -0.23324749 0.22554038 -0.08554441
v 0.23730013 0.19805247 -0.09072632
v 0.23240377 0.27161397 -0.07441488
v -0.39126341 0.68912957 -0.10380346
v 0.38999678 0.71843168 -0.09705179
v 0.03448275 0.02021025 -0.06813949
v 0.03285216 0.06184998 -0.07800272
v -0.02654060 0.06339319 -0.07382541
v 0.22704381 0.12305347 -0.06864899
v -0.22953070 0.14185653 -0.07472895
v 0.23808799 0.18316671 -0.07217216
v -0.23220146 0.23864082 -0.07878681
v -0.29517703 0.62157594 -0.08191425
v -0.33392536 0.79507042 -0.07698062
v -0.29750072 0.84434877 -0.07050266
v 0.23724299 0.16911357 -0.06907862
v 0.17810138 0.44093277 -0.07396082
v -0.27427756 0.57405734 -0.06324783
v -0.38865732 0.71064785 -0.06683710
v -0.28786518 0.85421476 -0.07636188
v -0.26678642 0.87295264 -0.06972946
v 0.21299816 0.06868947 -0.07254430
v -0.23500783 0.16360688 -0.03099258
v 0.23787520 0.22440998 -0.06710436
v -0.17643677 0.44219763 -0.07199486
v 0.28276019 0.59104418 -0.07088597
v 0.39151715 0.70005990 -0.07303355
v -0.37049845 0.74728538 -0.06111592
v 0.22104455 0.10546674 -0.05777615
v 0.23734001 0.16491104 -0.05670534
v 0.23361253 0.26764121 -0.06704504
v -0.27852828 0.58175250 -0.06061626
v 0.39068030 0.68013818 -0.04271119
v -0.23090248 0.14295915 -0.05220884
v 0.23588465 0.26813271 -0.06175622
v 0.18252741 0.43901525 -0.05858348
v 0.18008395 0.47942404 -0.04759373
v -0.38242173 0.65716647 -0.05273251
v 0.39012083 0.67571757 -0.07567934
v -0.37820040 0.73495834 -0.05976065
v -0.34047641 0.78623944 -0.05710681
v -0.20880241 0.06425506 -0.05221960
v 0.23972480 0.19365488 -0.04786212
v 0.23923734 0.21107033 -0.05300758
v 0.23580023 0.24384617 -0.05997256
v 0.42644405 0.26668438 -0.05956669
v 0.18295100 0.44066768 -0.05813890
v 0.18243352 0.46122732 -0.06455282
v -0.31883563 0.81656128 -0.04508591
v -0.28800775 0.85561550 -0.04887083
v 0.19871808 0.89963841 -0.05501680
v -0.21309939 0.08226826 -0.05440389
v -0.22114972 0.11383645 -0.04877576
v -0.23542195 0.21451966 -0.05165885
v -0.23320381 0.23681731 -0.05482692
v -0.22874868 0.26613328 -0.05367071
v -0.37271086 0.34505771 -0.04645049
v -0.18331798 0.43986043 -0.05772730
v -0.17601610 0.48194571 -0.05218119
v -0.36126292 0.75923348 -0.04813251
v 0.23723324 0.16298868 -0.05235778
v -0.23673443 0.20503324 0.00914832
v 0.42975259 0.26199210 -0.05166300
v -0.40517960 0.31682195 -0.03754966
v -0.34516799 0.36486198 -0.05436146
v -0.18045762 0.48233397 -0.02349564
v 0.26955111 0.56661027 -0.03988426
v -0.38511608 0.71971664 -0.05263457
v 0.03299906 0.02706855 -0.04178450
v -0.20140515 0.04048314 -0.06891191
v -0.23412162 0.23021585 -0.03682831
v 0.23627621 0.24147009 -0.05515389
v -0.36571866 0.35039354 -0.04723624
v -0.18249349 0.46445350 -0.04929720
v 0.17970505 0.48259365 -0.04707069
v -0.37010999 0.74659165 -0.03540284
v -0.02821675 0.05657603 -0.03834389
v -0.21241102 0.07738671 -0.03291530
v -0.23436066 0.16014106 -0.03135602
v 0.23628183 0.26683878 -0.04448288
v 0.41978331 0.30137228 -0.04359267
v -0.27263242 0.40616432 -0.04088509
v -0.18085551 0.44900959 -0.05606964
v 0.18007622 0.48716137 -0.05135132
v -0.24724700 0.53707271 -0.05567107
v -0.26611785 0.56126357 -0.07544537
v -0.35503628 0.76730205 -0.04889136
v -0.32200997 0.81194841 -0.04712751
v -0.29037595 0.85314611 -0.04629249
v 0.23977107 0.18288934 -0.03777635
v -0.23649373 0.19870541 -0.02862195
v 0.23863322 0.22330214 -0.04786664
v -0.23380343 0.23319310 -0.00531435
v -0.23157387 0.24755811 -0.04581426
v -0.38712182 0.33320989 -0.03748838
v -0.18773934 0.45824673 -0.02700315
v 0.18862194 0.46580628 -0.02906550
v 0.33920272 0.62146148 -0.03899576
v 0.38711801 0.71598714 -0.03589270
v -0.02825513 0.05418286 -0.02223123
v 0.20112408 0.02916060 -0.03898846
v 0.21339326 0.06731372 -0.03508835
v -0.38358186 0.33581027 -0.04553080
v -0.30790846 0.61783879 -0.04176418
v 0.39086402 0.69627072 -0.01399177
v -0.02913868 0.04274819 -0.01092504
v 0.02903281 0.05998074 -0.04914794
v 0.23643363 0.24693514 -0.01292556
v -0.43081917 0.28204337 -0.04022696
v -0.26758301 0.40793850 -0.02190849
v -0.18642497 0.46667455 -0.02163612
v -0.17930012 0.48323228 -0.03634929
v -0.34046857 0.78646180 -0.02926006
v -0.29391236 0.84969902 -0.02870137
v 0.23020388 0.12841233 -0.03234572
v -0.23532436 0.21929845 -0.03459890
v 0.23471448 0.26185664 -0.03161671
v 0.28379007 0.59174927 -0.02891614
v 0.38956524 0.70581539 -0.02092444
v -0.37960225 0.73056033 -0.02074238
v 0.03330356 0.01924899 0.00422942
v 0.02870271 0.05885160 0.02164960
v -0.21680002 0.09760304 -0.02596509
v 0.22953472 0.12603694 -0.02493993
v 0.23608311 0.15071759 -0.02624464
v 0.23512107 0.14694543 -0.04564629
v -0.23641636 0.17638063 -0.01024996
v 0.43134089 0.27352179 -0.02577941
v -0.28157549 0.40152799 -0.02217377
v 0.18346361 0.48348998 -0.00776606
v 0.25138171 0.54061645 -0.01427624
v 0.27640129 0.57769859 -0.03277271
v 0.29436453 0.61553243 -0.03502883
v -0.39072190 0.69592652 0.06169004
v -0.38959085 0.70355068 -0.05842404
v -0.37001381 0.74662529 -0.01389366
v -0.32686888 0.80516111 -0.00350901
v -0.18627614 0.00618827 -0.00979001
v 0.20278341 0.03285070 0.00012038
v 0.23272556 0.13639803 -0.00780140
v 0.24016372 0.20474117 -0.02763545
v 0.42899797 0.26511090 -0.01675922
v -0.42752754 0.28542181 -0.01902153
v 0.25996858 0.55313416 -0.05528334
v -0.36271454 0.75702086 -0.02223441
v -0.02537401 0.06109768 -0.02830361
v 0.21548718 0.07528777 -0.01100992
v 0.23923483 0.22163398 -0.01323349
v -0.42786679 0.27288395 -0.01404080
v -0.41399234 0.29960534 -0.00069387
v 0.18865259 0.43658065 -0.03075619
v 0.19035259 0.45606034 -0.03248517
v 0.28129635 0.58541303 0.00847498
v 0.18191945 0.89926306 -0.00181677
v -0.22950795 0.42312687 -0.01844540
v 0.35956283 0.63032399 -0.01256658
v -0.31257053 0.82549967 0.00308675
v 0.19900147 0.02333432 -0.01279068
v -0.20095395 0.03713530 -0.01453811
v -0.20358094 0.04504307 -0.01782945
v -0.22926369 0.26079780 0.01119197
v -0.38895098 0.70517037 -0.00462312
v -0.29064312 0.85358143 -0.00895901
v -0.24669654 0.88685686 -0.01519114
v -0.21238580 0.07711322 -0.00609258
v -0.34799431 0.36192687 -0.00242151
v -0.18662136 0.43921698 -0.02397148
v -0.18898716 0.45882691 -0.00578109
v 0.18799210 0.48900753 -0.02057435
v -0.28248840 0.58867951 -0.00733583
v 0.38688172 0.71683022 -0.00966051
v 0.38359303 0.72563299 -0.00537855
v -0.33878093 0.78883288 -0.02117494
v -0.03341655 0.01104295 0.01527235
v 0.20688585 0.04515950 -0.00572422
v 0.23615494 0.25238457 0.01443648
v 0.23658639 0.26111328 -0.00411208
v -0.40704104 0.26336356 -0.00731556
v 0.41496732 0.27931364 -0.00512154
v -0.18602099 0.44044155 -0.00586583
v -0.27951127 0.58247094 -0.00442189
v 0.39090102 0.68468796 0.00115977
v -0.19479149 0.02136062 0.00809771
v 0.23492264 0.14633781 0.00156918
v 0.23746679 0.15933236 0.00315095
v -0.36468795 0.34963402 0.02456505
v -0.31865604 0.38113473 0.00035338
v -0.36277599 0.75729063 -0.00026909
v -0.33394093 0.79546076 0.01249946
v 0.21889072 0.09036050 0.00648713
v -0.21686514 0.09759585 -0.00606961
v 0.23558983 0.25699839 -0.00468707
v 0.41882833 0.26584895 0.00175699
v -0.38025351 0.65232529 0.01397087
v 0.38681923 0.66383629 -0.00283923
v 0.38993701 0.67639278 -0.00127990
v 0.39039857 0.67964002 -0.00012968
v -0.35990276 0.76117697 0.00303252
v -0.18987641 0.01171059 0.00579627
v -0.21908765 0.10675243 -0.00299530
v -0.40859188 0.31104209 0.00516777
v -0.39334352 0.32589666 0.00039700
v -0.18574217 0.44920872 0.02777125
v -0.18635900 0.46515229 0.00757901
v -0.38492315 0.66085850 -0.02034701
v -0.21439760 0.08655995 0.01383043
v -0.22949296 0.13722431 0.02154811
v 0.23768843 0.16438576 0.03339322
v -0.37832749 0.73366798 0.01101935
v -0.29457690 0.84869083 0.02636538
v -0.20799309 0.06029650 0.02188531
v 0.21218476 0.06244844 0.01551760
v -0.02477583 0.06165148 0.01701630
v -0.23537773 0.22006508 0.00294549
v -0.27615880 0.57593633 0.01651322
v -0.38981454 0.67974902 0.04970106
v 0.32036564 0.81495771 0.02605937
v -0.23418443 0.15965809 0.02213825
v 0.24010047 0.21129873 0.00810595
v -0.23233677 0.24455384 0.03261015
v 0.42511801 0.27232156 0.01267772
v -0.18279202 0.43801174 0.03971197
v 0.18872104 0.45305779 0.02849888
v -0.18040916 0.47918840 0.01479698
v 0.27693954 0.57662192 0.02080736
v -0.38505743 0.72305073 0.04413653
v -0.36941096 0.74839833 0.01561887
v -0.19794995 0.02922857 0.02069199
v -0.22590720 0.12743309 0.03161077
v -0.23251696 0.26933149 0.02133096
v -0.33580611 0.36937607 0.03320596
v -0.29595761 0.39363014 0.01726112
v -0.38285887 0.72600077 0.02401811
v 0.03396459 0.02317963 0.03934046
v -0.21610240 0.09850039 0.04073969
v -0.22883049 0.26652251 0.04316045
v 0.42193691 0.27027273 0.03178700
v -0.28636366 0.59633818 0.01773067
v -0.29167054 0.60998122 0.04263097
v 0.39044626 0.70293117 0.02477500
v 0.38954422 0.70658177 -0.00745168
v -0.34183601 0.78482547 0.03516151
v -0.18527693 0.00536862 0.02227022
v 0.03230947 0.04040599 0.02830979
v 0.20869761 0.05136990 0.03148717
v -0.23567022 0.19007685 0.04881962
v -0.23586113 0.21488727 0.02901138
v -0.42259799 0.26282360 0.02361990
v -0.39819517 0.31782836 0.04141901
v -0.39839594 0.32050886 0.02712453
v -0.17866296 0.47897328 0.03439416
v 0.39095743 0.68191392 0.03365710
v 0.03008335 0.05495081 0.01654203
v 0.22286950 0.10980246 0.02654950
v -0.23498557 0.17052356 0.03399458
v -0.26899864 0.56381891 0.03536920
v -0.34856681 0.77594981 0.02244812
v -0.27533609 0.86647681 0.04883277
v 0.20054605 0.02815405 0.05575999
v 0.22018844 0.09797519 0.02215874
v 0.23185654 0.13828097 0.04485254
v -0.23458121 0.22747916 0.03804173
v -0.41375489 0.25538424 0.03207841
v 0.41822492 0.27117869 0.03479055
v -0.20102539 0.03932004 0.05746531
v 0.03233184 0.05979552 0.07257423
v 0.22140962 0.10949748 0.05010317
v -0.18213360 0.43742140 0.04191297
v -0.32426082 0.80817853 0.05132273
v -0.31110817 0.82608004 0.05273627
v 0.03533056 0.02127427 0.05710913
v -0.03342489 0.01406641 0.03551174
v -0.20402286 0.04897195 0.06311568
v 0.24006750 0.19445012 0.03466337
v 0.23827245 0.23414495 0.03293344
v -0.18143476 0.45802651 0.04847503
v -0.37737112 0.73921168 0.06160572
v 0.19720914 0.02028927 0.05147417
v 0.21061505 0.05914659 0.05077762
v 0.23940417 0.21316262 0.05447264
v 0.23725907 0.24235401 0.05696815
v -0.02500048 0.06269350 0.04946507
v 0.21367243 0.07114324 0.05159272
v -0.21665241 0.10503637 0.05459633
v -0.22592548 0.13089297 0.05040895
v -0.30044071 0.84006776 0.05404518
v -0.03469684 0.01854337 0.06522434
v -0.22869687 0.14174473 0.05745147
v -0.41189179 0.27912731 0.05004199
v -0.40913341 0.28632345 0.04659954
v -0.39503687 0.30675572 0.06255893
v -0.37950387 0.65870992 0.08043498
v -0.38890728 0.71164508 0.05713079
v -0.36543342 0.75647293 0.08156591
v -0.21782415 0.11199187 0.06173647
v -0.23240963 0.24635164 0.06232255
v 0.17777413 0.45101755 0.06757784
v -0.37223921 0.74750179 0.07783638
v -0.33453916 0.79429273 0.04522909
v -0.28215371 0.85787658 0.06900104
v 0.20630044 0.04612899 0.06162983
v -0.23579765 0.20015850 0.05078552
v -0.23082101 0.25653213 0.06227428
v -0.38315491 0.73011241 0.08280719
v 0.03952026 0.00985145 0.06884849
v -0.03148731 0.05757024 0.07200829
v 0.21357317 0.07547124 0.07924170
v 0.22055764 0.11359343 0.07507987
v -0.23501494 0.21378576 0.06271931
v -0.22774889 0.27577050 0.06088296
v -0.27568979 0.57484490 0.03899792
v -0.29533995 0.61708875 0.04338125
v -0.03164391 0.06100419 0.07766653
v -0.21593541 0.11250575 0.08492687
v -0.23182538 0.25022319 0.06443520
v -0.17666544 0.43608684 0.06357082
v -0.17322080 0.44552414 0.07561464
v -0.34319720 0.78275070 0.05914488
v 0.23140267 0.14527859 0.08064690
v -0.17451883 0.45422105 0.07147744
v -0.16740465 0.47328916 0.07446071
v 0.16941390 0.47754511 0.07272598
v -0.27731860 0.57998093 0.08580965
v -0.37792353 0.73857353 0.06592524
v -0.33882532 0.78678250 0.07491840
v -0.31786653 0.81583541 0.06476207
v -0.29473885 0.84254039 0.07979520
v 0.03811230 0.02329378 0.08702354
v -0.21691044 0.11264779 0.07430893
v -0.21822734 0.11864644 0.07973923
v -0.23223614 0.24122296 0.08515552
v -0.22994258 0.25873459 0.08489762
v -0.38837523 0.71054765 0.09956515
v 0.38668412 0.72134656 0.08765463
v -0.29696255 0.84127216 0.07332944
v -0.20856417 0.07259738 0.09650767
v -0.22546196 0.13735801 0.07846581
v -0.23199823 0.17808556 0.09250410
v -0.38804025 0.67872808 0.07826666
v -0.20361536 0.05444999 0.09669017
v 0.20931411 0.05874795 0.08066846
v 0.22740144 0.13506609 0.08627883
v -0.23160010 0.19228548 0.10565361
v 0.23868039 0.18719723 0.06169074
v -0.22544424 0.28869992 0.07803415
v 0.28743868 0.60571752 0.10025504
v 0.29628512 0.62110023 0.07623916
v 0.38710508 0.67792178 0.08554382
v -0.38972789 0.70843977 0.07585865
v -0.38640328 0.72206666 0.07712920
v -0.09986972 0.89245054 0.07276669
v -0.22564089 0.14291429 0.09231994
v -0.22869290 0.16529046 0.10804546
v -0.16346396 0.47286160 0.08489630
v -0.31741761 0.81208724 0.08687132
v -0.26837405 0.86482440 0.09401972
v 0.22002484 0.11695863 0.08787549
v 0.23401821 0.25299749 0.08717193
v -0.28001907 0.58934788 0.11214422
v -0.38937245 0.69828694 0.09804244
v 0.39060223 0.70593730 0.07929379
v -0.38824902 0.71396918 0.08687450
v -0.20115374 0.04486430 0.09006727
v -0.03565232 0.06559366 0.11038617
v 0.21658108 0.09421930 0.08503313
v 0.22901331 0.14491396 0.09853347
v 0.23557516 0.19290067 0.10063690
v 0.38882090 0.69557303 0.09785986
v -0.22164705 0.13799084 0.10715477
v 0.23506077 0.18109637 0.10057570
v 0.23781796 0.21764638 0.08429058
v -0.23323416 0.22219509 0.09200232
v -0.22972358 0.24704020 0.10456175
v -0.35057654 0.76800886 0.10732960
v 0.04017690 0.04798547 0.11681250
v -0.21026989 0.08610830 0.10955312
v -0.21488124 0.12587259 0.12107245
v 0.23571504 0.18561803 0.09689871
v -0.22183205 0.30175196 0.09501821
v 0.28199212 0.59286409 0.10289244
v -0.38482223 0.72383049 0.09572711
v -0.20371270 0.05797087 0.10631290
v 0.21166748 0.07700448 0.10707586
v -0.22522529 0.27670965 0.10108958
v 0.25800535 0.55100881 0.10765578
v 0.23256910 0.20431444 0.12101859
v 0.23425883 0.23114370 0.10466314
v -0.22116616 0.31695015 0.10342032
v 0.21616024 0.32627302 0.10363211
v -0.28477407 0.60269181 0.11762611
v -0.28542125 0.60188840 0.10793114
v -0.38500171 0.69329336 0.11122198
v 0.38522823 0.69841430 0.11296298
v -0.37937515 0.73236548 0.10688193
v -0.18740049 0.01988467 0.09606106
v -0.03790600 0.06428974 0.12057726
v -0.20797914 0.08484558 0.12672995
v 0.21163175 0.08613949 0.12282462
v -0.21213759 0.09771639 0.11115177
v 0.23369604 0.22244412 0.11167434
v -0.22837128 0.23718820 0.11928727
v -0.21070870 0.31472618 0.12564445
v -0.15669431 0.42800488 0.10514750
v -0.15408005 0.47298632 0.10250397
v -0.27129764 0.57097746 0.10447332
v -0.29480781 0.62981278 0.10213830
v 0.29791129 0.63509387 0.10700072
v -0.19683354 0.04532513 0.11530486
v 0.03736727 0.06347439 0.11186015
v -0.20453075 0.34173502 0.11370974
v -0.27375582 0.58158294 0.13571496
v -0.37541553 0.73633503 0.11329517
v -0.19821972 0.35897369 0.11955834
v -0.28821614 0.62235365 0.13880699
v -0.38516684 0.70659682 0.11318578
v 0.21654239 0.13760298 0.14293474
v -0.22414528 0.16740416 0.13556886
v -0.37989979 0.72124748 0.12006520
v 0.21034434 0.08155006 0.12332221
v 0.23038824 0.19237232 0.13061166
v 0.27736912 0.58602472 0.11790581
v 0.29300032 0.64070979 0.12410995
v -0.21108306 0.11287136 0.13797140
v 0.22560619 0.16161692 0.13747049
v 0.22422308 0.25910647 0.13247189
v 0.29046841 0.63706573 0.13419123
v -0.04331829 0.03766069 0.12542707
v 0.20782282 0.08155208 0.13499519
v 0.22796799 0.16175517 0.12826949
v -0.22520745 0.17997847 0.13505377
v 0.22836627 0.21970092 0.13599121
v -0.28628896 0.61036549 0.12696471
v -0.21009245 0.10596484 0.13663524
v 0.23015401 0.18475582 0.13020690
v -0.25488018 0.55141817 0.13301366
v 0.04689302 0.04326339 0.13775057
v 0.20425513 0.07066734 0.13503650
v 0.22405018 0.16466009 0.14389378
v -0.27003339 0.57654087 0.14264473
v 0.21818361 0.15053150 0.14816470
v 0.22567202 0.18336441 0.14613944
v 0.27565564 0.58907532 0.13970498
v 0.29280137 0.67107828 0.13702024
v 0.29264942 0.67808887 0.13946660
v -0.04188652 0.07000413 0.14063016
v -0.20374614 0.08754473 0.14498525
v 0.22452118 0.23773241 0.14244534
v 0.26883725 0.57738473 0.14469404
v -0.04164245 0.07257953 0.14283065
v 0.28935210 0.66296642 0.14849494
v 0.21601673 0.14477250 0.15009676
v 0.21514458 0.16016083 0.16140707
v 0.21820888 0.24388446 0.15358081
v -0.27800351 0.60437905 0.16498604
v -0.27877947 0.73565515 0.15170234
v 0.20886035 0.12035963 0.15922282
v -0.21330583 0.14900368 0.15071625
v -0.25335126 0.55567177 0.15805266
v 0.26331971 0.57096245 0.15613240
v -0.28905765 0.69307124 0.14734223
v -0.26164188 0.77260320 0.15414889
v -0.25195495 0.79215670 0.15358473
v 0.19691412 0.08371505 0.15967682
v 0.25602984 0.55942755 0.15421008
v 0.21045188 0.14161219 0.16552817
v 0.21612254 0.21163086 0.16547900
v -0.25739867 0.56725845 0.17376573
v 0.26283576 0.57394390 0.16458955
v 0.20751038 0.13899259 0.17101174
v 0.21888225 0.18492012 0.16254116
v -0.27143648 0.59407811 0.17457436
v -0.27739015 0.61885395 0.18506376
v 0.28355283 0.64269934 0.17352730
v -0.28460200 0.64759997 0.17757554
v 0.28597824 0.65036630 0.16709960
v 0.28448757 0.67884154 0.17282259
v -0.21707724 0.22399243 0.15837438
v -0.26594886 0.57179399 0.15227929
v 0.27211974 0.59839373 0.17484856
v -0.27991860 0.70265252 0.18162616
v 0.27447537 0.72748010 0.17792846
v -0.20744756 0.15286871 0.16840656
v -0.28510083 0.68312566 0.17098301
v -0.25703009 0.77452040 0.17555833
v 0.05151878 0.37342253 0.17514984
v 0.04374112 0.38406232 0.17500532
v 0.01305130 0.44912159 0.18740555
v -0.28121401 0.63824944 0.18450810
v 0.05554865 0.36323755 0.17642895
v -0.27468308 0.72758709 0.17695652
v -0.19435164 0.20242265 0.18606711
v 0.26087197 0.59355158 0.20170131
v 0.27745520 0.62219704 0.18277565
v 0.06097432 0.37379485 0.18843526
v -0.00968256 0.42021087 0.19058524
v 0.21669353 0.52957321 0.18738267
v -0.24755866 0.78923612 0.18488054
v -0.01147687 0.44707955 0.18800378
v -0.10174330 0.29792290 0.19198300
v -0.05928213 0.37365197 0.19181820
v 0.25453113 0.57940481 0.19954981
v 0.26855559 0.60427888 0.19295733
v -0.01662401 0.38104922 0.18963785
v -0.05565365 0.37972785 0.19449091
v -0.26271667 0.59582313 0.20073027
v 0.27171356 0.62507703 0.20123297
v -0.06352994 0.35774454 0.20121385
v 0.06740145 0.34305572 0.20056642
v 0.00026234 0.34317149 0.21233372
v -0.12074570 0.19494899 0.21584888
v -0.26490472 0.71659921 0.21577039
v 0.26350037 0.63263683 0.22114882
v 0.26245724 0.64421569 0.22678615
v 0.25824077 0.66211886 0.23561921
v 0.26501135 0.66716538 0.22599232
v 0.25386700 0.67898560 0.24168645
v 0.25235701 0.64892811 0.24147250
v -0.18823340 0.70703690 0.27927640
v -0.18925333 0.72168556 0.27663235
v -0.18311984 0.69842036 0.28198536
v -0.12260667 0.69727738 0.30939176
v -0.08052845 0.73061231 0.30253806
v -0.04886020 0.66666650 0.33597490
v -0.03051149 0.66248565 0.34264367
v -0.03998917 0.67049647 0.33777038
v 0.03768521 0.62223109 0.34272988
v -0.03941856 0.62836332 0.34237168
v -0.02388247 0.63509003 0.34573603
v -0.02195554 0.67729979 0.35014120
v -0.00045002 0.18334917 -0.35784172
v 0.00601049 0.13377635 -0.34688547
v 0.00674214 0.09919755 -0.32540222
v -0.00732281 0.19757349 -0.31986736
v 0.01779463 0.64910527 -0.32613393
v 0.02992603 0.65864121 -0.32749119
v 0.02040169 0.64752012 -0.32497722
v -0.03124607 0.65647109 -0.32705687
v -0.06486624 0.63823173 -0.31975427
v 0.05547071 0.62657206 -0.31611462
v -0.08137606 0.65267920 -0.32231957
v -0.06669594 0.65219378 -0.32373057
v 0.02980313 0.63480408 -0.32060448
v 0.07893489 0.63821140 -0.31800906
v 0.07963237 0.64565273 -0.32038016
v -0.08526812 0.66082669 -0.32403991
v -0.10361668 0.65926763 -0.32104041
v -0.11783270 0.65624250 -0.31790290
v -0.00415515 0.08181815 -0.30810323
v -0.03555398 0.63147435 -0.31927858
v -0.00439372 0.63194350 -0.32027512
v 0.02025357 0.61953770 -0.31452085
v -0.03171925 0.61350854 -0.31158294
v 0.04970789 0.62645461 -0.31600385
v -0.07881045 0.63370809 -0.31654790
v -0.11744826 0.64664983 -0.31525422
v 0.15678269 0.69188842 -0.31522694
v -0.00367928 0.62329945 -0.31657764
v 0.04346158 0.61357742 -0.31044265
v -0.07021204 0.60944780 -0.30666635
v -0.07983324 0.62827854 -0.31438727
v 0.03669547 0.60572494 -0.30699250
v 0.04829520 0.60050033 -0.30362633
v 0.15021901 0.65735692 -0.31140782
v -0.00081140 0.60236179 -0.30614226
v 0.08822873 0.61231539 -0.30614736
v -0.00388648 0.16155165 -0.28606973
v 0.00938543 0.18296653 -0.30510390
v -0.00990596 0.58702386 -0.29671238
v 0.01959286 0.59758321 -0.30311772
v -0.03375433 0.60021236 -0.30432183
v -0.07405298 0.60512704 -0.30411107
v -0.11655414 0.61668180 -0.30395899
v -0.06220649 0.59855466 -0.30137205
v 0.12072852 0.61792962 -0.30345899
v -0.10157543 0.59986771 -0.29759673
v 0.20340914 0.65937679 -0.29186927
v -0.00863353 0.15304398 -0.28768221
v 0.00824107 0.17259121 -0.29662588
v -0.06970096 0.58201352 -0.29017784
v 0.09127835 0.58976854 -0.29299993
v -0.09619089 0.58297086 -0.28783051
v -0.11816766 0.59449247 -0.29092260
v -0.14757486 0.61203794 -0.29363582
v 0.00004613 0.04670378 -0.28997579
v -0.04623127 0.57263703 -0.28525458
v -0.03061213 0.57856795 -0.29052422
v 0.11478152 0.59328056 -0.29126039
v -0.20071790 0.64695295 -0.28893168
v -0.05509261 0.57947338 -0.28975177
v -0.00060789 0.15218923 -0.27610247
v 0.00258349 0.57306361 -0.28745126
v 0.01417461 0.57327150 -0.28725151
v 0.09337745 0.57222720 -0.28030757
v -0.11230161 0.57749296 -0.28074225
v -0.16956781 0.60238144 -0.28061846
v -0.03229125 0.56034001 -0.27621691
v 0.01457113 0.55846539 -0.27511384
v 0.18129377 0.60860524 -0.28016082
v -0.03941964 0.56523424 -0.28013567
v 0.03390044 0.56289004 -0.27835680
v -0.07471056 0.56746939 -0.27904661
v -0.05888113 0.55942427 -0.27352259
v 0.06514209 0.56519663 -0.27792622
v 0.13404087 0.58118006 -0.27843010
v -0.00513480 0.13470327 -0.25947245
v -0.01218296 0.56252564 -0.27901617
v -0.08300296 0.56268666 -0.27384437
v 0.19395998 0.60885087 -0.27447328
v -0.04247802 0.55011390 -0.26621550
v -0.00015325 0.55369423 -0.27107422
v 0.03463641 0.55138450 -0.26772777
v 0.05654152 0.54988673 -0.26470747
v 0.08385660 0.56789839 -0.27836256
v 0.11016313 0.55645788 -0.26309304
v -0.10914892 0.56969618 -0.27543049
v 0.11423227 0.56765800 -0.27234127
v -0.16183040 0.57407692 -0.26303104
v -0.18445209 0.59758418 -0.27140002
v -0.00746981 0.12045401 -0.24454129
v -0.01421512 0.54123458 -0.25864373
v -0.08805447 0.54885750 -0.26012385
v -0.11269873 0.55163910 -0.25807118
v -0.12730772 0.56597758 -0.26764047
v -0.12213132 0.56015228 -0.26379501
v -0.18307347 0.58396820 -0.26193323
v -0.20391241 0.59788132 -0.26121981
v 0.22292679 0.61240856 -0.26011695
v -0.03313001 0.54547312 -0.26251010
v -0.10676640 0.55826349 -0.26597518
v 0.15664766 0.56513711 -0.25787953
v 0.19947341 0.59059227 -0.25911418
v 0.00532118 0.13701532 -0.25933257
v 0.01540179 0.53831049 -0.25486497
v 0.02849385 0.54314849 -0.25993798
v -0.08538320 0.54345974 -0.25485418
v 0.09873939 0.55011095 -0.25954155
v -0.11856060 0.55215697 -0.25717093
v 0.12336610 0.55009543 -0.25348795
v 0.13417780 0.55920420 -0.25995209
v 0.16578870 0.56041978 -0.24979752
v 0.23517641 0.61681894 -0.25363122
v -0.03597974 0.53376203 -0.24829666
v 0.00925810 0.54248571 -0.26031026
v -0.10072705 0.53897396 -0.24671844
v 0.00920469 0.12227358 -0.24095685
v -0.00283189 0.52647714 -0.23910634
v 0.05572111 0.53566755 -0.24870381
v 0.07364457 0.54393060 -0.25692057
v 0.05483708 0.52895925 -0.23957586
v 0.07579579 0.52880766 -0.23687622
v -0.09444779 0.53586350 -0.24389830
v 0.08747875 0.53754194 -0.24705445
v 0.12792048 0.54371318 -0.24500792
v -0.14372201 0.55037782 -0.24764036
v 0.20446391 0.56873631 -0.23736050
v -0.00787923 0.52861796 -0.24222649
v 0.01330633 0.52879285 -0.24200253
v 0.03684531 0.53442266 -0.24920487
v -0.06886385 0.53622686 -0.24892894
v -0.15139796 0.54818123 -0.24221046
v 0.25728949 0.62353899 -0.23578874
v -0.07263133 0.52283486 -0.22825427
v -0.12398010 0.53742848 -0.23876808
v 0.25418161 0.61812572 -0.23525697
v -0.00687392 0.10681250 -0.21923098
v 0.10835300 0.53030280 -0.23286793
v 0.16586553 0.54432413 -0.23145344
v 0.25432639 0.61696055 -0.23516536
v 0.26823734 0.62666841 -0.22106796
v 0.12015733 0.52615906 -0.22268581
v -0.17881707 0.54439818 -0.22411719
v 0.00281858 0.14990385 -0.22239522
v -0.01528577 0.52046380 -0.22817645
v 0.02667259 0.51961250 -0.22598413
v 0.14554719 0.52999758 -0.22023434
v 0.22816835 0.57892432 -0.22780482
v 0.27424825 0.64145755 -0.21927000
v 0.00487635 0.11699289 -0.21742664
v -0.01159201 0.12673173 -0.21918173
v -0.08751666 0.17485465 -0.21774278
v 0.08210747 0.51574498 -0.21279815
v 0.09766344 0.52102239 -0.21977372
v 0.18336340 0.53599726 -0.20873864
v -0.00923769 0.11319459 -0.21508294
v -0.03364356 0.11573060 -0.21317948
v -0.06198820 0.13825609 -0.21577344
v -0.09266525 0.51363569 -0.20673735
v -0.10879893 0.52387141 -0.22312494
v 0.27194561 0.61403166 -0.20208868
v -0.01727767 0.09966962 -0.20649184
v 0.02195514 0.12906590 -0.22045552
v 0.06180779 0.12312533 -0.21159014
v -0.08663041 0.13430348 -0.21277866
v -0.06073499 0.12642821 -0.21260229
v -0.03894567 0.51065112 -0.20549421
v -0.02071593 0.10698351 -0.21028641
v 0.10659482 0.13231947 -0.21261878
v -0.13493074 0.11981113 -0.20683503
v -0.09183576 0.12842925 -0.21097761
v -0.11240275 0.51499198 -0.20419422
v -0.05377578 0.10448820 -0.20401335
v -0.06470992 0.11279889 -0.20722473
v 0.08835090 0.10609660 -0.20300920
v -0.02116499 0.50970049 -0.20296739
v 0.01976332 0.51117100 -0.20721686
v 0.02102506 0.50921313 -0.20136948
v 0.06185879 0.50852231 -0.19777279
v -0.09971266 0.51232368 -0.20156796
v 0.12889628 0.51562134 -0.20001781
v 0.22596069 0.55579290 -0.20153850
v 0.26567720 0.59819041 -0.19674710
v 0.13560907 0.09713580 -0.19983465
v -0.09462775 0.10831182 -0.20382616
v -0.08232331 0.11302686 -0.20603208
v -0.08144434 0.10158140 -0.20009414
v 0.10796505 0.09781902 -0.20023402
v -0.07250892 0.50908945 -0.19862920
v -0.01552816 0.08795929 -0.19674564
v 0.12748951 0.09289038 -0.19850502
v 0.01779954 0.10082752 -0.20780108
v -0.14502627 0.09640737 -0.19795137
v 0.04814926 0.10338541 -0.20394299
v 0.06467632 0.09567412 -0.19617635
v 0.06093606 0.10615464 -0.20418714
v -0.12453869 0.51470016 -0.19982225
v 0.23350743 0.55669477 -0.19290843
v 0.27152873 0.60642943 -0.19264138
v 0.27117778 0.61060054 -0.19887129
v -0.12185357 0.10129806 -0.20186898
v 0.12138862 0.09066006 -0.19787923
v 0.14033068 0.09506859 -0.19890932
v 0.01978178 0.09053827 -0.19816816
v 0.03622385 0.08733420 -0.18876289
v 0.08221837 0.09225971 -0.19440709
v 0.06930213 0.08978586 -0.18997164
v 0.17376769 0.09935239 -0.19420841
v 0.20186587 0.15741719 -0.18941849
v -0.05318369 0.50827294 -0.19800837
v -0.04217519 0.50400732 -0.18474785
v 0.01684989 0.50766485 -0.19656878
v 0.05860731 0.50158592 -0.17808673
v 0.24885336 0.58050460 -0.20490559
v -0.14150789 0.08726246 -0.19411938
v 0.02262768 0.08456709 -0.18742375
v 0.26861947 0.59525157 -0.18525640
v 0.12910562 0.06202049 -0.18093213
v 0.23966699 0.55320693 -0.17501767
v 0.25363482 0.57120598 -0.18153921
v 0.26486912 0.58532933 -0.17830234
v -0.05383523 0.49997336 -0.17503213
v -0.03134580 0.50200586 -0.18025206
v 0.01020010 0.50158631 -0.17908321
v 0.04198269 0.50235698 -0.18022609
v 0.13586187 0.06933714 -0.18568793
v -0.03888006 0.08051582 -0.17209111
v -0.03738201 0.08525892 -0.18410685
v -0.07214705 0.50014074 -0.17226795
v -0.11907807 0.50529424 -0.17673535
v 0.21083806 0.53668285 -0.18635479
v 0.27880023 0.60911146 -0.17277006
v 0.16370442 0.07211628 -0.18316990
v -0.14160236 0.06368535 -0.17943952
v 0.06680362 0.08494114 -0.18350648
v -0.00819146 0.46461213 -0.17797218
v 0.02678366 0.46981733 -0.18069779
v 0.03662633 0.46959772 -0.17909291
v -0.09872957 0.49742498 -0.16047138
v 0.11797843 0.49749172 -0.15305983
v 0.17042290 0.51439407 -0.17324306
v 0.22741202 0.54357616 -0.17701201
v 0.27812595 0.60541927 -0.17160133
v -0.11558302 0.05251119 -0.17336469
v 0.10541502 0.06024762 -0.17819674
v -0.05043293 0.45417156 -0.16658334
v 0.00787310 0.45611667 -0.16926963
v -0.06255264 0.46395393 -0.17194277
v -0.05748693 0.45557944 -0.16613697
v -0.07790160 0.49854477 -0.16996883
v -0.07344895 0.49888642 -0.17096721
v 0.27179868 0.59025226 -0.16854056
v 0.09439901 0.04522691 -0.16497697
v -0.15586477 0.06037887 -0.17381565
v -0.14428014 0.04704355 -0.16514089
v -0.07146503 0.07593946 -0.17595762
v 0.19229688 0.07680325 -0.17182753
v -0.05816770 0.07804919 -0.16452322
v 0.20861761 0.08347637 -0.15355727
v 0.09662832 0.46467983 -0.16470876
v -0.31003349 0.72458671 -0.16566006
v -0.28625879 0.72455818 -0.16574378
v 0.13844606 0.04933906 -0.17057642
v 0.16805815 0.04410238 -0.15876004
v 0.19129778 0.05466197 -0.15486622
v 0.00499275 0.07263162 -0.16458606
v -0.07354226 0.44920926 -0.16194896
v 0.29139917 0.67337179 -0.15409398
v -0.32277529 0.71427236 -0.16369057
v -0.29167404 0.70889884 -0.16155134
v -0.11319830 0.03634034 -0.15849586
v -0.09512340 0.04280812 -0.16316399
v 0.12257896 0.04102124 -0.16307484
v -0.14587238 0.04029086 -0.15827520
v 0.21951192 0.14480458 -0.15241091
v -0.09361629 0.45457600 -0.15867286
v 0.14599706 0.49689728 -0.13744444
v 0.31227553 0.70304805 -0.16326127
v 0.15174454 0.04212064 -0.16140592
v -0.16077518 0.04259483 -0.15637044
v -0.08347396 0.05210760 -0.16657634
v -0.06531072 0.05380547 -0.15503355
v 0.20232395 0.06569109 -0.14994483
v 0.21400360 0.09426641 -0.14499259
v 0.22271189 0.53097512 -0.15162650
v -0.33433244 0.68361388 -0.15128418
v 0.08993040 0.03601102 -0.15562974
v 0.18419001 0.04338237 -0.14921587
v -0.05111667 0.07462919 -0.15025756
v 0.04718818 0.07445472 -0.14877615
v 0.22868940 0.16169133 -0.13355544
v 0.12866322 0.46824366 -0.14568971
v -0.11366855 0.49235331 -0.15185603
v 0.29650270 0.67299704 -0.15121451
v -0.30643731 0.69378884 -0.15718153
v -0.34932811 0.69036515 -0.15153943
v -0.14704947 0.02821377 -0.14421769
v 0.08109464 0.02663921 -0.14380168
v 0.12997648 0.46115582 -0.14511913
v -0.13702596 0.49630366 -0.13951784
v 0.22520397 0.52944934 -0.14028217
v 0.34445197 0.69205615 -0.15643736
v -0.29263438 0.67718455 -0.15103822
v 0.37358113 0.71340435 -0.14769506
v -0.14298203 0.01924756 -0.13251002
v 0.14721582 0.02604216 -0.14294616
v 0.19905421 0.05351477 -0.14253763
v 0.22011018 0.13108029 -0.13380316
v 0.21104283 0.37372497 -0.13766318
v -0.29868783 0.66623396 -0.14332934
v -0.35971963 0.68485832 -0.14526278
v 0.09743205 0.02650382 -0.14715756
v -0.15927908 0.02856420 -0.14137882
v -0.32187847 0.66598697 -0.14179284
v -0.34706973 0.67538941 -0.14448727
v -0.11601201 0.01856282 -0.13526898
v 0.18384731 0.02729132 -0.13021487
v -0.06094046 0.03318266 -0.13832066
v 0.21078638 0.07997589 -0.14285814
v 0.27348813 0.58338471 -0.13874159
v 0.37078370 0.67455876 -0.13476300
v -0.12390120 0.01789646 -0.13431234
v -0.07661199 0.02075688 -0.13552433
v 0.33267134 0.66731382 -0.14789190
v -0.35469313 0.66945442 -0.13807708
v -0.08730142 0.01677196 -0.13153021
v 0.09599050 0.01579050 -0.13056970
v -0.17751354 0.01961340 -0.11899352
v 0.04229558 0.07071074 -0.13223700
v -0.25277688 0.33398997 -0.12906588
v 0.27006246 0.57387581 -0.12416947
v 0.30990480 0.65195287 -0.13677673
v 0.33049433 0.64662624 -0.12815894
v -0.33073222 0.65667151 -0.13374935
v 0.38253316 0.68379721 -0.13006180
v -0.05582767 0.01524102 -0.11742666
v 0.13166459 0.01732923 -0.13209619
v 0.16494699 0.01443477 -0.11950044
v 0.17330055 0.01962425 -0.12537821
v 0.20008928 0.04344424 -0.12850652
v 0.26472057 0.33789734 -0.12513285
v 0.21599324 0.33910413 -0.12803226
v 0.14861730 0.48971012 -0.11847459
v -0.33435621 0.64844223 -0.12421944
v -0.09390257 0.00796982 -0.11500329
v 0.08755623 0.01215428 -0.12319474
v 0.10455723 0.00990134 -0.11833172
v 0.12193744 0.01068049 -0.11913507
v 0.19781746 0.03081004 -0.11324704
v 0.21070145 0.06652244 -0.11271697
v -0.24638343 0.32300689 -0.12665481
v 0.24778967 0.30813097 -0.11833674
v 0.23870976 0.32586690 -0.12592211
v 0.27342645 0.32781175 -0.12349731
v 0.21706066 0.32695700 -0.12271551
v -0.21698612 0.33362850 -0.12479435
v 0.30167770 0.63516762 -0.11660574
v 0.30262025 0.63840131 -0.12132935
v -0.32024121 0.63767850 -0.11291945
v 0.38458570 0.67879984 -0.12126826
v -0.12760339 0.01157577 -0.12025784
v 0.06248796 0.01079160 -0.11390404
v 0.13462147 0.01019531 -0.11649216
v 0.14683238 0.01111639 -0.11700198
v -0.27688587 0.30561131 -0.11970015
v -0.22129575 0.31892346 -0.11787815
v 0.32577923 0.64468279 -0.12739012
v -0.31505589 0.63960248 -0.11623854
v -0.34028043 0.64621999 -0.11965485
v -0.09141053 0.00687380 -0.11010952
v -0.15631157 0.01203823 -0.11501946
v -0.24985390 0.30459016 -0.11815077
v 0.28190514 0.31409881 -0.11990804
v 0.22382354 0.30924607 -0.11530713
v -0.22192844 0.31080787 -0.11439874
v -0.30310824 0.63708932 -0.11316003
v -0.29447525 0.62851108 -0.10406611
v 0.35060583 0.64298687 -0.11482526
v 0.38366208 0.66644002 -0.10499861
v -0.06098401 0.00709825 -0.10457634
v 0.14859734 0.00548247 -0.10086675
v -0.04686478 0.01288985 -0.10381657
v -0.04104055 0.03585734 -0.10788990
v -0.26709628 0.29801726 -0.11631503
v -0.26118474 0.28942477 -0.10910801
v 0.26833000 0.30611747 -0.11804387
v 0.26080149 0.29649327 -0.11183110
v 0.25293023 0.29503317 -0.10947227
v 0.16065122 0.45946182 -0.11099535
v 0.36172755 0.64323807 -0.10287799
v 0.36873968 0.65518033 -0.11577871
v -0.14582471 0.00372180 -0.09384999
v 0.16902978 0.00822204 -0.10284399
v 0.18805234 0.01529112 -0.10121178
v -0.03335052 0.06739970 -0.09891365
v 0.03502922 0.06686291 -0.10758129
v 0.22854879 0.13475826 -0.09782710
v 0.23338535 0.15593633 -0.09773424
v -0.29983315 0.28339820 -0.10678931
v -0.26461341 0.28046241 -0.10117505
v 0.29516824 0.30692822 -0.11586999
v 0.26802857 0.56792601 -0.10937789
v 0.29912213 0.62867042 -0.10479854
v -0.30204699 0.63405044 -0.10804180
v -0.28835521 0.28146858 -0.10648895
v -0.27357542 0.27828670 -0.10168144
v -0.30887906 0.28289901 -0.10536963
v 0.29090153 0.28429886 -0.10539053
v 0.30756220 0.28222874 -0.10342439
v 0.25562980 0.29104795 -0.10631897
v 0.26331087 0.28488974 -0.10217495
v 0.22634131 0.30383133 -0.10984781
v 0.27824672 0.58482439 -0.10021031
v 0.37209307 0.65130079 -0.10229198
v 0.11141634 0.00278482 -0.09249759
v 0.31787991 0.27957130 -0.10125917
v -0.32234429 0.28850106 -0.10498271
v 0.25587606 0.28359422 -0.09823342
v 0.23338684 0.29072099 -0.09825647
v 0.29687667 0.62727739 -0.10309076
v 0.31678394 0.62651928 -0.09731906
v -0.03838836 0.01082218 -0.08395531
v 0.19969782 0.03007321 -0.09641774
v -0.33540712 0.26559250 -0.09132458
v -0.30146049 0.27270423 -0.09974990
v 0.28575679 0.27663776 -0.09894439
v 0.18523652 0.49585513 -0.08427445
v 0.23161474 0.52450788 -0.08992367
v 0.35770413 0.64001565 -0.10076145
v 0.39258171 0.69027341 -0.09517805
v -0.14119054 0.00241399 -0.08697302
v -0.05273352 0.00453704 -0.08869433
v 0.18094186 0.00372822 -0.07531251
v 0.00101680 0.06556505 -0.09703150
v -0.28629127 0.26740933 -0.09210988
v 0.29711356 0.27704311 -0.10110762
v 0.26645667 0.28008307 -0.09765006
v -0.23893192 0.28229851 -0.08828127
v 0.23125566 0.28506810 -0.09341031
v -0.38685331 0.72110346 -0.08251596
v 0.36950085 0.64475365 -0.08694598
v -0.33796211 0.25506914 -0.08440909
v 0.31197875 0.26365094 -0.09019600
v 0.32508252 0.26645342 -0.09249404
v 0.33114394 0.25998262 -0.08729878
v -0.28803644 0.26114691 -0.08312567
v -0.16683941 0.49069180 -0.09136538
v 0.09962494 0.00079591 -0.07735422
v -0.34091225 0.25271631 -0.08243880
v 0.31810866 0.25616468 -0.08247996
v -0.31479592 0.62278067 -0.07840048
v -0.30383959 0.62406487 -0.08482948
v -0.35960187 0.76171892 -0.05935707
v -0.06585951 0.00134856 -0.07866378
v 0.11500304 0.00091504 -0.07639637
v -0.35886789 0.25009517 -0.07807919
v -0.34256370 0.24459197 -0.07568091
v -0.23121737 0.27839339 -0.07956540
v 0.23590021 0.27664743 -0.07744676
v -0.38700176 0.71384076 -0.05346223
v 0.16645528 0.00106233 -0.06660152
v 0.35742880 0.25046215 -0.07932296
v -0.30890239 0.24916312 -0.07055234
v 0.31313971 0.25229550 -0.07450073
v -0.28232252 0.25633997 -0.06516747
v -0.38348511 0.27180228 -0.07635656
v 0.17471776 0.48628262 -0.06481619
v -0.37132590 0.24554372 -0.07360715
v -0.35179871 0.24210884 -0.07193032
v -0.34843103 0.24243492 -0.07276376
v 0.36199803 0.24404626 -0.07335692
v 0.37732947 0.24661926 -0.07405080
v -0.38712387 0.24872663 -0.07163962
v -0.30320803 0.25451341 -0.07826765
v 0.33779440 0.62391682 -0.07694624
v -0.38277710 0.72610263 -0.05927117
v -0.03098945 0.05878564 -0.07323145
v -0.37539261 0.24225452 -0.07043870
v 0.37669157 0.23872409 -0.06719571
v -0.31579402 0.24231185 -0.05720813
v -0.30956077 0.24601508 -0.06247744
v 0.40334812 0.24786049 -0.06855940
v -0.23156587 0.27334621 -0.06660347
v 0.39448746 0.24010446 -0.06649065
v 0.42495719 0.25849343 -0.06079269
v -0.02823804 0.06140907 -0.05015271
v -0.38072564 0.23576846 -0.06229357
v 0.41079023 0.23633310 -0.05205523
v -0.40623929 0.24268990 -0.06299138
v 0.41740991 0.24611095 -0.06040995
v 0.23728130 0.27060490 -0.06542169
v -0.33677687 0.23708764 -0.05700614
v 0.42862016 0.25331692 -0.04563565
v -0.03437100 0.01108486 -0.05313116
v -0.36192917 0.23151772 -0.05065380
v -0.35455099 0.23284899 -0.05331334
v 0.37577353 0.23279223 -0.05603121
v -0.23052276 0.26839940 -0.05417986
v -0.27412864 0.25629640 -0.05037670
v -0.38286143 0.72413708 -0.03464237
v 0.24515556 0.53483541 -0.05225497
v 0.27821823 0.58115292 -0.04492596
v -0.37758007 0.73439804 -0.03314836
v 0.34827558 0.62455786 -0.03291871
v -0.24730612 0.41652035 -0.02381035
v -0.23451415 0.26740324 -0.00904651
v -0.20650377 0.42950959 0.01597107
v -0.41431384 0.30531126 -0.01521412
v -0.41782157 0.28947808 -0.00873520
v 0.40384131 0.26498869 -0.00580887
v 0.21736462 0.42540405 0.00113649
v 0.34364103 0.24256700 0.00970826
v 0.39461974 0.23895312 0.01044449
v 0.41525381 0.24974242 0.01330212
v 0.22706838 0.42212757 0.01994791
v 0.41437133 0.25045338 0.02491396
v -0.33125697 0.79852245 0.05100783
v -0.41645145 0.29082887 0.03233700
v -0.18414698 0.45965288 0.03396964
v -0.41138164 0.29241470 0.03768333
v -0.29423995 0.39243123 0.04441327
v -0.18016837 0.47256981 0.03122095
v 0.35782746 0.24024003 0.03401452
v -0.34556961 0.35962714 0.05139262
v -0.33264022 0.36893303 0.04789378
v 0.29239292 0.39410482 0.04468368
v 0.38204736 0.23761744 0.05761474
v 0.34008079 0.36570364 0.04520150
v -0.23251363 0.41801193 0.04799680
v -0.18022151 0.43803674 0.04832150
v -0.37074357 0.33951592 0.05440190
v -0.27054172 0.40042041 0.05937261
v -0.23817729 0.88939772 0.05662450
v -0.39023914 0.31867778 0.05708660
v 0.35459110 0.35332636 0.05123479
v -0.31918202 0.37233944 0.06284374
v 0.18424348 0.43215121 0.05462556
v -0.17428391 0.47613719 0.04885666
v -0.23333722 0.23251147 0.08058204
v 0.36622235 0.34064198 0.05721666
v -0.21627075 0.89548590 0.08797191
v -0.40394291 0.30046144 0.05449306
v -0.23289527 0.41258044 0.06764117
v -0.30214428 0.83474237 0.07617495
v -0.13158125 0.88843532 0.05695840
v 0.38862339 0.26926662 0.06029501
v -0.36179675 0.34293621 0.06139703
v -0.29626153 0.38517985 0.06532698
v -0.18478049 0.43098700 0.06008195
v 0.18694563 0.42716300 0.07323768
v -0.38388074 0.31437992 0.06660688
v -0.32328731 0.37197756 0.05829532
v 0.19956619 0.42602841 0.06404294
v -0.35694717 0.34084934 0.06861623
v 0.33581875 0.35747971 0.06940006
v -0.33805611 0.35146881 0.07349119
v -0.32075841 0.36314492 0.07483033
v -0.25964885 0.40415984 0.06204519
v 0.22318972 0.41730527 0.06877711
v -0.25981038 0.87444349 0.08019847
v 0.35749596 0.26717170 0.07123190
v -0.36852677 0.30559961 0.07643274
v 0.37983111 0.31015734 0.06903364
v -0.34893789 0.32428805 0.08188752
v -0.35685496 0.33342557 0.07418399
v -0.34251057 0.35410782 0.06645235
v 0.31478245 0.37129106 0.07109454
v -0.27708720 0.39529433 0.06617669
v -0.19717755 0.42101288 0.07795535
v -0.30162518 0.83108086 0.09127663
v -0.22977253 0.88704823 0.10368040
v 0.34541740 0.27434389 0.07523080
v -0.32851776 0.35909671 0.07270468
v -0.29221209 0.38150177 0.07596443
v -0.27586564 0.38583406 0.08242691
v -0.24344824 0.40321959 0.07906832
v -0.16846120 0.45414677 0.08771172
v -0.31496697 0.81647288 0.08127329
v -0.26512766 0.87045171 0.08027509
v 0.25401084 0.87975146 0.08061748
v -0.31318885 0.35989697 0.08269729
v 0.29257098 0.37924831 0.07845835
v -0.25484932 0.39752567 0.08018315
v -0.21188675 0.41334775 0.08052758
v -0.20681086 0.41821940 0.07570318
v -0.31893534 0.35233238 0.08447807
v 0.28707081 0.38017575 0.08123751
v -0.24966934 0.40045898 0.07916653
v -0.21512539 0.40894303 0.08519717
v -0.18375468 0.41900710 0.09275939
v -0.27941157 0.85721097 0.08554812
v 0.13363724 0.88766870 0.08198126
v 0.16602616 0.89548634 0.08740129
v -0.20742962 0.89789395 0.08561691
v 0.31892660 0.35037796 0.08543110
v 0.31049177 0.35746353 0.08573374
v -0.29072497 0.37139517 0.08733268
v -0.28926560 0.37729467 0.08294325
v 0.20993111 0.41455545 0.08550362
v -0.15886008 0.46298005 0.09925899
v -0.32659326 0.79736619 0.09425179
v -0.31261922 0.81403587 0.09734645
v -0.27393448 0.37887116 0.09034338
v -0.27174591 0.38019703 0.09054384
v -0.26298219 0.38822062 0.08764998
v -0.23257472 0.39788259 0.09181860
v -0.16581291 0.43050109 0.08830188
v -0.34384119 0.77596816 0.10262838
v -0.25598301 0.87095219 0.10542961
v -0.14292425 0.88828985 0.09454440
v 0.18378286 0.89877096 0.09108919
v -0.32201104 0.32919111 0.09215110
v -0.24497301 0.39314263 0.09154097
v 0.25067258 0.39322293 0.09076117
v -0.21104970 0.40575331 0.09134009
v -0.16283934 0.42350404 0.10097168
v -0.29420643 0.83557270 0.10195576
v -0.20289513 0.89692394 0.10180067
v 0.20702815 0.89576635 0.10743456
v -0.29594063 0.34911634 0.09640441
v 0.28960708 0.34811592 0.09824798
v -0.26231089 0.37251612 0.09982893
v -0.25639615 0.38143673 0.09658429
v -0.23933558 0.39095556 0.09562300
v -0.21960412 0.39915299 0.09462384
v -0.21277518 0.39869699 0.09710316
v -0.19701435 0.41386563 0.09046605
v -0.19224219 0.41001375 0.09844782
v 0.22029991 0.40400790 0.09505939
v -0.37127744 0.73687241 0.12406196
v -0.22324459 0.28040609 0.11009496
v 0.25651025 0.37924593 0.09893718
v -0.24669373 0.38125291 0.10046044
v -0.21160188 0.39362202 0.10124496
v 0.23866209 0.38766788 0.10122202
v 0.22856254 0.39660939 0.09878575
v 0.18969106 0.40717403 0.10328299
v 0.07705579 0.89466465 0.15504839
v -0.18695620 0.40285866 0.10797985
v 0.19856631 0.40146785 0.10472539
v -0.17535154 0.42034503 0.09714071
v -0.33516658 0.78386373 0.10494471
v -0.28374250 0.83761573 0.11960337
v -0.27049909 0.86118897 0.10073538
v -0.22962579 0.22023204 0.11726961
v -0.24679099 0.36753617 0.10708406
v -0.22710649 0.37765834 0.10721710
v -0.21061406 0.38554537 0.10623233
v -0.18248364 0.40957980 0.10480674
v -0.15065317 0.46560174 0.10841598
v -0.31964187 0.79139996 0.12257987
v -0.27154763 0.85428710 0.11372467
v -0.21236320 0.30722558 0.12712426
v -0.20917367 0.33670412 0.10504071
v 0.22755187 0.37391914 0.11001228
v 0.18214220 0.40539587 0.10857056
v -0.16986303 0.41460267 0.10727541
v -0.14951712 0.42353922 0.11258405
v -0.15779991 0.44349191 0.10709211
v -0.14993977 0.47426687 0.10924032
v -0.31282702 0.80345322 0.11524142
v -0.29910618 0.81346269 0.12410445
v -0.25825491 0.86625417 0.11268449
v -0.24762124 0.87258777 0.11607326
v 0.23449845 0.88321224 0.11377420
v 0.14742688 0.88462203 0.12463533
v -0.22277139 0.26434771 0.12800909
v -0.22259947 0.27109159 0.12267515
v 0.15918630 0.41356543 0.11379139
v -0.29726619 0.82160062 0.11710784
v -0.21657585 0.88898629 0.11590667
v -0.18733046 0.89468378 0.11561222
v -0.21552598 0.29048190 0.13146893
v -0.18352966 0.38491494 0.11950847
v 0.17350476 0.39567440 0.12032383
v -0.15472893 0.41292547 0.11760028
v -0.13663685 0.46609286 0.12320279
v -0.27765058 0.83944710 0.12591937
v 0.18603531 0.89440282 0.11718204
v -0.21047362 0.31184581 0.12733188
v -0.16096899 0.39804693 0.12484309
v -0.15243122 0.40849954 0.12243374
v 0.15231336 0.40911056 0.12167034
v -0.35789860 0.74547235 0.13009168
v -0.33844313 0.76588186 0.13009102
v -0.32480968 0.78156232 0.12686768
v -0.26112752 0.84945335 0.13673438
v -0.26178341 0.85722223 0.12480036
v -0.24478445 0.87179779 0.12256432
v -0.20079904 0.89075518 0.12300962
v -0.21997198 0.27589539 0.12843894
v -0.19300721 0.35210451 0.12679053
v -0.18107142 0.36361950 0.13046394
v -0.14364331 0.41605241 0.12200852
v -0.13960027 0.45030886 0.12787088
v 0.12811111 0.46687177 0.13001993
v -0.37019947 0.72634665 0.12992594
v -0.25566705 0.86204909 0.12589316
v -0.22759067 0.87980806 0.12747617
v -0.13906894 0.88225186 0.13899986
v -0.20889680 0.88776987 0.12574692
v 0.20742118 0.88955445 0.12634967
v 0.17876931 0.37554846 0.12915202
v -0.17423604 0.37854434 0.12769161
v 0.12777333 0.41678073 0.12965223
v -0.30480949 0.79189532 0.13677176
v -0.28774621 0.81969305 0.13152967
v -0.23433731 0.86455330 0.14505118
v -0.12808638 0.88462612 0.13288164
v 0.17278928 0.89105960 0.12344635
v 0.18229456 0.88874155 0.13205650
v -0.20410122 0.30792746 0.14012412
v -0.20066524 0.33555844 0.12792511
v -0.16782438 0.36370580 0.13840553
v -0.16380326 0.38353744 0.13105707
v -0.14095268 0.40138022 0.13326069
v 0.12200453 0.41494085 0.13375012
v -0.32476025 0.77059931 0.13670986
v -0.29772409 0.79995794 0.13643897
v -0.27360353 0.83225050 0.13628794
v 0.15836190 0.88108465 0.13748072
v 0.15230773 0.39437864 0.13164053
v -0.11917042 0.46375232 0.13692690
v 0.11972533 0.46830378 0.13657058
v 0.21122188 0.88442388 0.13521481
v 0.11509602 0.41441091 0.13805379
v -0.34471966 0.73197672 0.14318952
v -0.34363645 0.74302111 0.14069182
v -0.31483364 0.77985039 0.13710121
v -0.19828726 0.88711608 0.13247613
v -0.15261750 0.88011764 0.14133498
v 0.22552580 0.87508866 0.14116302
v -0.18912138 0.88406885 0.13873308
v -0.19157294 0.31668692 0.14778312
v -0.16171827 0.35890147 0.14415271
v -0.12371225 0.39273426 0.14602429
v -0.10618497 0.41118361 0.14445388
v 0.10129926 0.40953539 0.14601446
v -0.31972149 0.76588987 0.14194112
v -0.21700207 0.87576383 0.14164375
v 0.23423113 0.86949753 0.14081874
v -0.22103874 0.87651616 0.13791471
v 0.16970189 0.87636392 0.14664471
v 0.20646294 0.30706340 0.14018563
v -0.10429092 0.46753420 0.14342620
v -0.32845576 0.72844883 0.14778369
v -0.28251624 0.78381779 0.14806052
v -0.23777791 0.86140376 0.14498307
v -0.20532846 0.87451593 0.14661909
v 0.22907133 0.86925999 0.14514402
v -0.17641644 0.87708185 0.14611227
v 0.16027056 0.87372498 0.15117108
v 0.14770922 0.87807996 0.14834164
v 0.18454308 0.88161819 0.14292871
v -0.20112726 0.29406252 0.15128673
v -0.14065684 0.36967911 0.14921103
v 0.11408769 0.39857109 0.14770756
v -0.09060199 0.41041795 0.15054411
v -0.09663838 0.45704432 0.15072912
v -0.30679710 0.74442492 0.14993470
v -0.26349265 0.78031292 0.14925784
v -0.23937440 0.85219174 0.15052871
v -0.19857619 0.87309668 0.14843084
v -0.17112587 0.87275224 0.15090362
v 0.16753382 0.87375403 0.15001590
v 0.20787361 0.87991618 0.14371979
v 0.21149321 0.87025158 0.15166226
v 0.17165350 0.35580633 0.14248609
v -0.13462397 0.36787267 0.15280954
v 0.13751898 0.36583633 0.15320227
v -0.10129434 0.40363902 0.15035869
v -0.24045924 0.80947795 0.15919902
v -0.22277269 0.85908244 0.15266882
v -0.17517272 0.86863872 0.15501290
v -0.16931949 0.86703115 0.16307905
v 0.16680408 0.87114088 0.15332420
v 0.19970991 0.87635988 0.14837699
v -0.19242851 0.29041371 0.16058741
v 0.14826929 0.35736183 0.15279617
v -0.09681628 0.38547528 0.16056333
v -0.08211133 0.45455416 0.15697562
v -0.28717676 0.68653875 0.15852736
v -0.21525520 0.84664680 0.15966520
v -0.20016457 0.85414067 0.16090601
v -0.20442262 0.85880741 0.15667651
v -0.19003989 0.86135696 0.15841964
v -0.18021344 0.86278531 0.16199102
v 0.18904204 0.86522718 0.15742479
v 0.18420070 0.86100810 0.16376573
v -0.20279577 0.26816262 0.16200705
v -0.19799347 0.28105057 0.16035765
v -0.14734071 0.34170149 0.16004659
v -0.08605597 0.39393495 0.15966042
v 0.08645754 0.39091091 0.15979306
v -0.01640499 0.40667972 0.15951374
v 0.04923197 0.40886401 0.15746923
v 0.00014715 0.40658623 0.15962580
v -0.08443416 0.44626685 0.16016425
v -0.05367226 0.46119704 0.16027439
v -0.19672579 0.85177859 0.16649375
v 0.18929990 0.86208951 0.16004508
v -0.15668663 0.87365418 0.15515318
v 0.14554729 0.87493239 0.16857524
v -0.08120150 0.89183308 0.17584201
v -0.19456963 0.27555458 0.16565782
v 0.15591126 0.33148852 0.16246037
v -0.12839148 0.34112889 0.16752250
v -0.12263746 0.35029598 0.16534568
v 0.10110785 0.36198157 0.16655117
v 0.06391061 0.38909627 0.16300878
v -0.03726313 0.39615154 0.16285353
v -0.03502439 0.39018448 0.16630517
v 0.02746344 0.39893872 0.16211958
v 0.07195771 0.44874002 0.16218186
v -0.04397328 0.45783620 0.16306098
v 0.03512326 0.46040316 0.16309441
v -0.26664095 0.75019138 0.17914928
v -0.23168773 0.81997199 0.16827434
v -0.21718394 0.83912613 0.16383647
v 0.20286137 0.85434909 0.16165507
v -0.19496280 0.24132639 0.17783230
v 0.15579662 0.32426163 0.16593849
v 0.12274491 0.34442077 0.16808461
v -0.08829539 0.37212043 0.16625148
v -0.04427665 0.38691992 0.16601140
v -0.02143514 0.39679334 0.16778244
v 0.06435808 0.44749803 0.16451585
v -0.02714696 0.46024197 0.16400492
v 0.03798153 0.44945441 0.16767170
v -0.01906650 0.46103290 0.16695616
v -0.26103307 0.76561807 0.17555968
v -0.21955624 0.83206214 0.17213364
v -0.20252748 0.84801546 0.16720819
v -0.17646194 0.86180861 0.17065543
v -0.11873079 0.88184675 0.17984651
v -0.03453576 0.89766794 0.17984282
v -0.19458168 0.26018361 0.17121893
v -0.11614225 0.34385194 0.17005497
v 0.09812734 0.35204334 0.17068857
v -0.09288196 0.35704122 0.17021145
v -0.08553559 0.36440386 0.16902315
v 0.08316852 0.35966642 0.17080171
v -0.05549076 0.36409879 0.17369740
v 0.05607978 0.36420815 0.17318633
v 0.04202141 0.38523749 0.17418165
v 0.01862908 0.41690549 0.17193126
v -0.04998991 0.43929087 0.17042859
v -0.02148994 0.44962994 0.17030222
v 0.02399580 0.44597815 0.17115201
v -0.23706896 0.80670875 0.18186777
v -0.19723408 0.84876775 0.17269557
v -0.19600744 0.21639257 0.18273738
v 0.16615064 0.29901737 0.17278327
v -0.14056298 0.31305187 0.17572162
v -0.10244814 0.34281835 0.17395299
v -0.07904509 0.35002993 0.17529941
v 0.06622543 0.36126314 0.17262211
v 0.03217792 0.42552122 0.17391992
v -0.02110232 0.43959339 0.17461444
v -0.01625482 0.44298754 0.18226322
v -0.26817357 0.74301274 0.18388860
v -0.20457830 0.84050799 0.18034152
v -0.18828242 0.23747784 0.18266335
v -0.09479775 0.32916688 0.18116969
v -0.06003702 0.34790755 0.17869976
v 0.01938439 0.42601303 0.17829377
v -0.25958081 0.76261698 0.18720978
v -0.19594024 0.84736921 0.17816721
v -0.00286860 0.89758254 0.18952062
v -0.18854715 0.23417523 0.18330681
v 0.12298877 0.30930715 0.18318796
v -0.07845360 0.33740917 0.18043145
v 0.07943184 0.34028528 0.17893582
v 0.07116829 0.34094444 0.17979752
v 0.06152712 0.35258525 0.17667571
v -0.27424047 0.72263367 0.18508177
v -0.24559230 0.78986047 0.18865530
v -0.23115901 0.80945293 0.19183751
v 0.13310579 0.87420557 0.19254732
v 0.17226754 0.27209663 0.18091320
v 0.12177545 0.30397595 0.18552327
v -0.08515178 0.32131723 0.18592912
v -0.05714419 0.34436594 0.18300300
v -0.26244887 0.74937993 0.19551461
v -0.24018044 0.80134905 0.18309557
v -0.11537546 0.30270622 0.18729449
v -0.08805412 0.30579132 0.19150719
v 0.09319421 0.32313168 0.18392533
v -0.05468824 0.32328635 0.18850218
v -0.05399257 0.32743582 0.19123007
v -0.03679651 0.39787537 0.19148822
v -0.23884358 0.79644604 0.19522850
v -0.18077990 0.84923130 0.19838498
v -0.11019169 0.29252682 0.19232695
v 0.08557367 0.30972413 0.19049907
v 0.09130644 0.30135130 0.19277136
v -0.05260343 0.31388785 0.19193523
v 0.05557364 0.31673843 0.19493696
v 0.03331753 0.37433003 0.19283589
v -0.00517077 0.38443107 0.18776207
v -0.00674812 0.44091967 0.19206882
v 0.00769387 0.44075977 0.19216430
v -0.26549873 0.72194361 0.21189390
v -0.19938349 0.83292321 0.20595657
v -0.18690838 0.83715269 0.21629460
v 0.15856292 0.85912221 0.20600399
v -0.08717072 0.88516981 0.20501577
v -0.16246356 0.23567675 0.19579220
v 0.15941766 0.25347738 0.19276348
v -0.10439529 0.27925430 0.19865118
v 0.10635705 0.28388937 0.19675853
v 0.08715257 0.28987451 0.19803568
v -0.26656751 0.73543530 0.19757679
v -0.23714035 0.78848569 0.21028805
v -0.10717515 0.87726061 0.21283726
v -0.02735415 0.89490634 0.20070171
v 0.14801220 0.25822876 0.19529254
v 0.10800060 0.27552003 0.19971825
v 0.07413073 0.29734628 0.19705966
v 0.06419254 0.28917438 0.20125383
v -0.03702793 0.30166609 0.19885280
v 0.04391472 0.30166908 0.20130451
v -0.04026880 0.30683588 0.19876394
v 0.06824812 0.34784266 0.19653125
v 0.02411388 0.36529220 0.19886211
v -0.05937019 0.36540717 0.20163190
v -0.01592135 0.37101832 0.19872528
v -0.27251853 0.70530934 0.20296401
v -0.25173087 0.76006501 0.21241138
v -0.22567816 0.80795182 0.20523875
v -0.17738636 0.84633605 0.20958265
v -0.16131661 0.85658546 0.20817706
v -0.01641310 0.89434943 0.20379235
v 0.01308969 0.89719791 0.19150771
v 0.15082435 0.23482320 0.20150741
v -0.12461361 0.25339082 0.20290607
v 0.09539179 0.27465618 0.20238697
v -0.06126594 0.28557176 0.20272117
v 0.08662345 0.27868569 0.20231001
v 0.04025231 0.29764729 0.20488778
v 0.05788474 0.35146395 0.20612091
v 0.00444181 0.35541864 0.20214972
v -0.05299994 0.36594442 0.20188129
v -0.24378872 0.78161045 0.20443390
v -0.22937848 0.79856379 0.21187601
v -0.06865102 0.89065984 0.19748039
v -0.15548764 0.20181725 0.20572064
v 0.08757773 0.26645219 0.20651774
v 0.07594371 0.28226909 0.20250738
v -0.04209999 0.28474570 0.20448577
v -0.02088430 0.28336950 0.20628950
v 0.04287293 0.28364572 0.20491018
v -0.03310988 0.29920072 0.20348960
v -0.02193738 0.34982723 0.20524440
v -0.24747657 0.76385036 0.21739322
v -0.24399363 0.77796709 0.20850106
v -0.16728228 0.84814005 0.21865176
v -0.09910012 0.87743043 0.21859967
v -0.14981792 0.19058451 0.20908225
v 0.16216532 0.19932205 0.20468266
v 0.11774604 0.23723164 0.20978061
v 0.10224256 0.26039992 0.20626736
v 0.09149726 0.25553117 0.20949296
v 0.09969148 0.25949570 0.20682952
v -0.07349788 0.26147985 0.20979287
v 0.08076545 0.25975916 0.20966343
v 0.07004672 0.27922203 0.20426717
v -0.01388962 0.28031398 0.20788893
v 0.01019134 0.27625369 0.20950193
v 0.02159985 0.27524176 0.20916259
v 0.02112707 0.34209835 0.20959186
v -0.26667092 0.70636823 0.21702076
v -0.24334887 0.76807122 0.22099766
v -0.13822319 0.86319592 0.21914873
v -0.06026147 0.88629883 0.21764093
v 0.03593153 0.89085172 0.21136978
v 0.10788902 0.23603724 0.21202398
v -0.07698028 0.24640398 0.21379922
v -0.07601622 0.24963538 0.21299409
v 0.07053958 0.25971153 0.21094638
v -0.03960014 0.25992802 0.21370134
v 0.04689145 0.26426863 0.21170941
v 0.04660895 0.25473758 0.21482426
v -0.01856968 0.26334400 0.21343944
v 0.00934431 0.25978438 0.21480530
v 0.03426309 0.26266386 0.21306304
v -0.23828333 0.78209106 0.21515618
v -0.21473129 0.81509837 0.21316486
v -0.18862487 0.83522911 0.21662095
v -0.17177808 0.84303090 0.22292383
v 0.00002371 0.89196397 0.21309496
v 0.01755513 0.88929232 0.21972193
v 0.10177736 0.21946211 0.21661144
v 0.08389447 0.24093678 0.21473623
v 0.07408046 0.23781708 0.21666888
v -0.00901769 0.25669918 0.21573457
v 0.02108774 0.25373527 0.21628856
v -0.00190179 0.31086391 0.21384987
v 0.02997862 0.30829734 0.21980292
v 0.03960985 0.30953366 0.22137714
v 0.05037814 0.32143452 0.21586670
v -0.23799462 0.77766110 0.22017322
v -0.22967568 0.79199763 0.21882748
v -0.22260670 0.80032600 0.21982173
v -0.21104486 0.81108430 0.22267730
v -0.18921977 0.82774608 0.22714995
v -0.05315125 0.88528239 0.22252561
v -0.04776812 0.23584370 0.21939739
v -0.04832141 0.22884291 0.22059164
v -0.03415462 0.23708454 0.21991290
v 0.05269447 0.23065194 0.22020519
v 0.03260421 0.24415028 0.21851418
v 0.00666375 0.24272115 0.21933456
v 0.01529055 0.24234872 0.21933248
v 0.02812234 0.24462585 0.21868338
v -0.02533519 0.30382439 0.22338375
v -0.03715482 0.31028812 0.22089895
v -0.23959802 0.77036408 0.22409809
v -0.23316119 0.77826251 0.22668927
v -0.22425602 0.79184305 0.22635371
v -0.21316516 0.80701413 0.22446163
v -0.15387612 0.85385936 0.22220971
v 0.15456035 0.85439468 0.21971695
v -0.07575500 0.87999581 0.22656936
v 0.05702700 0.88467315 0.22175718
v -0.04516409 0.88886786 0.21601543
v -0.03169216 0.88728560 0.22280873
v 0.03692433 0.88535520 0.22567786
v -0.01004565 0.21120692 0.22460338
v 0.00667847 0.22188133 0.22320023
v 0.00987103 0.29854412 0.22424597
v 0.01326823 0.29960792 0.22409803
v 0.02304896 0.30364419 0.22211756
v 0.04115731 0.29818645 0.21976134
v -0.25628680 0.71116428 0.23329534
v -0.25325371 0.74329622 0.22293046
v -0.24809355 0.75161495 0.22535827
v -0.17214897 0.83528014 0.23389536
v -0.12282657 0.86523760 0.22695142
v -0.10786462 0.86782956 0.23167071
v 0.10567696 0.87172383 0.22456755
v -0.09407149 0.87536515 0.22602172
v 0.08893657 0.87627971 0.22561726
v -0.07773021 0.88155960 0.22174847
v -0.01588573 0.88827341 0.22295470
v 0.00305865 0.89053751 0.21813337
v 0.01266331 0.88577079 0.22825466
v -0.24377051 0.73377443 0.24039247
v -0.22955644 0.78122400 0.22857564
v -0.20316211 0.81972657 0.22184691
v 0.08015893 0.87886387 0.22611390
v -0.25245069 0.72735182 0.23214492
v -0.22893782 0.77170832 0.23614799
v -0.21470590 0.78697726 0.24010676
v -0.20501830 0.80557204 0.23454269
v -0.15599608 0.84831430 0.22926072
v -0.14063665 0.86191334 0.22101096
v 0.12432579 0.85998314 0.23321418
v -0.05415663 0.88022093 0.23314251
v -0.02293371 0.88050535 0.23787046
v 0.00229785 0.88121873 0.23780710
v 0.02603918 0.88064814 0.23686928
v -0.23506248 0.75050352 0.24149856
v -0.21391994 0.79091538 0.23777023
v -0.19653114 0.81295066 0.23598010
v -0.17963226 0.82198613 0.24174231
v -0.13349202 0.85343467 0.23885477
v 0.13989761 0.85356630 0.23237906
v -0.09548658 0.86894822 0.23622966
v 0.07534809 0.87852958 0.22827650
v -0.06767454 0.87854820 0.23207283
v -0.20847306 0.79525220 0.23951253
v -0.18836912 0.81257762 0.24327107
v 0.16816231 0.83326841 0.23811117
v 0.15881311 0.83824659 0.23892050
v -0.14718502 0.84514158 0.24016672
v -0.13640425 0.84842884 0.24300174
v -0.12128230 0.85934932 0.23762445
v -0.08577647 0.87155856 0.23677622
v -0.06924440 0.87121321 0.24320051
v -0.00903937 0.87975520 0.23993376
v -0.21904177 0.77744867 0.24194308
v -0.19817875 0.79737778 0.24660643
v -0.18427294 0.81787889 0.24169119
v 0.16361194 0.82883971 0.24576409
v -0.16138960 0.83838957 0.23848261
v 0.12709795 0.85385106 0.24018443
v -0.10929813 0.85911586 0.24398392
v 0.08878319 0.86389645 0.24546783
v -0.04961091 0.87945919 0.23593644
v -0.02455081 0.87970362 0.23987129
v 0.02428666 0.87636014 0.24374833
v 0.04178140 0.88018892 0.23578137
v -0.21115435 0.77701001 0.24886651
v -0.18772253 0.80652890 0.24815089
v -0.16750943 0.82290279 0.24926929
v -0.16048224 0.83333543 0.24444955
v -0.15902545 0.83204545 0.24679539
v -0.14734786 0.83989375 0.24591850
v -0.04470557 0.87608564 0.24205786
v -0.22567917 0.73159350 0.25648256
v -0.22379293 0.74359422 0.25393065
v -0.17875182 0.81716013 0.24693055
v 0.17308961 0.81748267 0.24951093
v -0.13888842 0.84017343 0.25043409
v -0.08530750 0.85755066 0.25501000
v -0.05394529 0.86741072 0.25149918
v -0.00520208 0.87484993 0.24752024
v 0.00707834 0.87325498 0.24928781
v 0.02011597 0.87310090 0.24863249
v -0.17237952 0.80670195 0.25767521
v -0.15025615 0.83241170 0.25133728
v -0.12237262 0.85001779 0.24862623
v 0.12549684 0.84113798 0.25478283
v -0.10654958 0.85772155 0.24727750
v 0.07889152 0.86568405 0.24646130
v 0.04079509 0.86851612 0.25172655
v -0.23321523 0.71246338 0.25564716
v 0.16111741 0.81486818 0.25830164
v 0.10466588 0.85269927 0.25214409
v -0.09228555 0.85515424 0.25530904
v 0.07252683 0.86601727 0.24825729
v 0.04131129 0.86336062 0.25770266
v -0.20946598 0.72951659 0.26655187
v -0.17784397 0.78388199 0.26625832
v 0.20066232 0.78905574 0.25006852
v -0.18046078 0.79125773 0.26134172
v -0.14796615 0.82088816 0.26153104
v -0.12645811 0.83547604 0.26043592
v 0.11823094 0.83682019 0.26182393
v -0.09534285 0.84421348 0.26472783
v -0.07341470 0.85790458 0.25794653
v 0.06168597 0.86380780 0.25347282
v 0.06351003 0.85605251 0.26110997
v -0.05125276 0.86063564 0.25951000
v -0.03719773 0.86639550 0.25539434
v 0.03124405 0.85922774 0.26314969
v 0.01234630 0.86440536 0.25906994
v -0.20267052 0.75071715 0.26471272
v -0.19006523 0.75820155 0.26871897
v 0.13792790 0.83043324 0.25863545
v -0.11191212 0.83726185 0.26474308
v 0.10231587 0.84154169 0.26334571
v 0.09226118 0.84646759 0.26231373
v -0.06405513 0.85674272 0.26114308
v -0.03531308 0.85920461 0.26342484
v -0.02881040 0.85914328 0.26370235
v -0.02211701 0.86262922 0.26068072
v -0.00192807 0.86242604 0.26153431
v -0.14090992 0.82217228 0.26408720
v 0.13028454 0.81983567 0.26902401
v -0.12627283 0.82862520 0.26564256
v -0.10169302 0.83536351 0.26949415
v 0.09969846 0.83584962 0.26907345
v -0.06104645 0.85528483 0.26333000
v 0.06610130 0.85512775 0.26172162
v 0.01109922 0.85467120 0.26849460
v -0.18704556 0.73617030 0.27478664
v -0.18465602 0.74555439 0.27385266
v 0.17476404 0.78739572 0.26592841
v 0.09450439 0.83267805 0.27252625
v 0.05709633 0.84724042 0.27000830
v -0.02520980 0.85398447 0.26871806
v -0.01103320 0.85579661 0.26769667
v 0.02691398 0.85038745 0.27121227
v 0.03526917 0.85389012 0.26764150
v 0.05021334 0.85275219 0.26675794
v -0.19853135 0.69435826 0.27692513
v -0.13120939 0.81875728 0.27015335
v -0.12072873 0.81841293 0.27401735
v -0.09514313 0.82679774 0.27679666
v 0.08386577 0.82769137 0.27811094
v -0.07697166 0.83869661 0.27341883
v 0.08294983 0.84014961 0.27025395
v -0.05855496 0.84654149 0.27109415
v -0.05008089 0.84450210 0.27384051
v 0.05749298 0.83819816 0.27653599
v -0.02681179 0.85114491 0.27079346
v -0.16678944 0.73472484 0.28177443
v -0.17284330 0.74284507 0.27855794
v -0.11128377 0.82507112 0.27341743
v -0.10110529 0.82034243 0.27896164
v -0.08664749 0.83396889 0.27450663
v -0.03613460 0.84110022 0.27737150
v -0.01532829 0.84131356 0.27832891
v 0.03794396 0.84377720 0.27505886
v 0.04633054 0.83642576 0.27922058
v 0.00575051 0.84526727 0.27561497
v -0.16054207 0.74273022 0.28236824
v -0.10668822 0.81050294 0.28231999
v 0.06510984 0.83149968 0.27946200
v -0.03603961 0.83371819 0.28199914
v 0.00079283 0.83369023 0.28322876
v -0.17785382 0.67676721 0.28641429
v 0.18431585 0.68403469 0.28386296
v -0.14354410 0.73887854 0.28715343
v -0.12462107 0.76797588 0.28975365
v -0.12388204 0.77900972 0.28793625
v 0.11791203 0.79916745 0.28273328
v -0.06796747 0.82188566 0.28479636
v -0.06038955 0.82465167 0.28444489
v 0.06021958 0.82433917 0.28407442
v -0.02360187 0.82824867 0.28562358
v 0.02326433 0.83645986 0.28100956
v 0.03063365 0.82661539 0.28589710
v -0.14519533 0.70949748 0.28949114
v -0.06277567 0.81368841 0.28935669
v 0.07670732 0.81881399 0.28418690
v -0.05014790 0.82379211 0.28607467
v -0.04621697 0.82188960 0.28729935
v 0.03968858 0.82734081 0.28501491
v -0.01615202 0.82864746 0.28565748
v -0.00666121 0.82354191 0.28828917
v 0.00531801 0.81894434 0.29055722
v -0.12866385 0.70109742 0.29508404
v -0.11183609 0.76072855 0.29366199
v 0.09925378 0.79141852 0.29019755
v -0.06957683 0.80547388 0.29160678
v -0.05572729 0.80918994 0.29188882
v 0.06634823 0.80538596 0.29159541
v 0.07098717 0.81190084 0.28836487
v 0.04899926 0.80843209 0.29250814
v -0.02126755 0.81661994 0.29119652
v 0.00246772 0.81573627 0.29183245
v 0.02421902 0.81709319 0.29083642
v 0.18443004 0.66213298 0.28573496
v -0.14265385 0.67837900 0.29602470
v -0.09513232 0.76248057 0.29698201
v -0.03083580 0.80548592 0.29496571
v 0.04615622 0.81702844 0.28964343
v 0.00610097 0.81226587 0.29319424
v 0.10117808 0.73342776 0.29729577
v 0.04035408 0.79066843 0.29853306
v 0.06013126 0.78445717 0.29817329
v -0.02995614 0.79388779 0.29832992
v -0.02750880 0.79149318 0.29899449
v 0.05693524 0.79472549 0.29605504
v -0.01724001 0.79578093 0.29820380
v -0.01002894 0.79597904 0.29824575
v 0.00834328 0.79560422 0.29840181
v 0.02341987 0.79472281 0.29835666
v -0.05994488 0.76158450 0.30247064
v -0.02052951 0.78247715 0.30123825
v 0.03871254 0.77637327 0.30158327
v -0.00059816 0.78281084 0.30140086
v 0.01347713 0.78249357 0.30133015
v 0.03170775 0.77622111 0.30200788
v -0.11586021 0.64194146 0.31463937
v -0.10774303 0.72292070 0.31024672
v -0.04433346 0.73155700 0.30847431
v -0.04495496 0.74418025 0.30621273
v -0.03440961 0.74785612 0.30628515
v 0.03874355 0.74549578 0.30622528
v -0.01951642 0.76747827 0.30383441
v -0.01778917 0.75195954 0.30614715
v 0.02573451 0.75292540 0.30569772
v 0.00544280 0.75155520 0.30628159
v -0.07456443 0.70319242 0.30946064
v -0.10725125 0.71492255 0.31851093
v -0.07828150 0.71463618 0.30579549
v 0.06075729 0.72425721 0.30725252
v 0.05197289 0.73182755 0.30721646
v -0.03237198 0.72897450 0.30990877
v 0.00075828 0.73689226 0.30878823
v 0.01967493 0.73768013 0.30836169
v 0.02378098 0.73398202 0.30900813
v 0.07798262 0.69427132 0.31117908
v -0.04850079 0.71169751 0.31359408
v -0.01797242 0.72275388 0.31217917
v -0.09671598 0.65528927 0.31976141
v -0.09068205 0.67506966 0.31537255
v -0.03476860 0.71001374 0.31608050
v 0.05114162 0.70041575 0.31780815
v -0.00327703 0.71441387 0.31498975
v 0.04577069 0.70989640 0.31457671
v 0.01717860 0.71539469 0.31464975
v 0.05626867 0.68382655 0.32500066
v -0.04263052 0.69273397 0.32437535
v -0.04239817 0.69880459 0.32057643
v -0.02496180 0.69794748 0.32317806
v 0.03773394 0.70038711 0.32065469
v -0.11199106 0.70520621 0.31975741
v -0.00347548 0.70975313 0.31712541
v 0.01318238 0.70469426 0.31971461
v 0.10789270 0.71425611 0.31755794
v -0.04953745 0.68406866 0.32758429
v 0.03936324 0.69410653 0.32392346
v 0.00180919 0.70334299 0.32056774
v 0.00648704 0.69993421 0.32259428
v -0.07257730 0.65747013 0.32858507
v -0.05595540 0.67581206 0.32917822
v -0.03226041 0.67651239 0.33783217
v -0.02378199 0.68502306 0.33306121
v 0.03099220 0.69101827 0.32715885
v -0.00092102 0.68954259 0.33081939
v 0.04261463 0.67042593 0.33737873
v -0.02998050 0.67254439 0.34105712
v -0.03904578 0.63249319 0.34127558
v -0.02565254 0.63357521 0.34553624
v 0.02746640 0.62754956 0.34864183
v 0.00435825 0.64367230 0.34969407
v 0.02048776 0.65780889 0.34612397
v 0.00114180 0.65387820 0.34918909
v 0.01448031 0.63758107 0.34914889
v -0.01678141 0.68211539 0.35375413
v -0.00212256 0.19548752 -0.35448271
v -0.00716319 0.15826741 -0.35191144
v -0.00961779 0.12454295 -0.33465631
v -0.00882770 0.11345773 -0.32769094
v -0.01196658 0.13796141 -0.29563428
v -0.08803511 0.71593551 -0.32757477
v -0.10568938 0.72995131 -0.32432476
v -0.12306103 0.69362960 -0.32255957
v -0.14322637 0.68874900 -0.31782998
v -0.15836095 0.70747561 -0.31427230
v -0.15333305 0.72393357 -0.31448546
v -0.12993460 0.76780007 -0.31097224
v -0.10538586 0.76168265 -0.31772239
v -0.08864498 0.79580109 -0.30775951
v -0.08587216 0.79237652 -0.30977362
v -0.16811712 0.65599550 -0.30537165
v -0.17775405 0.68196134 -0.30675440
v -0.13423357 0.77828152 -0.30620029
v -0.18013093 0.73939063 -0.30342714
v -0.18781034 0.68520125 -0.30342407
v -0.18370418 0.74234639 -0.30164111
v -0.17558768 0.76874506 -0.29708939
v -0.15933354 0.77085187 -0.30194539
v -0.18397978 0.66761679 -0.30218298
v -0.19752065 0.74138646 -0.29544192
v -0.20045141 0.66083668 -0.29332347
v -0.20548695 0.69070128 -0.29586018
v -0.16793425 0.78945954 -0.29098070
v -0.21069847 0.67508824 -0.29129245
v -0.21484455 0.70812250 -0.29106463
v -0.18483069 0.80109168 -0.27757527
v -0.00900581 0.06414689 -0.28290431
v -0.21340206 0.66498668 -0.28775077
v -0.22436464 0.69427214 -0.28543541
v -0.20508949 0.63726093 -0.28303779
v -0.21630776 0.65312665 -0.28289361
v -0.22524259 0.68414178 -0.28435128
v -0.22735337 0.71387942 -0.28293115
v -0.22522665 0.72965752 -0.28187479
v -0.19424047 0.78989136 -0.27817267
v -0.04543732 0.85366861 -0.27132784
v -0.20283902 0.78770414 -0.27397388
v -0.23237371 0.72780298 -0.27717464
v -0.22424924 0.76248817 -0.27218103
v -0.08728698 0.84205466 -0.27837080
v -0.23519312 0.69196774 -0.27824726
v -0.23996433 0.69839016 -0.27425791
v -0.23264703 0.75829600 -0.26721437
v -0.18632903 0.80905140 -0.27015974
v -0.24118194 0.71289853 -0.27240819
v -0.24389223 0.73056149 -0.26624038
v -0.21807129 0.78749660 -0.26291997
v -0.24904395 0.66674704 -0.26308171
v -0.25085822 0.72410099 -0.26111491
v -0.13271789 0.84821155 -0.25974456
v -0.24699087 0.65065306 -0.26086794
v -0.24989146 0.65548749 -0.25966597
v -0.25362444 0.68942939 -0.26166645
v -0.25310001 0.70622869 -0.26163853
v -0.23044469 0.78922720 -0.24966222
v -0.12450934 0.85475488 -0.25459247
v -0.11596660 0.85864934 -0.25234842
v -0.22727249 0.61618883 -0.25885075
v -0.24714259 0.76159182 -0.24988612
v -0.22899155 0.78107289 -0.25746624
v -0.15706097 0.84456313 -0.25256577
v -0.23733558 0.62012849 -0.25305280
v -0.25252874 0.66663137 -0.26017743
v -0.22196719 0.80267040 -0.24613265
v -0.21442058 0.80551975 -0.25099526
v -0.26109480 0.71505110 -0.24943253
v -0.24223215 0.77306052 -0.24815745
v -0.13037669 0.86030758 -0.24329835
v -0.26365003 0.69906905 -0.24868581
v -0.18127181 0.83071660 -0.25293663
v -0.05919911 0.87867610 -0.23224310
v -0.26509762 0.67892962 -0.24633540
v -0.26864119 0.68918834 -0.24073382
v -0.26061917 0.74058584 -0.24106412
v -0.25146618 0.75512717 -0.24863638
v -0.25348473 0.76191105 -0.24000022
v -0.24884527 0.77001155 -0.24163071
v -0.22699539 0.80805912 -0.23454324
v -0.08095322 0.87529425 -0.23388760
v -0.24371011 0.61467898 -0.24395068
v -0.16113741 0.85498489 -0.23171844
v -0.26492092 0.65378909 -0.24074747
v -0.26113829 0.75075806 -0.23310997
v -0.04754911 0.88190707 -0.22610215
v -0.26668508 0.66378185 -0.24144919
v -0.27075691 0.66679008 -0.23482366
v -0.26870970 0.71135871 -0.23800017
v -0.26235300 0.73890207 -0.23986326
v -0.25943635 0.76559331 -0.22457131
v -0.25442891 0.76900849 -0.23225191
v -0.19455883 0.83883433 -0.22885921
v -0.27050552 0.65132619 -0.23040027
v -0.26536809 0.75132798 -0.22219463
v -0.22842288 0.81262354 -0.22626856
v -0.27594898 0.71142010 -0.21911933
v -0.26055969 0.76129738 -0.22530689
v -0.11688239 0.87412683 -0.21937503
v -0.02716895 0.17418767 -0.22133433
v -0.26589405 0.61591465 -0.21577823
v -0.24264103 0.79343526 -0.22857386
v -0.18347205 0.84735746 -0.22576263
v -0.28107736 0.67287695 -0.20986419
v -0.27754257 0.69493428 -0.22006684
v -0.24799523 0.79722514 -0.21061821
v -0.18437421 0.85204483 -0.21313739
v -0.11150538 0.19003334 -0.21531419
v -0.10245715 0.22123551 -0.21289747
v -0.26824492 0.62944810 -0.22275766
v -0.27041232 0.74616281 -0.21010926
v -0.24073615 0.80708857 -0.21152832
v -0.25837787 0.77846426 -0.20935409
v -0.25300216 0.78533811 -0.21627960
v -0.15591802 0.86519761 -0.21062733
v -0.02066811 0.89258319 -0.19301323
v -0.16249395 0.16380027 -0.20700020
v -0.09753985 0.25362503 -0.20652228
v -0.27939644 0.68148234 -0.21614627
v -0.26605678 0.76420209 -0.20206212
v -0.25157025 0.79662700 -0.20174360
v -0.17127010 0.86078932 -0.20487692
v -0.15033020 0.87161398 -0.19525447
v -0.10488052 0.88246781 -0.19832750
v -0.16990232 0.15077945 -0.20416616
v -0.16257937 0.21162123 -0.20306690
v -0.14448443 0.24559147 -0.20078031
v -0.09379104 0.29095165 -0.19710879
v -0.28314837 0.66177054 -0.19971394
v -0.24343677 0.80789619 -0.20290727
v -0.07965673 0.88907488 -0.18571853
v -0.06106476 0.88893192 -0.19814250
v -0.17523589 0.21059471 -0.19928087
v -0.16984086 0.22377593 -0.19854270
v -0.12239844 0.26617770 -0.20003666
v -0.17780586 0.12805779 -0.19868042
v -0.18404349 0.20183762 -0.19668030
v -0.16055024 0.24773534 -0.19606561
v -0.13767601 0.27328268 -0.19513346
v -0.27082777 0.75192664 -0.19868667
v -0.20363991 0.84693817 -0.19675502
v -0.17752382 0.86339159 -0.18796557
v -0.09061861 0.88665889 -0.18924492
v -0.19154782 0.19803706 -0.19303935
v -0.28118632 0.66748402 -0.21069038
v -0.28501250 0.68752528 -0.19210766
v -0.24445159 0.81567432 -0.17544028
v -0.23514539 0.82615358 -0.18323893
v -0.15984735 0.87258278 -0.18014379
v -0.19009815 0.11924023 -0.19012773
v -0.19935052 0.14043537 -0.18715447
v -0.19502749 0.18525359 -0.19217338
v -0.19596234 0.20615213 -0.18905607
v -0.17663142 0.25493043 -0.18889710
v -0.15269759 0.28252050 -0.18896124
v -0.09519324 0.31685955 -0.18962914
v -0.27977398 0.73111755 -0.17599464
v -0.19977676 0.85484195 -0.18463216
v -0.18842623 0.10342812 -0.18578525
v -0.17777872 0.27497230 -0.18281885
v -0.16052194 0.28679935 -0.18544871
v -0.13347445 0.88040186 -0.16968854
v -0.06141155 0.89289817 -0.17237298
v -0.20639781 0.13909339 -0.17854152
v -0.20039948 0.15331183 -0.18784546
v -0.20675824 0.15801086 -0.18069162
v -0.20491798 0.18622634 -0.18252652
v -0.20461461 0.20812780 -0.18165253
v -0.20363285 0.21754014 -0.18095689
v -0.18546808 0.27484256 -0.17914904
v -0.28371606 0.70227966 -0.18963156
v -0.24156941 0.81976651 -0.17739389
v -0.17939974 0.87301748 -0.17296916
v -0.16316370 0.87932456 -0.16488264
v -0.19383702 0.09736905 -0.17843069
v -0.19848973 0.11501639 -0.18174943
v -0.20125704 0.11455529 -0.17817074
v -0.20137760 0.13114231 -0.18378286
v -0.20863116 0.14909345 -0.17658759
v -0.20753481 0.18230497 -0.17957028
v -0.20330398 0.23059272 -0.17883729
v -0.09481599 0.37208764 -0.17423148
v -0.26323686 0.77964180 -0.17348007
v -0.10213168 0.88739785 -0.17043130
v -0.20819251 0.13090381 -0.17327966
v -0.16412646 0.31624976 -0.17483291
v -0.13892145 0.34763600 -0.17261210
v -0.21076619 0.15118497 -0.17349388
v -0.21336903 0.20334510 -0.17157863
v -0.21166587 0.22846619 -0.17016525
v -0.20882411 0.25771835 -0.16565079
v -0.28692911 0.65979474 -0.18195406
v -0.27641511 0.74840318 -0.16943741
v -0.26538437 0.77828341 -0.17145576
v -0.23582191 0.84214541 -0.17580823
v -0.17205058 0.87651345 -0.16927242
v -0.13107390 0.88225187 -0.15677836
v 0.05856697 0.07810169 -0.16674246
v -0.20993615 0.13389439 -0.17091607
v -0.21342899 0.19065692 -0.17196896
v -0.21547740 0.21318237 -0.16745276
v -0.20382508 0.24021005 -0.17652639
v -0.19825533 0.28483847 -0.16697598
v -0.08272319 0.48600785 -0.16737533
v -0.29050541 0.69050561 -0.15902325
v -0.14351541 0.88116773 -0.15637122
v -0.06779535 0.89410975 -0.15187087
v -0.19412526 0.07374285 -0.16261153
v -0.21025327 0.12301700 -0.16668771
v -0.21710980 0.15563591 -0.15700514
v -0.21904094 0.19785376 -0.16228889
v -0.20139789 0.28430041 -0.16421704
v -0.16438741 0.34215049 -0.16617720
v -0.12650300 0.40105139 -0.16140393
v -0.22448431 0.87240012 -0.15874973
v -0.20880846 0.87805976 -0.15929860
v -0.19633329 0.88113820 -0.15858004
v -0.03097558 0.89678033 -0.14596418
v 0.06543195 0.06036127 -0.16043242
v -0.21947214 0.21837314 -0.15861562
v -0.20355319 0.28958123 -0.15941121
v -0.14932923 0.39370965 -0.15733000
v -0.11487933 0.41647619 -0.15961022
v -0.27927917 0.59924274 -0.15107121
v -0.28685557 0.63702893 -0.16871192
v -0.35006805 0.73886696 -0.15806983
v -0.28378367 0.82093844 -0.15711869
v -0.25158572 0.85361534 -0.16098251
v -0.07726462 0.89341996 -0.14708841
v -0.21198490 0.11160203 -0.15245958
v -0.22096677 0.17034998 -0.15307346
v -0.22225358 0.20642849 -0.15419144
v -0.20907911 0.28624521 -0.15287376
v -0.16498641 0.37372260 -0.15713388
v -0.10819362 0.46823029 -0.15845880
v -0.35181276 0.73092117 -0.15765885
v -0.22256462 0.17948024 -0.15174924
v -0.21375779 0.26899004 -0.15268116
v -0.16691975 0.38369418 -0.15438699
v -0.24039002 0.87366926 -0.14398913
v -0.18074663 0.89002621 -0.14091372
v -0.20545752 0.30515280 -0.14952045
v -0.17878456 0.38581544 -0.14930965
v -0.29500717 0.65783035 -0.13817935
v -0.36236098 0.72707365 -0.15331638
v -0.27622082 0.83858464 -0.15200764
v -0.25357011 0.86396947 -0.14548636
v 0.17701845 0.89032182 -0.13654152
v -0.04875688 0.89670148 -0.12687096
v -0.12547373 0.48573399 -0.14389479
v -0.28587927 0.61311007 -0.13861340
v -0.23183082 0.87960145 -0.14048010
v 0.05415637 0.06516635 -0.14703594
v -0.21687971 0.27147988 -0.14408104
v -0.19700764 0.34808674 -0.14374208
v -0.12238002 0.46931946 -0.15050038
v -0.37409867 0.72198814 -0.14417574
v -0.37545065 0.73392802 -0.13747060
v -0.32491873 0.78883849 -0.14213585
v -0.23410880 0.88375008 -0.12761508
v -0.13788461 0.44635995 -0.13304177
v -0.13810872 0.49263549 -0.13032653
v -0.37108700 0.70766456 -0.14759278
v -0.38443101 0.72093182 -0.13103363
v -0.37333955 0.74449023 -0.12851516
v -0.31717121 0.79997050 -0.13992242
v 0.17008275 0.89167110 -0.12121898
v 0.04000524 0.06865352 -0.11800843
v -0.22627492 0.23302127 -0.13207464
v -0.22020163 0.27694991 -0.13023264
v -0.21094770 0.33093966 -0.12560525
v -0.20941148 0.08170631 -0.13033199
v -0.22786901 0.18101088 -0.13404881
v -0.22851966 0.19165480 -0.13294963
v -0.22878738 0.19715353 -0.13246344
v -0.22626134 0.21612721 -0.14036454
v -0.22414396 0.24757786 -0.13283586
v -0.21845716 0.30303670 -0.11750108
v -0.14616950 0.44558318 -0.12523906
v -0.38307128 0.69533137 -0.13194171
v -0.38417889 0.70909533 -0.13359285
v -0.31066813 0.81488988 -0.13052440
v -0.14564416 0.46267099 -0.12892504
v -0.14277027 0.48013040 -0.12755980
v -0.32172293 0.80288129 -0.12599029
v -0.29680891 0.83120078 -0.13241222
v -0.22049071 0.89018944 -0.12185994
v 0.04577585 0.03543723 -0.11870579
v -0.20413983 0.06209961 -0.12799693
v -0.23115882 0.22978227 -0.10631329
v -0.27781639 0.33930209 -0.12498772
v -0.24654636 0.38329005 -0.12421943
v -0.18561336 0.42716494 -0.12130867
v -0.17730085 0.42846103 -0.12532860
v -0.37862813 0.73778034 -0.12550932
v -0.37197579 0.75074181 -0.11181717
v -0.25468251 0.87143111 -0.12887271
v -0.21691079 0.31085549 -0.11885462
v -0.26581980 0.56528555 -0.12011073
v -0.30128522 0.83358457 -0.11466973
v 0.04370597 0.06373222 -0.12350725
v -0.22847792 0.25326785 -0.10633121
v -0.22631333 0.25340417 -0.11935638
v -0.19246831 0.42798511 -0.11468342
v -0.25109892 0.87988671 -0.10565089
v -0.22917951 0.89039189 -0.10411888
v -0.21960671 0.89434612 -0.09798719
v 0.04175514 0.04991196 -0.11235157
v -0.21455293 0.41812631 -0.11358561
v -0.32947997 0.79821878 -0.11120888
v -0.15747459 0.44488523 -0.10896599
v -0.16088298 0.46019239 -0.10700182
v -0.15524463 0.48337825 -0.10700520
v 0.04235591 0.02898365 -0.10897526
v -0.23296829 0.17688594 -0.09560297
v -0.32254944 0.30582301 -0.11000058
v -0.32664127 0.32089171 -0.11029164
v -0.32073975 0.33735380 -0.11131184
v -0.21328022 0.42335449 -0.10388137
v -0.33056954 0.79901635 -0.09703842
v -0.28735451 0.85142306 -0.10376695
v -0.26289545 0.40085347 -0.09927932
v -0.16371277 0.46973642 -0.09945488
v -0.39202570 0.69827589 -0.09793372
v 0.03713251 0.02767259 -0.09054546
v -0.27777125 0.39438898 -0.09746890
v -0.24825503 0.40919680 -0.09819761
v -0.22751293 0.25855362 -0.10649450
v -0.33900810 0.29886588 -0.10272089
v -0.34649471 0.30890428 -0.10113610
v -0.35858130 0.31672709 -0.09498810
v -0.25296562 0.41275360 -0.08128943
v -0.16386306 0.48009717 -0.09235711
v -0.21233143 0.89705856 -0.08093954
v -0.36030118 0.30784147 -0.09404795
v -0.35597762 0.33299060 -0.09290282
v -0.34521266 0.35217699 -0.08913424
v -0.28434665 0.39208885 -0.09356987
v -0.36259778 0.33028015 -0.08971880
v -0.35474537 0.34220565 -0.08899032
v -0.31034576 0.37991366 -0.08733386
v -0.26331501 0.40880464 -0.07622537
v -0.16785594 0.48238490 -0.08076256
v -0.25238156 0.41196797 -0.08342509
v -0.17033713 0.46657768 -0.08599640
v -0.22994182 0.25360490 -0.08268174
v -0.37015345 0.27002237 -0.08166151
v -0.38507425 0.28788047 -0.07922150
v -0.37162053 0.32130153 -0.08604946
v -0.32192682 0.37585126 -0.07956060
v -0.36928877 0.26294828 -0.07982455
v -0.38043769 0.32669359 -0.07681705
v -0.37143768 0.33866709 -0.07411009
v -0.33940079 0.36378640 -0.07910399
v -0.29156900 0.39539583 -0.07101347
v -0.17421220 0.46230932 -0.07902067
v -0.39419108 0.28780661 -0.07515183
v -0.38872288 0.31234162 -0.07667259
v -0.37911497 0.65349433 -0.07369882
v -0.20864795 0.06512246 -0.06735613
v -0.39883852 0.29336879 -0.07316171
v -0.39544280 0.31482625 -0.06927818
v -0.38785027 0.32311008 -0.07069393
v -0.24285251 0.41883222 -0.05994628
v -0.17362702 0.48459456 -0.06038174
v -0.26940150 0.87190888 -0.05576990
v -0.21613899 0.09664084 -0.05054571
v -0.41468761 0.26486303 -0.06807408
v -0.38938623 0.32563553 -0.06544588
v -0.29108724 0.39694213 -0.05638309
v -0.42600877 0.26646649 -0.06023224
v -0.42090595 0.27100473 -0.06454237
v -0.17852593 0.46592574 -0.06344349
v -0.42475673 0.27853171 -0.05937517
v -0.42052130 0.28422579 -0.06232745
v -0.40990597 0.30963582 -0.05302832
v -0.38803854 0.32948531 -0.06048591
v -0.17672263 0.47370919 -0.06023019
v -0.40049856 0.31774902 -0.05768319
v 0.35420820 0.76983266 -0.05771841
v -0.42642656 0.28052377 -0.05595874
v -0.42407091 0.29227757 -0.04851770
v -0.41296291 0.30567379 -0.05207744
v -0.41780890 0.29955383 -0.05268339
v -0.43275209 0.26910051 -0.03183264
v -0.40050283 0.32044232 -0.04638132
v -0.40916243 0.31268358 -0.03752305
v 0.13280737 0.88862257 -0.04178059
v -0.18447788 0.44099295 -0.04200718
v -0.35620469 0.23572238 -0.02484472
v -0.13071750 0.88844906 -0.02892809
v -0.23147790 0.89303747 -0.03732460
v -0.34610061 0.24142872 -0.01537995
v 0.41176667 0.24204933 -0.01637591
v 0.42231074 0.26793894 -0.01091748
v 0.40363888 0.25076826 -0.00567721
v -0.41905137 0.26140735 0.00275782
v -0.42232026 0.28255584 0.00697512
v -0.23550974 0.26888958 0.02171530
v -0.42397576 0.28162338 0.02117136
v 0.14685661 0.89127026 0.03965541
v 0.23963288 0.18017638 0.01587316
v 0.18096718 0.48212969 0.03613873
v 0.33806547 0.62015498 0.01977397
v -0.37842636 0.73505636 0.03076442
v -0.02884438 0.05912492 0.04661777
v 0.21491110 0.07462773 0.03387601
v 0.18379799 0.43618610 0.04184150
v 0.32190030 0.61744336 0.03013967
v 0.40118551 0.27918513 0.04214528
v 0.40041437 0.31409343 0.03819974
v 0.17908872 0.47941043 0.04024558
v -0.40685074 0.25823909 0.04331683
v 0.23536311 0.15519914 0.04617880
v -0.25226840 0.26719072 0.04520415
v -0.38937278 0.70733377 0.03796444
v -0.40728929 0.25318034 0.05237017
v -0.41314846 0.26641451 0.04787215
v -0.34330472 0.78206013 0.07168203
v -0.24694012 0.27128368 0.05220427
v 0.34809063 0.62934967 0.07173742
v -0.27558973 0.26112420 0.05557288
v 0.17727041 0.43470708 0.06239945
v -0.29888632 0.25753944 0.06766745
v 0.23027568 0.28282498 0.07266292
v 0.39954986 0.29571138 0.06065480
v 0.39141297 0.68990557 0.06670070
v -0.05068433 0.00409891 0.07933067
v 0.23867469 0.20580721 0.06973280
v 0.23820896 0.21800600 0.07939358
v 0.17539780 0.45917423 0.06944985
v 0.17255731 0.47598605 0.06519243
v 0.22040902 0.10719134 0.05797265
v 0.17348962 0.44458495 0.07615178
v 0.37979384 0.66113087 0.08287054
v 0.38495481 0.66721483 0.07293410
v -0.25519460 0.27656447 0.07284666
v 0.36009526 0.31885782 0.07647459
v -0.06905811 0.00106485 0.07416233
v 0.19630715 0.02679346 0.08906243
v 0.36691138 0.30521653 0.07581974
v 0.17662458 0.43580885 0.06699422
v 0.36487161 0.64805577 0.09068559
v 0.33665485 0.33797370 0.08234097
v 0.18926327 0.02456374 0.10851692
v 0.20471290 0.04811890 0.09492019
v -0.22581608 0.30236795 0.09259037
v 0.38773692 0.68407889 0.09341565
v -0.04643423 0.00779923 0.08649402
v 0.20305900 0.04374905 0.09628100
v -0.26904085 0.28195325 0.08735416
v -0.25328711 0.28786690 0.08785165
v 0.27745226 0.57914888 0.07938402
v 0.15907938 0.43148052 0.09949504
v 0.33726352 0.63098699 0.08775812
v 0.15035964 0.00907251 0.10789568
v 0.18380016 0.01908596 0.10490560
v 0.19753009 0.03088569 0.09571168
v 0.21678232 0.10058177 0.09636629
v -0.26315629 0.29630425 0.09812065
v -0.25648621 0.29579389 0.09679032
v 0.31496828 0.32471033 0.09424743
v 0.21372629 0.50688417 0.09166435
v 0.33107159 0.63459255 0.09895098
v 0.39034563 0.69597135 0.09297001
v -0.05268900 0.00982910 0.10262798
v -0.03730317 0.02047944 0.08577948
v 0.23245881 0.24330361 0.10856283
v -0.23921573 0.31047230 0.10292042
v 0.27059526 0.30033912 0.09866380
v 0.36160613 0.65486924 0.10652095
v 0.22244769 0.29581609 0.10660372
v 0.29086609 0.32924009 0.10114496
v 0.37635366 0.67109862 0.10663648
v 0.36900483 0.74869427 0.09959828
v 0.21476035 0.10211977 0.12072598
v 0.21376485 0.33973906 0.10740173
v 0.25905231 0.34139129 0.10832491
v 0.35785451 0.65337068 0.10791991
v 0.37993938 0.68066724 0.11038969
v 0.14163851 0.00998295 0.11242031
v 0.20080355 0.04556206 0.11309868
v 0.24508759 0.34712400 0.11075063
v 0.35656962 0.65790034 0.11422297
v 0.17689625 0.01924910 0.11383764
v 0.18616250 0.02781703 0.11790958
v 0.22607811 0.26890098 0.11783932
v 0.14926546 0.43044030 0.11320345
v 0.14730813 0.47128113 0.11225698
v 0.19735285 0.50189006 0.13815060
v 0.35888313 0.66176727 0.11613712
v 0.22858936 0.15210907 0.11581315
v 0.19595443 0.38175251 0.11651811
v 0.15455413 0.44717582 0.11015000
v 0.20110293 0.05445880 0.12376489
v 0.19985448 0.36420190 0.11935713
v 0.19327870 0.37467011 0.12073346
v 0.28791016 0.61568849 0.12547261
v 0.37582477 0.72486206 0.12001583
v 0.15240506 0.01525281 0.12127145
v 0.18018186 0.02993283 0.12869250
v 0.03649008 0.07008980 0.12955668
v 0.21372194 0.30830395 0.12637948
v 0.14053306 0.44052641 0.12658327
v 0.37698301 0.70488730 0.12370398
v 0.37293458 0.72623816 0.12273037
v 0.22470709 0.15404162 0.13351858
v 0.29802206 0.65534951 0.12726018
v 0.21399290 0.11042866 0.13469067
v 0.20037085 0.32873804 0.13474890
v 0.13413909 0.43030754 0.12947074
v 0.27963003 0.59891784 0.14112556
v 0.28728586 0.62596420 0.14420483
v 0.29594828 0.66814475 0.13537253
v 0.34119127 0.67298157 0.13255758
v 0.18548732 0.04847457 0.14475223
v 0.12324103 0.43561099 0.14200188
v 0.17494594 0.49005159 0.13819902
v 0.19885202 0.50592987 0.15375922
v 0.34780892 0.68615586 0.13480886
v 0.35900599 0.69768337 0.13354481
v 0.35089414 0.70862245 0.13763086
v 0.36086333 0.71751952 0.13335720
v 0.35021544 0.74709729 0.13009868
v 0.19029490 0.04448834 0.13436380
v 0.22812460 0.18723776 0.13853233
v 0.22420295 0.21833178 0.14899044
v 0.33812261 0.70236695 0.14101965
v 0.34920934 0.72035744 0.13808891
v 0.33944492 0.73428486 0.14000965
v 0.26599075 0.84108637 0.13599538
v 0.17649019 0.03514933 0.13973854
v 0.19211517 0.06262360 0.15018113
v 0.21379887 0.13320194 0.15215943
v 0.22336306 0.20914962 0.15437227
v 0.22679154 0.20693277 0.14323212
v 0.12376083 0.46296349 0.13256148
v 0.16750052 0.48829200 0.14766978
v -0.29189871 0.69556445 0.14540106
v 0.33584162 0.71727137 0.14212891
v 0.27528387 0.81174248 0.14183148
v -0.04772448 0.04252706 0.14049795
v 0.21228428 0.29248826 0.14000472
v 0.31365742 0.70806596 0.14543339
v 0.32230714 0.72873415 0.14500695
v 0.17509080 0.04376911 0.14920560
v 0.21031470 0.11004939 0.14914079
v 0.10453605 0.46918027 0.14672337
v 0.26024222 0.79384261 0.14867997
v -0.05747146 0.03934066 0.15235857
v -0.04914050 0.07495913 0.16244363
v 0.22007532 0.16837277 0.15516440
v 0.22142744 0.21302346 0.15635484
v 0.20565892 0.28745080 0.15178302
v 0.10333748 0.44836650 0.15064056
v 0.08716486 0.46822877 0.15517133
v 0.26860103 0.76494403 0.14936840
v 0.23923801 0.85475681 0.14946213
v -0.07629577 0.02995521 0.15428152
v -0.05260851 0.04247301 0.14923913
v 0.18544151 0.06342337 0.15828872
v 0.07917350 0.46789293 0.15698723
v 0.22807916 0.53162588 0.16830809
v 0.27249534 0.58903190 0.15636508
v 0.27578001 0.59717817 0.15824927
v 0.23904815 0.81962013 0.15385973
v 0.23328437 0.82867936 0.15593428
v 0.17969425 0.06221197 0.16168471
v 0.20385721 0.08463038 0.14965000
v 0.21568944 0.23259658 0.16173095
v 0.09006586 0.44598721 0.15743691
v 0.22171770 0.83935789 0.15982376
v 0.14818723 0.04584169 0.16523069
v 0.20687896 0.12060750 0.16357772
v 0.12047526 0.47565964 0.15979072
v 0.27544279 0.60698297 0.17534525
v 0.22587273 0.83078517 0.16291297
v 0.13029066 0.04363908 0.16862286
v 0.19319622 0.08525335 0.16518140
v 0.21269849 0.23004189 0.16582504
v 0.19854447 0.27969663 0.16210923
v 0.02338294 0.46532160 0.16695566
v 0.20902475 0.15775770 0.17218422
v 0.21521372 0.19853213 0.16845127
v 0.18478546 0.29125555 0.16671682
v 0.02049766 0.46773562 0.17701616
v 0.09018531 0.47444557 0.18301250
v 0.13895216 0.05096335 0.17304134
v 0.18815268 0.10843772 0.18140487
v 0.19772117 0.11182302 0.17367116
v 0.21313354 0.17214106 0.16856642
v 0.20685883 0.23350936 0.17126764
v -0.04062165 0.38403712 0.17035377
v 0.02407621 0.43090831 0.17676770
v -0.05343088 0.07886881 0.17309361
v 0.20389800 0.16764965 0.18086172
v 0.20595622 0.20485263 0.17774890
v 0.20448225 0.21681456 0.17740229
v 0.10362973 0.47967161 0.19315799
v 0.26845396 0.58864808 0.17214836
v 0.19701953 0.13582772 0.18327161
v -0.04922904 0.39132580 0.18671209
v 0.27883953 0.62359267 0.17917749
v 0.28111624 0.69845099 0.17660507
v -0.05595820 0.37783562 0.18431731
v 0.25271147 0.77886120 0.18933128
v -0.06564803 0.08396201 0.19040445
v 0.19493213 0.14231214 0.18675965
v 0.19480221 0.16497336 0.18937292
v 0.19800999 0.19306198 0.18596227
v 0.18729835 0.23837216 0.18433337
v 0.17772665 0.50540543 0.19242320
v 0.27168863 0.61597226 0.19528027
v 0.24593030 0.79418332 0.18314103
v 0.01418339 0.08630222 0.19183908
v 0.18741973 0.16576252 0.19468968
v 0.19896089 0.18224592 0.18615098
v 0.16646728 0.22387795 0.19850686
v -0.06605906 0.35824139 0.19396934
v 0.22900363 0.53915128 0.18505498
v 0.28030390 0.69029367 0.18548148
v 0.18546675 0.20303470 0.19316860
v 0.17872013 0.21841296 0.19373691
v 0.16446252 0.24147610 0.19462790
v -0.04263897 0.37476205 0.19641504
v 0.21695955 0.53930589 0.20710568
v 0.25398973 0.57705367 0.19639500
v 0.27759369 0.63947317 0.19295423
v 0.04665357 0.30435067 0.20161982
v -0.00353920 0.37459948 0.19706941
v 0.26528960 0.60107922 0.19784674
v 0.27871099 0.66410111 0.19523080
v 0.17453748 0.16960558 0.20152464
v -0.04107553 0.35164581 0.20079134
v 0.11339480 0.48619035 0.20528061
v 0.17693099 0.51113537 0.20593563
v 0.19359504 0.52205405 0.20781370
v 0.25176659 0.58455929 0.20977148
v 0.26773211 0.64923031 0.21957126
v 0.17022873 0.17734140 0.20327503
v 0.02318828 0.28767606 0.20808105
v 0.06310190 0.34406820 0.20825390
v 0.21484314 0.54026379 0.21039998
v 0.27518776 0.66030570 0.20427727
v 0.27703146 0.67945837 0.19924630
v 0.07115304 0.11554789 0.21173267
v 0.01466875 0.35343882 0.20399130
v 0.17304601 0.51445780 0.21670450
v 0.21180329 0.53934372 0.21301763
v 0.14507540 0.17785851 0.21191735
v 0.14945511 0.19081674 0.20998965
v 0.15046257 0.50351967 0.21627710
v 0.15763837 0.50774108 0.21811083
v 0.22991632 0.55492658 0.21018610
v 0.25774013 0.60440931 0.21575791
v 0.26242706 0.62304309 0.21886923
v 0.26826497 0.63022498 0.21199929
v 0.24191606 0.78587280 0.20505100
v 0.07094834 0.13403491 0.21793811
v 0.12603502 0.17279071 0.21620052
v 0.10994697 0.21122762 0.21656485
v 0.06553561 0.48221950 0.21869127
v 0.16785095 0.51081943 0.21489000
v 0.10504366 0.15758092 0.21908928
v 0.10373263 0.18037442 0.21983597
v 0.04294027 0.30656481 0.22039382
v 0.08625805 0.48678790 0.22107396
v 0.21383383 0.54674190 0.22088486
v 0.25599119 0.61142981 0.22353121
v 0.26109862 0.73741054 0.21210041
v 0.07072544 0.19523942 0.22295678
v 0.20179955 0.53840889 0.22380493
v 0.23985197 0.59450908 0.23418911
v 0.26937378 0.67434516 0.21780139
v 0.25194915 0.74795579 0.22219718
v 0.01840204 0.48280083 0.22926023
v 0.09762844 0.49070551 0.22449308
v 0.13710685 0.50878542 0.23472482
v 0.16637772 0.51951105 0.23044567
v 0.25238230 0.61629168 0.23076595
v 0.26834278 0.69065209 0.21791336
v 0.11128380 0.50201578 0.23813670
v 0.20870570 0.55279410 0.23346927
v 0.22420518 0.56613011 0.22987671
v 0.25409714 0.63655460 0.23661471
v 0.15469697 0.51662049 0.23483914
v 0.16103977 0.51989846 0.23498056
v 0.17071815 0.52744394 0.23795391
v 0.19053765 0.53542176 0.23110417
v 0.09077018 0.49957631 0.24310107
v 0.15665759 0.52281870 0.24203778
v 0.18090684 0.53979833 0.24427179
v 0.20027746 0.55249942 0.24075655
v 0.25190090 0.65467119 0.24330034
v 0.26381570 0.68647983 0.22689929
v 0.25453225 0.70824263 0.23631692
v 0.25935952 0.72059970 0.22565802
v 0.17480928 0.53769065 0.24652854
v 0.18133448 0.54231967 0.24637023
v 0.24720432 0.63296870 0.24326700
v 0.24018326 0.74820020 0.23749331
v 0.06255062 0.49506698 0.24483228
v 0.13618803 0.51480035 0.24387833
v 0.17788978 0.55508390 0.26021753
v 0.22760573 0.59189631 0.24544896
v 0.24549836 0.70020258 0.24831614
v 0.24312680 0.70660041 0.24928256
v 0.24377758 0.72813327 0.24244378
v 0.20117467 0.56564199 0.25091321
v 0.24977186 0.68938836 0.24544084
v 0.24371349 0.64261507 0.24892515
v 0.24533889 0.65151604 0.24905057
v 0.24669138 0.66090123 0.24897266
v 0.10071295 0.51229201 0.25653456
v 0.14326734 0.52422841 0.25164852
v 0.22537102 0.60752518 0.25427860
v 0.23917191 0.65452385 0.25505416
v 0.23251908 0.73371747 0.25081014
v 0.22977365 0.65796068 0.26244663
v 0.23603188 0.67262420 0.25833331
v 0.08143108 0.51398936 0.26498546
v 0.13556604 0.52926297 0.26118156
v 0.14708390 0.53958422 0.26499869
v 0.17030188 0.55420861 0.26382183
v 0.23372759 0.67418365 0.26022857
v 0.22576698 0.71370936 0.26096109
v 0.21119356 0.74496953 0.26199796
v 0.21243191 0.75666701 0.25738548
v 0.10411942 0.52264146 0.26708536
v 0.12128709 0.53249976 0.27042850
v 0.21516974 0.61582173 0.26484381
v 0.21950868 0.64295065 0.26779086
v 0.22615397 0.67759255 0.26524047
v 0.22853089 0.68961820 0.26302927
v 0.19127323 0.75476495 0.26965475
v 0.19402568 0.76656048 0.26440399
v 0.20471839 0.71794563 0.27170864
v 0.16669023 0.79204542 0.26787339
v 0.16291409 0.55899079 0.27145361
v 0.17169244 0.75389939 0.27744712
v 0.17014365 0.77854178 0.27131318
v 0.09149343 0.53295746 0.28103145
v 0.13970381 0.55765631 0.28222168
v 0.18671428 0.58440566 0.27177361
v 0.20756796 0.68152621 0.27501738
v 0.19946190 0.68457166 0.27833805
v 0.18824029 0.71959772 0.27798130
v 0.16488870 0.77024914 0.27582618
v 0.06656173 0.53372122 0.28846723
v 0.19365774 0.61639044 0.27802988
v 0.20250456 0.63041872 0.27580897
v 0.17867280 0.71021716 0.28231985
v 0.07122280 0.52625368 0.28025537
v 0.09837622 0.54154557 0.28659422
v 0.18209873 0.62765909 0.28616155
v 0.19040423 0.64672139 0.28337970
v 0.19977052 0.66448700 0.27932392
v 0.18246636 0.67320090 0.28558798
v 0.17052353 0.68667396 0.28758201
v 0.15757525 0.72123089 0.28592250
v 0.17089437 0.61752123 0.29029288
v 0.17209323 0.63584678 0.29141026
v 0.11884903 0.75512910 0.29196315
v 0.09508808 0.54585420 0.29116878
v 0.16195245 0.61402520 0.29391851
v 0.12744902 0.71636350 0.29262721
v 0.10123541 0.73941993 0.29673228
v 0.15644961 0.64648678 0.29733358
v 0.15171785 0.66684001 0.29594237
v 0.13890951 0.66403373 0.30067241
v 0.12855642 0.71503550 0.29268212
v 0.09486276 0.73487321 0.29830211
v 0.15520640 0.63105318 0.29843539
v 0.13982907 0.63336541 0.30493943
v 0.12351070 0.67444150 0.30374028
v 0.07152653 0.74337903 0.30244377
v 0.07593120 0.76082627 0.30005049
v 0.13334521 0.66026968 0.30357726
v 0.13429432 0.63821888 0.30690514
v 0.07808464 0.70021111 0.30966993
v 0.11097166 0.67490912 0.31145480
v 0.04413951 0.55584105 0.30993839
v 0.06216179 0.56871064 0.31442686
v 0.10636095 0.61511613 0.31813038
v 0.11390766 0.63030392 0.31588920
v 0.12876672 0.64126753 0.30893508
v 0.13066618 0.64755028 0.30725065
v 0.10998112 0.68842319 0.31942294
v -0.09480950 0.69017437 0.32164252
v 0.01839000 0.57966854 0.32817751
v 0.05242000 0.65363441 0.33839966
v 0.03834821 0.61193409 0.33863816
v 0.02845747 0.67675946 0.33948225
v 0.06493754 0.73056140 -0.32813878
v 0.13822334 0.76633034 -0.30965225
v 0.17361332 0.75573001 -0.30210359
v 0.15560601 0.78519187 -0.29748428
v 0.17868999 0.76969564 -0.29532701
v -0.00076502 0.07484706 -0.29018586
v 0.22483378 0.74593184 -0.27822492
v 0.18681523 0.80935976 -0.26850312
v 0.20094110 0.78188411 -0.27773094
v 0.17029569 0.81315887 -0.27493139
v 0.20432248 0.79110117 -0.26957588
v 0.20676097 0.78457458 -0.27253206
v 0.16168453 0.83348203 -0.26123317
v 0.21779276 0.78967245 -0.26008245
v 0.14935411 0.84547822 -0.25418865
v 0.00879338 0.11891148 -0.23858908
v 0.21258688 0.79867774 -0.25693644
v 0.21046512 0.80409489 -0.25389340
v 0.18791292 0.82409568 -0.25279357
v 0.17839636 0.82652101 -0.25765241
v 0.20151031 0.81531616 -0.25054904
v -0.01143586 0.06891695 -0.20233900
v 0.22042626 0.80072841 -0.24732220
v 0.15978614 0.84868987 -0.24266012
v 0.15134653 0.85615705 -0.23570554
v 0.27091410 0.71681399 -0.23035340
v 0.22827595 0.81025453 -0.22561509
v 0.26575688 0.73486579 -0.23218260
v 0.13445795 0.86564288 -0.22747020
v 0.01429163 0.10327436 -0.21096636
v 0.25850179 0.76724900 -0.22014923
v 0.12317827 0.23930777 -0.20677686
v 0.19450026 0.85395751 -0.18647669
v 0.17804157 0.21895444 -0.19802555
v 0.27758528 0.72507435 -0.19997354
v 0.21449325 0.84064789 -0.18613279
v 0.23941600 0.81790307 -0.17651576
v 0.26622892 0.76465817 -0.19052232
v 0.27963394 0.72871044 -0.17417335
v 0.23028832 0.82794009 -0.18202669
v 0.20771692 0.25143428 -0.17176379
v 0.19729756 0.27961016 -0.17172934
v 0.04404255 0.47253169 -0.17779096
v -0.25294873 0.56134341 -0.16479256
v 0.15578121 0.87504296 -0.17407718
v 0.28739808 0.69831645 -0.16537993
v 0.28098929 0.79815575 -0.16573180
v 0.02481470 0.89660627 -0.15224773
v 0.31769351 0.76498474 -0.16234218
v 0.32841148 0.77427523 -0.15167354
v 0.21884198 0.28242945 -0.13939966
v 0.11360574 0.49296147 -0.14999916
v 0.33561039 0.77035259 -0.14895118
v 0.33007123 0.77161184 -0.15197722
v 0.32264240 0.77915614 -0.15190912
v 0.31467404 0.78769883 -0.15213321
v 0.28581495 0.82197481 -0.15214641
v 0.19989972 0.34553428 -0.14271148
v 0.18381616 0.40326662 -0.14170146
v 0.11619870 0.44147748 -0.14761177
v 0.35088942 0.75095148 -0.15138883
v 0.31965051 0.78359652 -0.15136350
v 0.32544647 0.79436907 -0.13325288
v 0.20338899 0.31423961 -0.15105818
v 0.36563862 0.74995662 -0.13822833
v 0.28661571 0.83248044 -0.14274742
v 0.27970637 0.83928588 -0.14394085
v 0.17093922 0.42634628 -0.13231577
v 0.34430991 0.77394797 -0.13460371
v 0.11254679 0.88763805 -0.13674900
v 0.22141609 0.28561378 -0.12826650
v 0.23235593 0.34750451 -0.13121666
v 0.14203205 0.43423888 -0.14017688
v 0.22659904 0.88321548 -0.13548206
v 0.19130688 0.41566266 -0.12979764
v 0.15076970 0.44400832 -0.12036270
v 0.14691023 0.46828098 -0.12853063
v 0.14241582 0.47373655 -0.13204075
v 0.27813041 0.85511367 -0.12076720
v 0.22362135 0.29165431 -0.11134450
v 0.15014140 0.46676765 -0.12474839
v -0.24532662 0.53941792 -0.11214142
v -0.28869694 0.61458280 -0.11887856
v 0.35788750 0.76400935 -0.12821161
v 0.28909611 0.84206447 -0.12386497
v 0.24940323 0.38711359 -0.11788195
v 0.15110413 0.45953746 -0.12371321
v -0.21712760 0.51826899 -0.11680070
v 0.30595933 0.82386824 -0.12020400
v 0.38333869 0.73579558 -0.11481384
v 0.26969899 0.86326508 -0.11941846
v 0.07189227 0.89437364 -0.14539665
v 0.22925437 0.40532425 -0.11667524
v 0.22685525 0.41715871 -0.10237468
v -0.25409838 0.54707521 -0.09979156
v 0.31580105 0.32219980 -0.11100159
v -0.27921078 0.58638471 -0.10391896
v 0.34394688 0.78314720 -0.09947165
v 0.30866333 0.82552798 -0.10669186
v 0.28079893 0.85644769 -0.10846078
v 0.29782547 0.36479939 -0.10716971
v 0.26188090 0.39102096 -0.10849637
v 0.38750328 0.72764487 -0.11185421
v 0.37858905 0.74223236 -0.09882885
v 0.36860694 0.75584401 -0.11223063
v 0.29833973 0.83926667 -0.10249930
v 0.16795509 0.46601776 -0.09739964
v -0.27412642 0.57524014 -0.09365061
v 0.32371768 0.80439546 -0.11778243
v 0.23013647 0.89111139 -0.09086853
v 0.10318669 0.89158672 -0.09041919
v 0.22998700 0.27744933 -0.08513669
v 0.31247468 0.36583344 -0.09843359
v 0.17374351 0.45631957 -0.08693084
v -0.20325379 0.50782027 -0.09789978
v -0.26050039 0.55533836 -0.10282880
v 0.35032428 0.77590730 -0.09735668
v 0.32995831 0.80056102 -0.09122186
v 0.32577566 0.80629701 -0.08938159
v 0.30219873 0.83670851 -0.09070538
v -0.20426105 0.04902108 -0.06652183
v 0.31711929 0.81704682 -0.09522911
v 0.29085315 0.84981833 -0.08845242
v -0.18088044 0.00729345 -0.08029596
v -0.21138335 0.07539267 -0.06217561
v 0.36581062 0.32202328 -0.08894380
v 0.35104681 0.33627013 -0.09288116
v -0.22105314 0.51763468 -0.09408559
v 0.38350696 0.72966220 -0.07661450
v 0.33229716 0.79767980 -0.07898733
v 0.30410348 0.83389255 -0.09254043
v -0.20890681 0.07238712 -0.10795137
v 0.36457056 0.76048594 -0.09853871
v 0.31367668 0.82212236 -0.08881139
v 0.33987081 0.35757340 -0.08590107
v 0.36512819 0.75746958 -0.07221807
v 0.22211964 0.89500247 -0.07697830
v 0.29897998 0.38602543 -0.08361205
v 0.34915600 0.77598695 -0.06540482
v 0.31983718 0.81423025 -0.08833043
v 0.29640808 0.84534144 -0.06975215
v 0.28017669 0.86221781 -0.06734021
v 0.24802539 0.88339089 -0.08128045
v 0.35283380 0.35632382 -0.07053343
v 0.33127410 0.36802723 -0.07980558
v 0.16949213 0.47975895 -0.08426709
v -0.23551455 0.52660663 -0.07385771
v -0.25844146 0.55095269 -0.07629724
v -0.26846724 0.56496190 -0.07542758
v -0.28089586 0.58684207 -0.07156091
v 0.38301166 0.72917401 -0.06849116
v 0.37414447 0.74473279 -0.06909847
v 0.26471052 0.87456856 -0.06122695
v -0.36196888 0.63569223 -0.07023864
v 0.31868738 0.81698717 -0.06047138
v 0.30420204 0.83638449 -0.06052505
v 0.24647517 0.88436417 -0.08220431
v -0.15062201 0.89032810 -0.07611873
v 0.07685770 0.89544473 -0.08804868
v 0.38716044 0.71734479 -0.05820405
v 0.34439771 0.78196228 -0.06603436
v -0.19319979 0.01942866 -0.06258716
v -0.19704802 0.02784342 -0.05926724
v -0.22493462 0.12456347 -0.06151523
v 0.35112630 0.36143263 -0.05178880
v 0.24573884 0.41691921 -0.05722246
v 0.17687764 0.46858925 -0.07429881
v 0.23746393 0.88995830 -0.05979357
v 0.31686106 0.38228277 -0.05976952
v 0.25667423 0.41220665 -0.06064892
v -0.22970522 0.52098939 -0.05793752
v 0.33801743 0.79020757 -0.05668221
v 0.30301811 0.83807464 -0.05423906
v 0.25750211 0.87951328 -0.05763328
v -0.18564593 0.89858946 -0.08093255
v 0.04461330 0.00180001 -0.04594465
v 0.22959895 0.42289853 -0.04937384
v 0.29212099 0.85089282 -0.05310367
v 0.23262174 0.26536013 -0.07117241
v 0.33312129 0.37365532 -0.04775667
v -0.38841292 0.67198035 -0.04787602
v 0.33323025 0.79675727 -0.02307944
v 0.32830631 0.80349597 -0.03828757
v -0.19282430 0.01704527 -0.02789770
v -0.38647022 0.66506259 -0.02914212
v 0.36265294 0.75962206 -0.05869310
v 0.34733597 0.77776455 -0.04104186
v -0.18899591 0.01106679 -0.04713056
v 0.31878713 0.38259689 -0.04778843
v 0.28078269 0.40214804 -0.04387525
v -0.25277712 0.54296793 -0.03511736
v -0.28486035 0.59450320 -0.03057645
v -0.29240101 0.61261238 -0.02959963
v -0.36177669 0.63189648 -0.03539938
v 0.37492700 0.74180928 -0.03634093
v 0.36751926 0.75248736 -0.03426774
v 0.30889233 0.83047851 -0.05241447
v 0.26128761 0.87833516 -0.02673567
v -0.20831894 0.06169515 -0.03946782
v -0.18648084 0.48990636 -0.02529201
v -0.22222988 0.51662983 -0.07856840
v 0.36056019 0.76152207 -0.03593457
v 0.32100489 0.81394460 -0.05225101
v 0.26928144 0.87216494 -0.03923168
v -0.19905597 0.03179406 -0.02412427
v -0.41441087 0.23960537 -0.03072122
v 0.38939757 0.33222801 -0.04158293
v 0.34047970 0.36911386 -0.03215192
v 0.33363183 0.37354752 -0.03123673
v 0.27351508 0.40556965 -0.03455692
v -0.26389788 0.55771138 -0.04817064
v -0.34858666 0.62468269 -0.04312119
v 0.30679503 0.83393180 -0.01499735
v 0.28270920 0.86151502 -0.00927027
v 0.42805453 0.28964453 -0.03910908
v 0.18904125 0.45816331 -0.03929977
v 0.38236826 0.72862030 -0.03636201
v -0.16008400 0.89476472 -0.02421417
v 0.41721309 0.30448445 -0.03021729
v 0.40368337 0.31951249 -0.03322091
v -0.18273623 0.48734540 -0.02675094
v -0.29694129 0.61603770 -0.03361500
v 0.33940456 0.78860952 -0.01448383
v 0.22902178 0.89425396 -0.03085729
v 0.03479616 0.01076148 -0.05540402
v -0.20985268 0.06642076 -0.01525699
v -0.22017026 0.11046517 -0.03028819
v -0.23000093 0.13700921 -0.02295052
v -0.41154972 0.24087219 -0.01871176
v 0.36116421 0.35446226 -0.02932537
v -0.22709458 0.51754695 -0.03469767
v -0.26047827 0.55277969 -0.01983499
v -0.37239521 0.64183880 -0.02685375
v 0.35153011 0.77266011 -0.04225449
v -0.23298003 0.14932815 -0.00314756
v 0.42929284 0.28307220 -0.02019162
v 0.41028938 0.31223958 -0.02589765
v 0.31411242 0.38466553 -0.00492449
v 0.18030390 0.48468437 -0.03240273
v -0.24623595 0.53583347 -0.04418059
v -0.38858659 0.67217620 0.00878847
v 0.21566005 0.89767004 -0.05567616
v -0.18582130 0.44093610 -0.00757810
v -0.26878725 0.56440723 -0.01029089
v -0.37803509 0.64878989 -0.01844524
v 0.32454433 0.80920904 -0.01360746
v 0.27451224 0.86872510 -0.00923333
v 0.11444236 0.89073791 0.00663027
v -0.17361265 0.00061746 -0.02981215
v -0.18576653 0.00647374 0.00751829
v 0.40430795 0.31749501 -0.01457779
v 0.38796915 0.33175763 -0.00359739
v 0.35705587 0.35755536 -0.03452984
v -0.22963082 0.51915393 -0.02087862
v -0.25405795 0.54440704 -0.02255218
v -0.27458638 0.57373503 -0.00807946
v -0.38243024 0.65599430 -0.00860909
v 0.37608140 0.73992830 -0.02466618
v 0.36357799 0.75797996 0.00118649
v 0.29004169 0.85426129 -0.00547946
v 0.25137877 0.88477902 -0.00059655
v -0.22916207 0.13414168 -0.00208955
v -0.28659820 0.59704484 0.00880295
v 0.33452301 0.79509547 -0.00895412
v 0.31775071 0.81902283 -0.01864894
v -0.22591282 0.12488193 0.00436701
v 0.23532522 0.25832236 -0.01906665
v 0.36773304 0.34828696 -0.00205499
v -0.36287193 0.63220261 -0.00951691
v 0.34654415 0.77898793 -0.01005283
v 0.31143767 0.82766245 0.00258650
v 0.30283470 0.83901749 -0.01091729
v 0.04338984 0.00102323 -0.00570742
v 0.02523019 0.06136394 -0.01750131
v 0.29836008 0.39291337 -0.00516400
v -0.25442993 0.54393146 0.01243013
v -0.29306983 0.61285406 0.02031910
v -0.35095328 0.62470362 0.00059809
v 0.31917738 0.81704242 0.00335100
v 0.29678495 0.84658499 -0.00322329
v 0.25773353 0.88081786 -0.00884618
v -0.19556299 0.02299816 -0.02048388
v 0.26982412 0.25628121 0.00558753
v -0.41468329 0.28831148 -0.00552221
v 0.38475219 0.33465301 -0.00335770
v -0.24620799 0.53542915 -0.02369205
v 0.37022316 0.74908971 0.00786825
v 0.32016913 0.81565334 -0.00188081
v 0.27238688 0.87052801 0.01806111
v 0.26283879 0.87760268 0.02435240
v 0.25809577 0.88072364 0.00437699
v 0.23238440 0.89354059 -0.00104245
v 0.03561076 0.00976695 0.01374780
v -0.22106554 0.11382432 0.02271171
v 0.28669927 0.25092528 -0.00232588
v 0.41565600 0.30218858 -0.00742506
v 0.35964403 0.35365748 0.03073973
v 0.31765821 0.38208949 0.02839993
v 0.26998415 0.40655566 0.00248199
v 0.18816029 0.46703338 0.00644176
v -0.22318008 0.51305161 -0.00298191
v -0.23538771 0.52329411 0.01317705
v -0.26389930 0.55746760 -0.01819007
v -0.37314562 0.64251098 0.00616138
v 0.33047648 0.80032948 0.02834864
v -0.20097653 0.03743561 0.02518514
v 0.31803032 0.24302898 0.01121377
v 0.29998075 0.39188464 0.01882685
v 0.18838792 0.43843579 -0.00541632
v 0.18349375 0.47628614 0.00459988
v -0.27058977 0.56714135 -0.00440810
v -0.38550443 0.66280514 0.02698614
v 0.38466673 0.72371412 -0.00471246
v 0.35739547 0.76576156 0.00937563
v 0.34154300 0.78568544 0.03511822
v 0.30252593 0.83921527 0.00923258
v 0.28528273 0.85889528 0.01379896
v -0.16786766 0.89720632 -0.00792604
v 0.02433585 0.06183024 0.01865135
v 0.33832063 0.36922427 0.02335474
v 0.29807881 0.39293615 0.01177903
v 0.28465269 0.39957606 0.01459495
v -0.27109313 0.56738240 0.01898593
v -0.19735867 0.02746322 0.00179426
v 0.03217199 0.03732910 0.01303531
v -0.20388129 0.04628396 0.03115883
v 0.41492699 0.30128798 0.01458698
v 0.34498287 0.36464188 0.01663566
v -0.21531049 0.50672097 0.01051900
v -0.26481767 0.55821547 0.00137743
v 0.25435083 0.88296081 0.01801067
v 0.23100195 0.89388876 0.02753957
v -0.17562573 0.89905743 0.06642167
v -0.23559490 0.17354152 0.02835952
v -0.41343793 0.24970650 0.02365704
v 0.37275139 0.34384362 0.02569195
v 0.33615641 0.37045840 0.02611823
v 0.18212880 0.48297084 0.01478248
v -0.24470636 0.53250339 0.02080765
v -0.37623126 0.64716613 0.02808171
v 0.34728472 0.77796762 -0.00084913
v 0.38524887 0.33379264 0.01663848
v -0.19914767 0.49539822 0.00584161
v 0.37236158 0.74701808 0.04404362
v 0.34856669 0.77656604 0.02865946
v 0.29665422 0.84636600 0.01960162
v 0.25086034 0.88455500 0.04425779
v -0.19365758 0.01931826 0.03284152
v -0.20983322 0.06865755 0.04184019
v 0.27412549 0.25555935 0.01826807
v 0.23640244 0.26494299 0.02087999
v 0.24091181 0.26636941 0.01480358
v 0.29469001 0.39433765 0.02912308
v 0.27006773 0.40566503 0.03848374
v 0.21401065 0.42509330 0.04692461
v -0.21636690 0.50706632 0.03523417
v -0.25769442 0.54774509 0.03404763
v -0.34225996 0.62142871 0.01708678
v 0.23743374 0.24226971 0.02669086
v 0.39254459 0.32582650 0.02812644
v 0.35206925 0.35901669 0.03000958
v 0.27644575 0.40330380 0.02596212
v -0.24808919 0.53600277 0.02787659
v -0.27957306 0.58203358 0.03527191
v -0.38289535 0.65844883 0.03708842
v 0.37847034 0.73698570 0.02688955
v 0.32976632 0.80131580 0.03172476
v 0.30375431 0.83676676 0.04154985
v 0.09879480 0.89345506 0.01741708
v 0.21609085 0.89783251 0.07161174
v 0.03594576 0.01038680 0.03770050
v 0.31930901 0.38016223 0.03886310
v 0.36517710 0.75638890 0.02879990
v 0.28634460 0.85701674 0.04288514
v 0.38442926 0.72643540 0.04773725
v 0.31839526 0.81725519 0.03972071
v 0.03990617 0.00735013 0.05414762
v -0.40941548 0.25042410 0.03144235
v 0.33616829 0.36973504 0.03517182
v 0.28989723 0.39545274 0.04387846
v 0.26363010 0.40863581 0.03271552
v -0.21289209 0.50451876 0.03905958
v -0.23231972 0.52042755 0.04186114
v -0.23729480 0.52503469 0.04855003
v 0.36961998 0.75078939 0.04420393
v 0.36398267 0.75798691 0.03087795
v 0.31944283 0.81549384 0.04973968
v -0.19706505 0.02753273 0.03840347
v -0.19665173 0.49383036 0.04465029
v -0.26191008 0.55338804 0.05975217
v 0.37881164 0.73708823 0.04352065
v -0.17880036 0.00455402 0.05850614
v 0.23911728 0.22366666 0.04455702
v 0.38311478 0.33013923 0.04670982
v -0.36554043 0.63545586 0.02592235
v 0.32793207 0.80329688 0.04744636
v 0.30044690 0.83972750 0.05574944
v 0.29703307 0.84486516 0.04362295
v 0.28655737 0.85587278 0.05189065
v -0.25389726 0.54288563 0.04446960
v 0.29811118 0.61658321 0.04258264
v -0.35218406 0.63191483 0.07641271
v -0.37779481 0.65009061 0.03607037
v 0.37799204 0.73875346 0.04714400
v 0.26853024 0.40298743 0.05710880
v 0.25198733 0.41073843 0.05361748
v 0.18005788 0.47135665 0.04076266
v -0.28668630 0.59895694 0.06773704
v -0.36659366 0.63965622 0.05921442
v -0.38820901 0.67461261 0.05823754
v 0.34729485 0.77788552 0.06116700
v 0.29126013 0.85059161 0.05383099
v 0.26160917 0.87738562 0.05177056
v 0.09113237 0.89460532 0.05972719
v -0.23184623 0.15197859 0.04520361
v 0.22778267 0.41920250 0.05583387
v 0.18175064 0.43808960 0.04728194
v -0.20617206 0.50022676 0.05159064
v -0.24901648 0.53688555 0.04498562
v -0.37594278 0.64974929 0.05822159
v 0.36553738 0.75657340 0.05338031
v -0.18771153 0.01405641 0.07061479
v -0.21144425 0.07929819 0.06718072
v 0.25065173 0.41208477 0.05159406
v 0.17894596 0.46192474 0.05753975
v 0.38675419 0.72134995 0.06662197
v 0.33314247 0.79596085 0.05615992
v 0.26166113 0.87545222 0.07543188
v 0.11731690 0.88980988 0.05831916
v 0.23862276 0.88960605 0.05907970
v -0.18900097 0.01217240 0.05347744
v -0.39783181 0.24786949 0.06053421
v 0.23313716 0.26790677 0.05905377
v 0.18086250 0.43614061 0.05559215
v 0.37297131 0.74715184 0.07424354
v 0.36101553 0.76192389 0.06786899
v -0.39050964 0.24691074 0.06183979
v -0.26898079 0.56483718 0.08157043
v 0.35874749 0.76434393 0.07338291
v 0.29194064 0.84680305 0.07578180
v 0.25386348 0.88184484 0.06142037
v -0.25758704 0.54854059 0.08157532
v -0.29503473 0.61768850 0.06347238
v 0.32942104 0.79870903 0.07265718
v 0.30896736 0.82643065 0.06991521
v -0.26587118 0.55950977 0.06787074
v -0.37887860 0.65869039 0.08029255
v 0.28393588 0.85580054 0.07443208
v -0.21101966 0.08212630 0.08982950
v -0.24501414 0.53307728 0.06654108
v 0.37100873 0.74927791 0.08108475
v 0.34541515 0.77835183 0.07925723
v -0.18021280 0.00583163 0.07207572
v -0.16636330 0.47771219 0.08201008
v -0.18083632 0.48628076 0.07763466
v -0.26151218 0.55406348 0.08348446
v 0.27072171 0.86688180 0.08151056
v -0.12996062 0.88622772 0.11467733
v 0.10186327 0.89154447 0.11865785
v -0.17225517 0.43304230 0.07265916
v -0.21213932 0.50527625 0.07221483
v -0.27241957 0.57103763 0.08734834
v -0.29092552 0.61242873 0.08752908
v -0.36417847 0.64331724 0.08533026
v -0.02810924 0.06402552 0.08296189
v 0.16325055 0.47532933 0.08328324
v 0.29769362 0.83634581 0.08771522
v 0.23380971 0.88849285 0.09336725
v -0.19498633 0.03326465 0.09712173
v -0.23381023 0.52306280 0.08186414
v -0.24267621 0.53216589 0.09191939
v -0.26835756 0.56521600 0.09677022
v -0.28548057 0.59826373 0.08813846
v 0.38299902 0.72912794 0.09292536
v 0.37014379 0.74915335 0.09325668
v 0.28028640 0.85332844 0.09629671
v -0.19178164 0.49365273 0.09625908
v -0.26255394 0.55693539 0.10111554
v 0.33635214 0.78467482 0.09568249
v 0.22976959 0.27158110 0.09578017
v -0.19631888 0.49717293 0.10548355
v -0.22191214 0.51496536 0.10666885
v -0.25401038 0.54606877 0.10596818
v -0.29013323 0.61623970 0.10940438
v 0.21743739 0.32910177 0.10400705
v -0.26166910 0.55777294 0.11749560
v -0.37366567 0.66790486 0.11051505
v 0.04633967 0.02027482 0.11161864
v -0.24661767 0.54038704 0.12832346
v -0.03285408 0.06796235 0.11917396
v -0.23944973 0.53232238 0.12230250
v -0.26697746 0.56833192 0.13095660
v -0.29874256 0.64222098 0.11480603
v -0.18787655 0.03231146 0.11683394
v 0.03723278 0.06930913 0.12342770
v -0.21014182 0.09687561 0.12734897
v -0.21679597 0.12999568 0.11442349
v 0.11836657 0.88766149 0.12222977
v 0.04070653 0.89896258 0.13025405
v -0.18153241 0.04190581 0.13899334
v -0.20332657 0.50731858 0.14552169
v -0.24670156 0.54406212 0.14533589
v 0.04129918 0.07132310 0.14193978
v -0.18565724 0.49652980 0.14116416
v -0.20845374 0.51249780 0.15298167
v -0.24547710 0.54882551 0.16654105
v -0.28323214 0.62467614 0.16713400
v 0.26172373 0.77448874 0.15433394
v 0.06138923 0.89594301 0.16650704
v -0.20628145 0.14638024 0.17001418
v -0.19125510 0.10484524 0.17527138
v -0.25134493 0.55792585 0.17169287
v 0.26196969 0.76598445 0.17540649
v -0.27027777 0.60763286 0.19426768
v 0.06540328 0.36674054 0.19678197
v -0.25709014 0.57999596 0.19528328
v -0.23502366 0.55763502 0.20624405
v 0.14254984 0.86638784 0.20479284
v 0.21604145 0.81532121 0.20994975
v -0.26163280 0.61552702 0.21822547
v -0.04137773 0.30461986 0.22044921
v -0.25097063 0.59803848 0.22370420
v -0.22960229 0.58636510 0.24015916
v -0.00671079 0.13497115 -0.34599877
v -0.01565907 0.70078458 -0.33195850
v -0.03854622 0.67658688 -0.33010145
v 0.01067058 0.19994810 -0.32523477
v -0.05294810 0.65375563 -0.32509569
v -0.00410298 0.10096036 -0.33001771
v 0.00799969 0.19596448 -0.31327585
v -0.02184175 0.64396679 -0.32410226
v -0.11222810 0.66901905 -0.32164079
v -0.11650394 0.68079360 -0.32279904
v 0.00181029 0.08620939 -0.31800233
v -0.01266505 0.10940545 -0.28946038
v -0.09834960 0.63992443 -0.31637983
v -0.13026217 0.66881920 -0.31817691
v -0.13728523 0.67719687 -0.31799262
v -0.14307985 0.66241213 -0.31419782
v 0.00513868 0.08169454 -0.30625873
v -0.00982655 0.09289736 -0.30534139
v -0.09892407 0.63232282 -0.31341359
v -0.13341152 0.63555876 -0.30822256
v -0.10544783 0.61963391 -0.30715142
v -0.14599437 0.64173074 -0.30732657
v -0.02837292 0.60515249 -0.30729611
v -0.13832781 0.62486587 -0.30261427
v -0.15587106 0.64999451 -0.30732223
v -0.16129346 0.65619460 -0.30744622
v 0.01239047 0.15630250 -0.29058480
v -0.09351736 0.60803059 -0.30345240
v -0.13167746 0.61542488 -0.29970208
v -0.15371794 0.62682340 -0.29897593
v -0.17311425 0.64390400 -0.29940148
v 0.00202041 0.05665175 -0.29812135
v -0.16253903 0.63630889 -0.30022084
v -0.18259741 0.64722417 -0.29715132
v -0.20210519 0.67164455 -0.29492150
v -0.16549140 0.62583553 -0.29469498
v -0.00808267 0.05501318 -0.29324232
v -0.18670642 0.64395161 -0.29441220
v -0.01136894 0.09108351 -0.27505912
v -0.16041303 0.60974055 -0.28809531
v -0.17966369 0.62962174 -0.29132861
v 0.01336002 0.14323846 -0.28253059
v -0.13327705 0.60373385 -0.29318009
v -0.17718412 0.61343795 -0.28412450
v -0.18699609 0.61731312 -0.28216213
v -0.21201264 0.64378973 -0.28195841
v -0.11762802 0.58101185 -0.28225268
v -0.19240404 0.61707864 -0.27992393
v -0.20060806 0.61572176 -0.27472373
v -0.22406864 0.66589966 -0.28212876
v -0.23398622 0.67278981 -0.27676108
v -0.01219726 0.08557108 -0.26333903
v 0.01302806 0.13267908 -0.26813951
v 0.00710800 0.15506589 -0.28025367
v -0.20539999 0.63285899 -0.28116050
v -0.22490129 0.64064384 -0.27332258
v -0.22350694 0.64341674 -0.27510493
v -0.13384058 0.57985653 -0.27714415
v -0.16891228 0.58731069 -0.27062527
v -0.18010976 0.59597204 -0.27210969
v -0.21514453 0.62412727 -0.27114362
v -0.16075575 0.59045486 -0.27595042
v -0.19574278 0.60256761 -0.26900268
v -0.05547825 0.54979804 -0.26497071
v -0.13875715 0.56137476 -0.26011771
v -0.21205864 0.60670200 -0.26235274
v -0.21553894 0.61082262 -0.26293208
v -0.23997808 0.63701613 -0.26038201
v -0.12366715 0.54083175 -0.24322297
v -0.15685486 0.56676213 -0.25873275
v -0.16979493 0.56912911 -0.25579553
v -0.22078352 0.60331352 -0.25448558
v -0.23795446 0.63090155 -0.25922509
v 0.00953973 0.12740999 -0.25224660
v -0.08461399 0.53778749 -0.24808967
v -0.18954723 0.58047682 -0.25602487
v 0.01394786 0.11220987 -0.24541380
v -0.20574107 0.59410960 -0.25758599
v -0.26072424 0.65256222 -0.24581139
v 0.01658640 0.08089141 -0.21947785
v -0.19098718 0.57928733 -0.25458556
v -0.20670861 0.57824620 -0.24363429
v -0.22583277 0.58375875 -0.23505448
v -0.25938309 0.63837533 -0.24163417
v -0.23353765 0.59541846 -0.23858879
v -0.23782828 0.60300247 -0.24073600
v -0.25779515 0.62518984 -0.23588467
v -0.19021883 0.56111855 -0.23751739
v -0.20813052 0.57045049 -0.23536572
v -0.17828880 0.55588783 -0.23885714
v -0.25616753 0.61791642 -0.23232920
v -0.04028135 0.52019719 -0.22648274
v -0.08877300 0.52768022 -0.23341850
v -0.11399639 0.52586942 -0.22442693
v -0.17101367 0.54892265 -0.23443477
v -0.23205364 0.58555119 -0.23080505
v -0.25785980 0.61040585 -0.22398471
v -0.26471610 0.63458998 -0.23181288
v -0.27455104 0.68506792 -0.22977056
v -0.12973835 0.52872911 -0.22424466
v -0.16409684 0.53914666 -0.22488314
v -0.20372037 0.56103869 -0.22870990
v -0.22197128 0.56708209 -0.22074561
v -0.24892860 0.61026845 -0.23565475
v -0.27246468 0.64368046 -0.22283767
v -0.02292999 0.15073688 -0.22152501
v -0.14385855 0.53438456 -0.22772827
v -0.02445593 0.13000072 -0.21913159
v -0.08160633 0.16967928 -0.21872625
v -0.18266451 0.54340335 -0.22100611
v -0.20392360 0.55321101 -0.21893397
v -0.08813574 0.16933567 -0.21795764
v -0.03360793 0.51408441 -0.21437105
v -0.11490413 0.52177584 -0.21699966
v -0.13818230 0.52463105 -0.21382586
v -0.21300731 0.55633154 -0.21526574
v -0.24602082 0.58624549 -0.21683570
v -0.24110333 0.58883419 -0.22642169
v -0.25363611 0.59729610 -0.21794598
v -0.10438859 0.12699008 -0.21027478
v -0.14779487 0.52432887 -0.20905451
v -0.17165366 0.53194704 -0.20960744
v -0.18168449 0.53214375 -0.20388173
v -0.19836496 0.54558907 -0.21274734
v -0.21273852 0.55825802 -0.21818742
v -0.24333447 0.57917215 -0.21218931
v -0.27944993 0.65200851 -0.21025728
v -0.14678413 0.14204382 -0.20911366
v -0.16273447 0.52379011 -0.20026355
v -0.22616405 0.55708226 -0.20323190
v -0.23398496 0.56938022 -0.21144860
v -0.26546513 0.59951159 -0.19957029
v -0.27910649 0.63470147 -0.20092045
v -0.04155270 0.09777463 -0.20085914
v -0.12844614 0.10762384 -0.20358450
v -0.16460411 0.11854821 -0.20137703
v -0.15931796 0.14577697 -0.20690043
v -0.16277077 0.52844328 -0.20946451
v -0.20047355 0.54208954 -0.20615934
v -0.26234743 0.59645672 -0.20167282
v -0.15002941 0.10977939 -0.20205183
v -0.18082212 0.14706740 -0.19999225
v -0.17798843 0.52771103 -0.19793950
v -0.20622029 0.53967025 -0.19645492
v -0.25246922 0.58182903 -0.20162157
v -0.27668301 0.60898457 -0.18157946
v -0.27578671 0.62892853 -0.20671498
v -0.28271748 0.64546876 -0.19406591
v 0.08942839 0.09542505 -0.19720317
v -0.14061057 0.51844294 -0.20100373
v -0.24954200 0.57568391 -0.19809347
v -0.25808144 0.58856452 -0.20014120
v -0.02026755 0.08210972 -0.18332702
v -0.16557989 0.09503584 -0.19272077
v -0.17773861 0.11971687 -0.19702777
v -0.18982588 0.13767890 -0.19416127
v -0.13113764 0.51152746 -0.18923236
v -0.25515748 0.57901109 -0.19258795
v 0.09374025 0.08362392 -0.19104312
v -0.17473644 0.10090501 -0.19213097
v -0.22105894 0.54619237 -0.19097778
v -0.23591542 0.55752410 -0.19053660
v -0.25054743 0.57258769 -0.19182342
v -0.16291880 0.08373857 -0.18766274
v -0.24230578 0.55812528 -0.18105857
v -0.24476194 0.56008160 -0.18120216
v -0.26754521 0.59433919 -0.18700806
v -0.27369271 0.60553357 -0.18578899
v -0.12552977 0.07022743 -0.18585048
v -0.16006512 0.07212730 -0.18141808
v 0.08497249 0.07562255 -0.18388444
v -0.04513613 0.09174521 -0.19412140
v -0.14223964 0.50993511 -0.18059134
v -0.19139502 0.52996570 -0.19195752
v -0.23065272 0.55235027 -0.18949055
v -0.26376056 0.58459197 -0.18139483
v 0.06964792 0.07924385 -0.17886556
v -0.01846706 0.47159876 -0.18138021
v -0.10741720 0.50715358 -0.18651313
v -0.26380960 0.57828930 -0.17046432
v -0.27124749 0.59178384 -0.17167849
v -0.27551701 0.59873717 -0.16929063
v -0.28464242 0.64702367 -0.18802709
v -0.16535492 0.05942443 -0.17023321
v -0.18042723 0.07462334 -0.17471431
v -0.18896881 0.52462915 -0.18297975
v -0.20463614 0.53037594 -0.17887281
v -0.22422319 0.54073942 -0.17593784
v -0.28427618 0.61898623 -0.16031006
v -0.20406666 0.10513475 -0.17011613
v -0.06993199 0.47266020 -0.17229097
v -0.15773881 0.51277883 -0.17861340
v -0.18911478 0.52081424 -0.17241023
v -0.19177441 0.08235640 -0.17169886
v -0.20411061 0.09342677 -0.16337279
v -0.21598233 0.53741663 -0.18044030
v -0.23409876 0.54975101 -0.17935719
v -0.26957894 0.58202006 -0.15771331
v -0.28485179 0.62995834 -0.17134964
v -0.12425981 0.04261235 -0.16419800
v 0.07811136 0.05302385 -0.16494932
v 0.07959653 0.06596974 -0.17561534
v -0.17827875 0.06370756 -0.16782665
v -0.22124269 0.18913365 -0.15753650
v -0.12359159 0.49628673 -0.14861747
v -0.18543296 0.51932280 -0.17261083
v -0.22867187 0.53599210 -0.15490848
v 0.29452938 0.72886465 -0.16817086
v -0.02710745 0.07517400 -0.15800761
v -0.23989299 0.54515196 -0.15569987
v -0.24432678 0.55373895 -0.16784375
v -0.28302901 0.60803901 -0.14761371
v -0.17917873 0.05109957 -0.15612358
v 0.06363808 0.05374881 -0.15492849
v -0.20003870 0.07360481 -0.15392909
v -0.33931798 0.71090883 -0.16027496
v -0.34619774 0.71765900 -0.15981062
v 0.06351049 0.04717742 -0.15020626
v -0.19272427 0.06990017 -0.16197939
v -0.20440654 0.07818932 -0.14876783
v -0.11151971 0.46085926 -0.15512188
v -0.21846673 0.52906770 -0.15463479
v -0.23806382 0.54348330 -0.15628259
v -0.26246403 0.57226417 -0.16101704
v -0.27543161 0.58837586 -0.14516631
v -0.28935959 0.69690593 -0.15946961
v -0.33625284 0.69525532 -0.15600823
v 0.08024014 0.03954194 -0.15577914
v -0.18556779 0.04115591 -0.14179327
v -0.18687550 0.05165412 -0.15089939
v 0.06390972 0.07017688 -0.16682728
v -0.21204363 0.10454995 -0.14535898
v -0.16203266 0.50589488 -0.15608203
v -0.22479290 0.52950748 -0.14389602
v -0.26536338 0.56966000 -0.14159400
v -0.17091033 0.03857513 -0.14847560
v 0.06466151 0.03838871 -0.14571167
v -0.19369729 0.05139566 -0.14245545
v -0.20227924 0.06525242 -0.14117059
v -0.20765512 0.08090181 -0.14098034
v -0.24741188 0.54776037 -0.14361301
v -0.25243459 0.55140557 -0.13738744
v -0.26161591 0.56553373 -0.14511909
v -0.33324644 0.67891341 -0.14915186
v -0.36376434 0.69049843 -0.14628548
v -0.36780840 0.69762805 -0.14781267
v -0.17340540 0.02607306 -0.13258149
v 0.06520530 0.02825325 -0.13824090
v 0.04862380 0.07248917 -0.14171454
v -0.22309814 0.15872483 -0.14089780
v -0.22627579 0.16646127 -0.13380898
v -0.20561692 0.36726748 -0.14034664
v -0.12702609 0.46280952 -0.14653773
v -0.23549538 0.53429569 -0.13100188
v -0.27214093 0.57909866 -0.13478408
v -0.29529063 0.63972091 -0.11984668
v -0.19902292 0.04740676 -0.12793089
v -0.20395995 0.34713125 -0.13584834
v -0.14597785 0.46375000 -0.12958813
v -0.37659867 0.68263393 -0.13329432
v 0.07477596 0.02042801 -0.13450574
v -0.16825169 0.02320424 -0.13065894
v -0.18578097 0.02844079 -0.12535701
v 0.05460109 0.04358331 -0.13746471
v -0.19901984 0.04745185 -0.12420058
v -0.20834115 0.07493065 -0.12457479
v -0.04772010 0.07329820 -0.13904868
v -0.21818323 0.13211671 -0.12947387
v -0.21939123 0.13932872 -0.13506363
v -0.37105435 0.67519240 -0.13289962
v -0.26087580 0.33770151 -0.12851953
v -0.22118064 0.52271317 -0.12435585
v -0.24393597 0.54056692 -0.12708856
v -0.38317835 0.68923212 -0.12965013
v 0.07031485 0.01178959 -0.11908232
v -0.21080675 0.08452767 -0.11982292
v -0.22592623 0.14845334 -0.11872422
v -0.22757315 0.15645854 -0.12092737
v 0.21885616 0.33246825 -0.12514799
v -0.28040666 0.59370913 -0.12687602
v -0.29358043 0.63201215 -0.11596600
v -0.30324492 0.64471495 -0.12370221
v -0.37691792 0.66837043 -0.11944809
v 0.05466198 0.02421421 -0.12647180
v -0.20018345 0.04293485 -0.10739515
v -0.27706967 0.31484528 -0.12247477
v 0.22523178 0.31966109 -0.11997015
v -0.28928623 0.33498675 -0.12251833
v -0.14928130 0.44595533 -0.12066956
v -0.34252617 0.64843350 -0.12208485
v -0.37212090 0.66362180 -0.11922006
v -0.36909352 0.66543159 -0.12568565
v -0.38239124 0.67830621 -0.12079264
v -0.38859571 0.69647398 -0.12170327
v -0.16700286 0.01770180 -0.12196887
v -0.20338765 0.05354539 -0.11259901
v -0.30833664 0.32189735 -0.11724416
v -0.15646542 0.46213124 -0.11442504
v -0.34449610 0.64146455 -0.11150442
v -0.38576563 0.67988458 -0.11516250
v -0.17950000 0.01434167 -0.10670734
v 0.04816551 0.01955843 -0.11396573
v -0.22800093 0.14950750 -0.10905838
v -0.23086386 0.18396592 -0.12159907
v -0.29683816 0.29861297 -0.11440752
v 0.23116492 0.31241480 -0.11722486
v -0.31053538 0.31297591 -0.11510952
v -0.15400171 0.48980161 -0.10939878
v -0.27631427 0.58054710 -0.10704599
v -0.38490448 0.67009432 -0.10222786
v -0.22480007 0.13625257 -0.10679888
v -0.30195356 0.29785707 -0.11314827
v -0.30532438 0.30426120 -0.11455288
v -0.32146242 0.31874275 -0.11209871
v -0.15567532 0.00804730 -0.10572684
v 0.06067848 0.00629092 -0.10300967
v -0.16699773 0.00835674 -0.10166260
v 0.05204799 0.01124554 -0.10698759
v 0.05182149 0.01290190 -0.11153013
v -0.18866909 0.02014734 -0.10271165
v 0.28077947 0.28441469 -0.10524002
v -0.15901215 0.49214461 -0.10752082
v -0.23800296 0.53046382 -0.09668880
v -0.19052816 0.02449536 -0.10895411
v 0.03828458 0.06060665 -0.10372336
v -0.21912077 0.12056923 -0.10157240
v -0.29327162 0.62158988 -0.09262984
v -0.36430760 0.64942744 -0.10807157
v -0.36814113 0.65060506 -0.10389991
v -0.37324759 0.65636553 -0.10639900
v -0.23395052 0.16898198 -0.07476923
v -0.21475057 0.51433861 -0.09872084
v -0.35387087 0.64098574 -0.10305473
v -0.36028318 0.63955908 -0.09134527
v 0.06776512 0.00345299 -0.09541230
v -0.18113806 0.00982669 -0.09215229
v -0.21797338 0.11248141 -0.08571004
v -0.32852823 0.27829682 -0.09926096
v -0.33660970 0.28501563 -0.09958136
v 0.25686005 0.28022757 -0.09415692
v -0.16726532 0.44371428 -0.09430629
v -0.33701278 0.62963255 -0.09097380
v -0.37948330 0.65723942 -0.08935357
v 0.36864683 0.75501057 -0.09212986
v 0.04399055 0.01097726 -0.09532685
v -0.19318376 0.02135797 -0.08071514
v 0.03336188 0.06376330 -0.08893025
v -0.21627072 0.09969262 -0.06218282
v 0.27650594 0.26950320 -0.08660329
v -0.35326317 0.28570289 -0.09346066
v -0.34870062 0.29578266 -0.09791655
v -0.36723891 0.28770879 -0.08803009
v -0.20326232 0.50589465 -0.08552978
v -0.27979541 0.58526065 -0.08357113
v -0.32089872 0.62952644 -0.09766354
v -0.38646951 0.66755306 -0.07924478
v -0.39021716 0.68085001 -0.08894729
v 0.03933328 0.01332527 -0.08798871
v -0.16311594 0.48355289 -0.09359090
v -0.17268314 0.49032361 -0.07844851
v -0.16505959 0.00299461 -0.08076449
v 0.04082205 0.00731041 -0.07940509
v -0.19000006 0.01556917 -0.07774693
v 0.03267757 0.05011806 -0.06701738
v -0.35916803 0.27911291 -0.08923533
v 0.24063316 0.28235764 -0.08991365
v -0.37052098 0.28928538 -0.08660781
v -0.22054687 0.11662720 -0.07910612
v -0.23248534 0.15220715 -0.05896101
v -0.35919252 0.26841849 -0.08562310
v 0.25509893 0.27300992 -0.08130614
v 0.24183663 0.27663083 -0.07982622
v 0.23435899 0.28048996 -0.08463820
v -0.17531584 0.48963831 -0.06902879
v -0.37058076 0.64487759 -0.08097125
v 0.04959976 0.00356719 -0.08122944
v 0.32002279 0.25103175 -0.07536049
v 0.30347125 0.25654217 -0.07771629
v -0.39062326 0.29101991 -0.07685634
v -0.32358061 0.62323791 -0.07717517
v -0.34048668 0.62466585 -0.06811210
v 0.37696965 0.74088927 -0.07346209
v 0.06617493 0.00038373 -0.06858866
v 0.03659432 0.01099635 -0.06822375
v -0.21854570 0.10867860 -0.06222504
v -0.17484725 0.00084468 -0.05400464
v -0.39375616 0.25409598 -0.07165491
v -0.18359513 0.00567361 -0.05319404
v -0.23682617 0.18636122 -0.01953807
v -0.38505989 0.23936375 -0.06619671
v -0.39726410 0.24667781 -0.06868904
v 0.29019825 0.26006909 -0.07680162
v 0.23971487 0.27067983 -0.06298489
v -0.18176873 0.49065493 -0.05551628
v -0.38804367 0.67120359 -0.06736806
v 0.38241501 0.23493079 -0.06169054
v 0.28778186 0.25509491 -0.06013110
v 0.28313985 0.25718932 -0.06199895
v 0.29187276 0.25746761 -0.07201118
v -0.37542196 0.64716625 -0.05768944
v 0.38254031 0.72862564 -0.05196412
v 0.37329726 0.74508714 -0.05529322
v 0.37626765 0.22940071 -0.04626630
v -0.42139715 0.25360820 -0.06049944
v -0.17998959 0.44331908 -0.06216932
v -0.35244300 0.62736775 -0.05656788
v -0.17558354 0.00098416 -0.04297757
v -0.22807855 0.13219382 -0.04620066
v 0.27435903 0.25876858 -0.05669941
v -0.20164728 0.03973295 -0.04727378
v 0.02973198 0.05567922 -0.02435392
v -0.39930306 0.23258952 -0.04325717
v -0.40763974 0.23765591 -0.05665210
v -0.41684217 0.24095089 -0.04863026
v 0.31084558 0.24621660 -0.05265692
v -0.20329983 0.50243111 -0.05816303
v -0.21088804 0.07054725 -0.02563087
v 0.34600351 0.23552419 -0.03537819
v -0.43185223 0.25785512 -0.03316331
v -0.21410839 0.08438583 -0.02619840
v -0.21773780 0.10217394 -0.03312746
v -0.34857389 0.62387364 -0.02180968
v 0.42510841 0.29388397 -0.02804956
v 0.37067168 0.34624420 -0.00891868
v 0.35711912 0.35650388 -0.01109665
v -0.20853868 0.06174915 -0.01540172
v 0.40950607 0.31135971 -0.00958591
v 0.39821267 0.32157997 0.01855849
v 0.35419684 0.35831423 -0.00209656
v 0.40240490 0.31733510 0.01600663
v -0.40171278 0.23990812 0.00936183
v -0.42450502 0.26981480 0.01221530
v 0.42067146 0.28652818 0.00680294
v 0.18528230 0.46641977 0.02781243
v 0.29950690 0.84244120 0.03407483
v 0.41565255 0.29556751 0.02720312
v 0.18810964 0.43581290 0.01366513
v 0.42038168 0.28261139 0.02794846
v 0.37793570 0.33821682 0.03589144
v 0.23371686 0.41949625 0.03650187
v 0.40556231 0.31086613 0.03048692
v 0.35090042 0.35877257 0.03997202
v 0.18410435 0.46488100 0.03575441
v 0.38764309 0.32879497 0.03826966
v 0.40676421 0.30471811 0.03841206
v 0.36564257 0.34479199 0.05103112
v 0.30192601 0.38951167 0.04247420
v 0.28205627 0.39846638 0.04901106
v -0.40709167 0.25098449 0.05188763
v 0.39843121 0.31401983 0.04385426
v 0.37320871 0.33920360 0.04710625
v 0.38942315 0.32232645 0.04883950
v 0.31223364 0.38226966 0.04978205
v 0.18493130 0.45507759 0.04639367
v 0.17820997 0.48036794 0.04152143
v 0.40728158 0.28974226 0.05141272
v 0.31954030 0.81366792 0.06400689
v 0.40060578 0.30640552 0.05084600
v 0.38040407 0.32836236 0.05502108
v 0.37528525 0.33305074 0.05559301
v 0.33939606 0.36197568 0.05793045
v 0.25006969 0.88376349 0.06299285
v 0.39011225 0.31429911 0.05823651
v 0.35504412 0.34978555 0.05821530
v 0.30429822 0.38270303 0.06283378
v 0.25917408 0.40606242 0.06028742
v 0.32616897 0.80345112 0.07052329
v 0.23799055 0.23170085 0.06734859
v -0.39122714 0.27001927 0.06049891
v 0.31525470 0.37819671 0.05781997
v 0.29766942 0.38877409 0.05659807
v 0.37611907 0.32340265 0.06475388
v 0.38365720 0.32119937 0.05996726
v 0.35491507 0.34553576 0.06458232
v 0.31475446 0.37661745 0.06248096
v 0.30953460 0.37771779 0.06616359
v 0.29184740 0.38787511 0.06627075
v 0.29014313 0.38944090 0.06522616
v 0.27287161 0.39530923 0.07136730
v 0.24138630 0.40954287 0.07153565
v 0.27857791 0.86152714 0.07265829
v 0.39036143 0.29275807 0.06631745
v 0.37014703 0.32561875 0.06783867
v 0.35521261 0.33840812 0.07068032
v 0.32056134 0.36934535 0.06819466
v 0.29491634 0.38561063 0.06740838
v 0.23119956 0.41399828 0.07004627
v 0.21680652 0.89631993 0.09169584
v 0.37461959 0.31339234 0.07078016
v 0.34199969 0.34945659 0.07227943
v 0.33590419 0.36198706 0.06322006
v 0.29238078 0.38399068 0.07252534
v 0.18498404 0.42626295 0.07711172
v 0.31618969 0.81476977 0.08019259
v 0.28272415 0.38574456 0.07780015
v 0.28130930 0.38886716 0.07479502
v 0.17467706 0.45339365 0.07464319
v 0.31129613 0.81926533 0.08591379
v 0.29884467 0.83820966 0.07644342
v 0.23516054 0.24899835 0.07998997
v 0.24578019 0.40172899 0.08312632
v 0.22842242 0.41188062 0.07827350
v 0.21191786 0.41723740 0.07866277
v -0.17873053 0.89850092 0.08742055
v 0.22802897 0.29233256 0.08372262
v 0.32539673 0.35605593 0.07875685
v 0.31189754 0.36797789 0.07729265
v 0.25800686 0.39524081 0.08366484
v 0.24782297 0.40644644 0.07304257
v 0.23249455 0.40588433 0.08608502
v 0.18881930 0.42100642 0.08594287
v 0.34270147 0.77969234 0.08950960
v 0.26055739 0.87252876 0.09335030
v 0.32123306 0.34407951 0.08704063
v 0.31429196 0.35798108 0.08371403
v 0.29082945 0.37142574 0.08667589
v 0.27240107 0.38508277 0.08574791
v 0.17249116 0.42971510 0.08090344
v 0.16709617 0.45548261 0.08931650
v 0.33165563 0.79567415 0.07541760
v 0.27390019 0.86003574 0.09728403
v 0.31769686 0.33737363 0.09059436
v 0.31860510 0.34714508 0.08709614
v 0.26892822 0.38291974 0.08995047
v 0.19568005 0.41461690 0.09245023
v 0.16683828 0.42548711 0.09381184
v 0.33098421 0.79309236 0.08913575
v 0.32230185 0.80657175 0.08032112
v 0.29536084 0.83613832 0.09548516
v 0.22525566 0.29917205 0.09177694
v 0.26895570 0.36734724 0.09983012
v 0.32400538 0.80090909 0.09035070
v 0.29966638 0.83022080 0.09613376
v 0.26466756 0.37872775 0.09546992
v 0.21622192 0.40921855 0.09057691
v 0.18564110 0.41377192 0.09828670
v 0.15845827 0.46725987 0.09602328
v 0.38582685 0.71670775 0.10581630
v 0.36027136 0.75861799 0.09957811
v 0.31033344 0.81479223 0.09853335
v 0.24410366 0.87766125 0.11450384
v 0.26279711 0.37220228 0.09998595
v 0.16070192 0.42184556 0.10362626
v 0.37718152 0.73602752 0.10552202
v 0.33484078 0.78088649 0.10841509
v 0.30309243 0.82314078 0.10059997
v 0.25471983 0.87262842 0.10705353
v 0.24559736 0.88065037 0.10068445
v -0.16723440 0.89338363 0.11360412
v 0.07924729 0.89554529 0.11417870
v 0.23151077 0.24976751 0.10963852
v 0.21793715 0.30893219 0.11155247
v 0.27439707 0.35194577 0.10278952
v 0.22618883 0.38852103 0.10487221
v 0.15791128 0.44951232 0.10638122
v 0.15621675 0.47507645 0.09914719
v 0.36714050 0.74635382 0.11122616
v 0.32779636 0.78821795 0.10807655
v 0.31731175 0.80012475 0.10851891
v 0.29684497 0.82849466 0.10599304
v 0.28693881 0.84375573 0.10058813
v 0.26386718 0.86532104 0.10673927
v 0.22820854 0.88577153 0.11656685
v -0.16084385 0.89170663 0.11145757
v 0.22330499 0.28469818 0.11568473
v 0.21937380 0.31586224 0.10049629
v 0.21203240 0.33571893 0.10780229
v 0.24283494 0.38248107 0.10301571
v 0.20990736 0.39270983 0.10676981
v 0.17090874 0.41315237 0.10725172
v 0.37832990 0.72939077 0.11235323
v 0.35310786 0.76201086 0.10912054
v 0.29251436 0.83436732 0.10583869
v 0.27444063 0.85433568 0.10851413
v 0.25207317 0.87110984 0.11629348
v 0.21605174 0.89125450 0.11474516
v 0.22581153 0.27256775 0.11578763
v 0.24297210 0.36579504 0.10901073
v 0.23261302 0.36866038 0.11027230
v 0.21063195 0.38158443 0.11139512
v 0.15071745 0.42216242 0.11087032
v 0.31313463 0.80963745 0.10119679
v -0.17551325 0.89395155 0.11633811
v 0.22415813 0.27388749 0.12155806
v 0.20727242 0.35460195 0.11179100
v 0.19992083 0.38461505 0.11372912
v 0.14394093 0.46764402 0.11425068
v 0.34310499 0.76761400 0.11683268
v 0.30440243 0.81462791 0.11056833
v 0.29006148 0.83181842 0.11416529
v 0.27055035 0.85608374 0.11327322
v 0.26236685 0.86273834 0.11533293
v 0.22171992 0.88788592 0.11845889
v 0.18809863 0.89427028 0.12289121
v 0.22979366 0.24617222 0.11967969
v 0.19458654 0.39480998 0.11007386
v 0.38134302 0.71571145 0.11744375
v 0.37675171 0.73297687 0.11261455
v 0.36556323 0.74201516 0.11906830
v 0.32818302 0.78464779 0.11342201
v 0.30498881 0.80964854 0.11534844
v 0.28390329 0.83887936 0.11540663
v 0.27544833 0.84649088 0.11926538
v -0.15964464 0.88805069 0.12317908
v 0.21931275 0.29208388 0.12311955
v 0.34576305 0.75503648 0.12885607
v 0.32640683 0.77885761 0.12303956
v 0.31007056 0.79586701 0.12291090
v 0.30191585 0.80802414 0.12118049
v 0.29284918 0.81942926 0.12296710
v 0.28748587 0.82998153 0.12054435
v 0.26688647 0.85498965 0.12105649
v 0.20591233 0.33387384 0.12371008
v 0.20403925 0.34182702 0.12259887
v 0.18419145 0.38728047 0.11986313
v 0.17873930 0.38947374 0.12151522
v 0.16771044 0.39791179 0.12195353
v 0.13433440 0.41667708 0.12580089
v 0.33556298 0.76954404 0.12375877
v 0.28686909 0.82441853 0.12637003
v 0.27093347 0.84550376 0.12704224
v 0.26059200 0.85756036 0.12689684
v 0.21533672 0.88651998 0.12876853
v -0.18277282 0.89240784 0.12374928
v 0.21574104 0.29507561 0.13135686
v 0.36662956 0.72194087 0.12991435
v 0.36282829 0.73643965 0.12682107
v 0.32077595 0.77688530 0.13008933
v 0.29944353 0.80436070 0.12693074
v 0.23090104 0.87741935 0.13300984
v 0.22600403 0.88073038 0.13183220
v 0.20795020 0.32116794 0.12891296
v 0.19422602 0.36010634 0.12567383
v 0.16633673 0.37996562 0.13322651
v 0.16768777 0.38426896 0.13025172
v 0.14247050 0.40285611 0.13140609
v 0.32984092 0.76290801 0.13363563
v 0.32013211 0.76859327 0.13611911
v 0.30529502 0.79173269 0.13065315
v 0.28491866 0.81011429 0.13658710
v 0.27675590 0.83555177 0.12969207
v 0.18631008 0.34859946 0.13706985
v 0.17818725 0.36067604 0.13684946
v 0.17351196 0.37216037 0.13363060
v 0.15939889 0.38440759 0.13398523
v 0.27645269 0.83075402 0.13337980
v 0.24598381 0.85683397 0.14382538
v 0.24663970 0.86912322 0.12866801
v 0.23733711 0.87391985 0.13208361
v -0.16092705 0.88184684 0.13794193
v 0.21949274 0.27202520 0.13780766
v 0.19691430 0.33964757 0.13273589
v 0.19004851 0.34355254 0.13682827
v 0.17935568 0.35002502 0.14103229
v 0.14228210 0.39347487 0.13674390
v 0.34306476 0.74124460 0.13673946
v 0.30168559 0.77849694 0.13982420
v 0.27360342 0.81118325 0.14300898
v 0.27965294 0.81623845 0.13814532
v 0.25876708 0.83064129 0.14541414
v 0.09249371 0.89156327 0.15662398
v 0.21511544 0.27176455 0.14700247
v 0.11622274 0.41263995 0.13802680
v 0.11580447 0.44597913 0.14453423
v 0.31838161 0.73555061 0.14514340
v 0.32433331 0.75147496 0.14089083
v 0.29913816 0.76296291 0.14492317
v 0.30372230 0.76845971 0.14230529
v 0.21724118 0.87564979 0.14496825
v 0.18347359 0.33960464 0.14369076
v 0.14775161 0.37216027 0.14546837
v 0.13102375 0.38278990 0.14741903
v 0.12010389 0.39837386 0.14492156
v 0.10844809 0.45365778 0.14555848
v 0.31466945 0.75146453 0.14367637
v 0.28439769 0.77686126 0.14527900
v 0.28154997 0.78725742 0.14453718
v 0.25188240 0.84682087 0.14408277
v 0.21370243 0.26411175 0.15254458
v 0.20340948 0.30560036 0.14486760
v 0.18260213 0.32921310 0.14966454
v 0.17449910 0.33895170 0.14948398
v 0.16378310 0.35906002 0.14471053
v 0.14356105 0.36749300 0.14969094
v 0.12346692 0.38011980 0.15209562
v 0.11394115 0.39470487 0.14948466
v 0.28710397 0.68423045 0.15710380
v 0.27562009 0.74779476 0.14930808
v 0.27109370 0.75427120 0.15013069
v 0.26505110 0.77305634 0.14942319
v 0.26059406 0.77960549 0.15096910
v 0.25523605 0.79065753 0.14993305
v 0.22719779 0.85973590 0.15279848
v 0.19511775 0.30665763 0.15199431
v 0.19006806 0.30626984 0.15608633
v 0.17268376 0.33321766 0.15343785
v 0.16338165 0.34227979 0.15363127
v 0.16030076 0.34258118 0.15498222
v 0.09559477 0.39894556 0.15399600
v 0.28360930 0.70969539 0.15187875
v 0.24280113 0.84179463 0.15090204
v 0.02956172 0.89880116 0.16777607
v 0.20759224 0.27045589 0.15737142
v 0.19874982 0.28841684 0.15803921
v 0.14613107 0.35045125 0.15721029
v 0.13304210 0.36251921 0.15667570
v 0.09644113 0.38636672 0.15939817
v 0.08500861 0.39956100 0.15621455
v 0.09604070 0.44064358 0.15646092
v 0.08913378 0.45272217 0.15498251
v 0.27747124 0.72688393 0.16278413
v 0.28223523 0.71862938 0.15037780
v 0.24571048 0.80745263 0.15201638
v 0.19851557 0.85917804 0.15995537
v 0.21935274 0.25036501 0.14970006
v 0.18112869 0.30731230 0.16143880
v 0.17498657 0.31621827 0.16063719
v 0.16843355 0.32068171 0.16198670
v 0.15394601 0.33388312 0.16213642
v 0.14908189 0.34195511 0.16018247
v 0.12347993 0.35833111 0.16214222
v 0.10197203 0.43450217 0.15489811
v 0.08147688 0.44252872 0.16176895
v 0.07491334 0.43934088 0.16501295
v 0.23620900 0.81791177 0.16019085
v 0.22641609 0.83188992 0.16109082
v 0.21167623 0.84738851 0.16194529
v 0.11999519 0.88307096 0.16924632
v 0.21182275 0.25222632 0.16021804
v 0.19262598 0.28369691 0.16474136
v 0.16196348 0.32589235 0.16256091
v 0.10751743 0.36815873 0.16275918
v 0.09783140 0.38194631 0.16045296
v 0.08148686 0.38614284 0.16217627
v 0.07061974 0.46048429 0.15710842
v 0.05244090 0.46086962 0.16031555
v 0.25699173 0.77685406 0.17678687
v 0.09425020 0.88831713 0.18262933
v 0.20741277 0.24797032 0.16647147
v 0.18438920 0.28400308 0.16988467
v 0.17260682 0.30620531 0.16663083
v 0.15792039 0.31937889 0.16738527
v 0.13706357 0.34792345 0.16206915
v 0.08557841 0.36814097 0.16747834
v 0.04247310 0.38540917 0.16693369
v 0.28122253 0.70616263 0.16908176
v 0.27200693 0.74854868 0.15452274
v 0.25128986 0.78916473 0.17326327
v 0.21589911 0.21969659 0.16461217
v 0.19729845 0.26134256 0.17057199
v 0.16030847 0.30443946 0.17319016
v 0.14742660 0.31458117 0.17361489
v 0.10834108 0.34555667 0.17107257
v 0.04756081 0.37660605 0.17198145
v 0.05655639 0.43611572 0.16974077
v 0.03934370 0.43710205 0.17247276
v 0.21911722 0.83332527 0.17050964
v 0.19597427 0.84976092 0.17286504
v 0.18278026 0.85758243 0.17249475
v 0.17658043 0.86314932 0.16467834
v 0.08119815 0.89147869 0.17835986
v 0.19454172 0.25069131 0.17605012
v 0.17030999 0.29447541 0.17282424
v 0.15575441 0.30482976 0.17469562
v 0.12066199 0.31925738 0.17965707
v 0.11664822 0.33103846 0.17541830
v 0.01858181 0.45772590 0.16935134
v 0.27628197 0.72002212 0.17824685
v 0.26735852 0.74725926 0.18305778
v 0.23176204 0.81629854 0.17745047
v 0.21413738 0.83786494 0.17083966
v 0.17376681 0.86239203 0.17139632
v 0.20957009 0.19435056 0.17547713
v 0.19985340 0.24050330 0.17538166
v 0.18168693 0.26407971 0.17911691
v 0.18257435 0.27990121 0.17278887
v 0.16562275 0.29423568 0.17502384
v 0.14896328 0.30920574 0.17550279
v 0.22766291 0.82641753 0.16610942
v 0.21266734 0.83089299 0.18881145
v 0.18427915 0.85011947 0.19202268
v 0.14778518 0.87122844 0.18128092
v 0.16389764 0.27926954 0.18170764
v 0.08682354 0.34542328 0.17558473
v 0.27056545 0.73721799 0.18290576
v 0.26416555 0.75595363 0.18401951
v 0.23442980 0.81022786 0.18346685
v 0.19180248 0.84889694 0.18220466
v 0.12446632 0.87809682 0.18872047
v 0.19840977 0.20715015 0.18388362
v 0.15251637 0.28392331 0.18424400
v 0.14726498 0.29347673 0.18237788
v 0.27646804 0.70579956 0.19012217
v 0.25448320 0.77633589 0.18688939
v 0.22822353 0.81415047 0.19025780
v 0.20625826 0.83451314 0.19282581
v 0.15562401 0.86454212 0.19352378
v 0.12128105 0.87661170 0.19883405
v 0.08801861 0.88735231 0.19435863
v 0.19461170 0.22340440 0.18349927
v 0.17458357 0.26147699 0.18388745
v 0.16002655 0.26533056 0.18847669
v 0.08201137 0.31267880 0.18990678
v 0.02702126 0.37948694 0.19082739
v 0.01230873 0.44620611 0.18793309
v 0.27295096 0.72381487 0.18889676
v 0.26677907 0.74625720 0.18673106
v 0.21121849 0.82925529 0.19479969
v 0.19907477 0.84027124 0.19223441
v 0.19144228 0.84278302 0.19944271
v 0.17904629 0.24674062 0.18639129
v 0.09934258 0.31433866 0.18617910
v 0.01419690 0.42557474 0.19060355
v 0.27275215 0.71552683 0.19575826
v 0.27298863 0.72333808 0.18920858
v 0.25703199 0.76339245 0.19710973
v 0.25322267 0.77383102 0.19456385
v 0.17371236 0.85423135 0.19721729
v 0.14985143 0.86499178 0.20028544
v 0.18195507 0.19835279 0.19564449
v 0.06452172 0.30457175 0.19509469
v 0.05140013 0.31230668 0.19642358
v -0.06123219 0.32593844 0.20349773
v 0.05001795 0.38781124 0.19386514
v 0.26473587 0.74558491 0.19509676
v 0.24473137 0.79078683 0.19242071
v 0.23280556 0.80640215 0.19415728
v 0.11119078 0.87911678 0.20181035
v 0.09997547 0.88304071 0.19961256
v 0.02419779 0.89432719 0.20181216
v 0.16280082 0.21953708 0.20078126
v 0.05389947 0.29974156 0.19792785
v 0.03362504 0.35001298 0.20235352
v 0.00019684 0.37207973 0.19678670
v 0.26913367 0.72354274 0.20109982
v 0.24997527 0.77156543 0.20555761
v 0.22307856 0.81465781 0.19963460
v 0.20330866 0.83414745 0.19950654
v 0.13083470 0.87012989 0.20748015
v 0.09633469 0.88222774 0.20621585
v 0.05125782 0.89122825 0.20581562
v 0.16978409 0.19150802 0.20257573
v 0.11546572 0.26653590 0.20146816
v -0.06380732 0.34186211 0.20680183
v 0.27376475 0.70298583 0.20062499
v 0.08942544 0.88052705 0.21671467
v 0.14123485 0.21547246 0.20873485
v 0.14263142 0.23965395 0.20275137
v 0.03602952 0.28804364 0.20398418
v -0.04736259 0.31051562 0.20388545
v -0.05087500 0.30850883 0.20938712
v -0.03702950 0.33614334 0.20566625
v -0.04665439 0.34358716 0.20581810
v 0.26111861 0.74376213 0.20715465
v 0.25380881 0.76228092 0.20650451
v 0.20202594 0.83111716 0.20642151
v 0.17690027 0.84717448 0.20924265
v 0.10968919 0.24553136 0.20917643
v 0.04135823 0.27083882 0.20978491
v 0.03128444 0.31900995 0.21179619
v -0.00407128 0.32850426 0.21220470
v -0.01715016 0.33378106 0.20930897
v -0.05478457 0.33824207 0.21145383
v 0.26541684 0.71747787 0.21403935
v 0.23032958 0.79626454 0.21316263
v 0.23210792 0.79879390 0.20663976
v 0.21551595 0.80932376 0.21870202
v 0.19416447 0.83353067 0.21333055
v 0.15724812 0.85814789 0.20914564
v 0.11105493 0.87365108 0.21667243
v 0.14111049 0.20602944 0.21043527
v 0.12553878 0.22196245 0.21160345
v 0.11939867 0.23261876 0.21070313
v 0.10442920 0.23301624 0.21343603
v 0.07342805 0.25213682 0.21296239
v -0.03301469 0.29435581 0.21479719
v -0.02167171 0.31575487 0.21269037
v 0.26226474 0.73090914 0.21362157
v 0.25398123 0.74965146 0.21758175
v 0.23913134 0.78249050 0.21382541
v 0.19324990 0.83084317 0.21914998
v 0.18492056 0.83792441 0.21784149
v 0.10207902 0.87673876 0.21634120
v 0.06918506 0.88902658 0.20407392
v 0.05065321 0.88709995 0.21763070
v 0.10360810 0.21497372 0.21711405
v 0.06028828 0.24351913 0.21668313
v 0.26771660 0.70545334 0.21486607
v 0.24253208 0.77167791 0.21871534
v 0.14808013 0.85816707 0.21901586
v 0.11948713 0.86787205 0.22240437
v 0.08132749 0.21570394 0.21998769
v 0.24424303 0.76613150 0.22099535
v 0.23370812 0.78304466 0.22196375
v 0.22724887 0.79392377 0.22013811
v 0.20722686 0.81767235 0.21978175
v 0.19838371 0.82330747 0.22280988
v 0.02271188 0.22034942 0.22326271
v 0.25631189 0.73421949 0.22316285
v 0.25202395 0.74165880 0.22570882
v 0.22234406 0.79464117 0.22577494
v 0.19118345 0.82522554 0.22829009
v 0.16262115 0.84704550 0.22426080
v 0.12931349 0.86184037 0.22657011
v 0.25346154 0.73801561 0.22569865
v 0.24813123 0.74732398 0.22834387
v 0.24286897 0.76004555 0.22702411
v 0.23972123 0.76635223 0.22704382
v 0.22831390 0.78288534 0.22887130
v 0.20838258 0.80882138 0.22773980
v 0.17594148 0.83955731 0.22381197
v 0.14954055 0.84982165 0.23072192
v 0.13125554 0.85829262 0.23141891
v 0.09503013 0.86983080 0.23403237
v 0.25702803 0.71483131 0.23067899
v 0.22612973 0.78234371 0.23207005
v 0.20500990 0.80625803 0.23373542
v 0.05097036 0.87838242 0.23600665
v 0.23082053 0.76739931 0.23697131
v 0.18599052 0.82240993 0.23638127
v 0.16766760 0.83850870 0.23226782
v 0.25020099 0.71878825 0.23844798
v 0.24478228 0.73903130 0.23673333
v 0.22344657 0.77662039 0.23858941
v 0.21226813 0.79067921 0.23943236
v 0.20475130 0.80244137 0.23741570
v 0.19833108 0.81205307 0.23509555
v 0.14955498 0.84605697 0.23580954
v 0.10865839 0.86269307 0.23820085
v 0.22578476 0.76171028 0.24504345
v 0.18950819 0.81278959 0.24194053
v 0.06855199 0.87290103 0.24005494
v 0.18572767 0.80973205 0.24720239
v 0.17479653 0.82289037 0.24402928
v 0.14064492 0.84389471 0.24422985
v 0.10161993 0.85901568 0.24614028
v 0.23115713 0.74759647 0.24680313
v 0.21666167 0.76370984 0.25135370
v 0.21545162 0.77009883 0.24935519
v 0.18924479 0.80065744 0.25061899
v 0.12058683 0.85045223 0.24758410
v 0.04798420 0.87025370 0.24846282
v 0.24506001 0.68107164 0.25102968
v 0.21145433 0.77667600 0.24919807
v 0.17090893 0.81555110 0.25243994
v 0.14746150 0.83654016 0.24822012
v 0.07864729 0.84861003 0.26467991
v 0.22323524 0.73606071 0.25687782
v 0.21658884 0.74786201 0.25778025
v 0.18697088 0.79390811 0.25590988
v 0.17970791 0.80435586 0.25437743
v 0.02733366 0.86465426 0.25815305
v 0.22859172 0.69695131 0.26198826
v 0.23330457 0.72198001 0.25387891
v 0.19886322 0.77673217 0.25728716
v 0.18614846 0.78195425 0.26225635
v 0.17126095 0.79737301 0.26341209
v 0.21660069 0.71991270 0.26548534
v 0.21294614 0.73356863 0.26412141
v 0.20067343 0.75229820 0.26568557
v 0.20327089 0.76527745 0.25966834
v 0.19574792 0.77176401 0.26133000
v 0.15266109 0.80512382 0.26831066
v 0.14618651 0.81607645 0.26491656
v 0.12414367 0.82976857 0.26485826
v 0.22455033 0.70852042 0.26285450
v 0.19934064 0.74298639 0.26905942
v 0.16520226 0.80302895 0.26331876
v 0.14717349 0.80554542 0.27030102
v 0.20429008 0.72705338 0.27041098
v 0.13891449 0.81320148 0.26965188
v 0.11992286 0.82417942 0.27008183
v 0.20267551 0.70423963 0.27472431
v 0.17876049 0.76843751 0.27112235
v 0.11689532 0.81335585 0.27697843
v 0.14702714 0.79163505 0.27595785
v 0.13109033 0.80296948 0.27706132
v 0.13205541 0.78032759 0.28436683
v 0.09310804 0.81955812 0.28051654
v 0.15671553 0.73409584 0.28468037
v 0.12155329 0.77246523 0.28920197
v 0.09503167 0.80417481 0.28683070
v 0.17254426 0.69123136 0.28637789
v 0.14716875 0.73541501 0.28686164
v 0.13006606 0.75480331 0.28919006
v 0.12414272 0.76504830 0.28966890
v 0.11395834 0.78417133 0.28848556
v 0.15675979 0.68131173 0.29197385
v 0.10664632 0.77432333 0.29241045
v 0.13215547 0.68800825 0.29672540
v 0.12060163 0.72252265 0.29708168
v 0.09753728 0.75783649 0.29641804
v 0.09032689 0.78831492 0.29287438
v 0.08281831 0.79406486 0.29266303
v 0.15642813 0.66549473 0.29463475
v 0.07620232 0.71730395 0.30443280
v 0.07609217 0.73575756 0.30208986
v 0.05955609 0.76637748 0.30152054
v 0.12388229 0.66005734 0.30731086
v 0.12890863 0.70047224 0.29958316
v 0.10496399 0.72377285 0.31285479
v 0.06149792 0.73236492 0.30562530
v 0.05299481 0.74225063 0.30539172
v 0.06066277 0.71038465 0.31098387
v 0.10836533 0.66853193 0.31151627
v 0.11767312 0.70439590 0.31742733
v -0.08968312 0.71102830 0.31616801
v 0.09396699 0.67089097 0.31579887
v 0.08755271 0.67949050 0.31491384
v 0.06958073 0.68867465 0.31670243
v 0.02632126 0.71041365 0.31644704
v 0.09087543 0.65624855 0.32160532
v 0.01700727 0.69843596 0.32326847
v 0.09608157 0.63967501 0.32288189
v 0.08229227 0.65642327 0.32487794
v 0.08201106 0.67718391 0.31679077
v 0.06690657 0.68279822 0.32070663
v 0.07564663 0.64932846 0.32958828
v 0.05514848 0.66355349 0.33497535
v 0.05436412 0.66784867 0.33370805
v 0.01820858 0.68365075 0.34310337
v 0.01513369 0.62846903 0.34887438
f 4645 4644 7988
f 4644 4645 6
f 4645 7991 5399
f 4649 71 4646
f 4650 53 4651
f 6 4653 53
f 4658 7467 8021
f 4655 4653 8011
f 4660 160 199
f 4657 4655 4663
f 4659 5409 6670
f 4663 4655 8026
f 184 2863 160
f 8023 7996 8002
f 201 4661 8036
f 7996 4665 6670
f 4663 8026 8037
f 6670 4665 4659
f 8023 8036 7996
f 8036 4667 7996
f 5451 4665 7996
f 4663 8037 264
f 7996 4667 5451
f 4664 264 8064
f 264 8061 8064
f 8064 4692 2895
f 4668 7483 4671
f 4684 4686 4671
f 4671 4686 8036
f 4671 7483 4684
f 4686 4691 8036
f 8036 4691 4667
f 2895 2943 5564
f 4699 2895 5564
f 8117 8167 8132
f 4693 2975 7500
f 4704 624 2991
f 858 572 7507
f 6825 4705 2970
f 4721 4725 3017
f 4742 5668 747
f 4729 6945 3077
f 971 970 8237
f 8182 8239 8209
f 4738 6945 4729
f 917 864 4762
f 6939 8236 8242
f 7537 7542 7548
f 4749 3038 7541
f 6952 8292 1034
f 6919 4764 7544
f 3077 4779 6938
f 8273 991 1110
f 7537 7548 3158
f 4754 8293 8264
f 1086 4769 4780
f 8288 8262 6983
f 4768 1213 4784
f 4785 5703 1127
f 6971 6996 4795
f 6969 1212 5756
f 4748 8260 4819
f 4770 4766 8352
f 4778 1130 4768
f 3077 1172 4779
f 4764 4807 4808
f 4764 4808 8311
f 8287 8315 8262
f 6991 1198 8292
f 4769 7564 1148
f 3150 5710 4805
f 4768 7640 1213
f 4768 1130 7640
f 7541 1152 4796
f 4766 4819 8321
f 8352 4825 8310
f 1171 4812 4834
f 6970 7014 6996
f 8269 4902 4799
f 7586 4818 7593
f 4801 3181 4826
f 8287 4832 4811
f 6996 7014 4813
f 8343 7001 5807
f 7577 7609 3258
f 8294 8340 8341
f 7593 4818 8332
f 4794 3266 1211
f 7001 1252 5807
f 3258 7610 7569
f 5790 4837 4859
f 4833 4844 6958
f 7607 3181 3273
f 4834 4812 4856
f 7640 1130 4835
f 4806 1225 4849
f 4820 4834 4843
f 4795 5843 3268
f 8338 7611 4807
f 4871 4859 4865
f 8348 1288 4839
f 4833 4887 4844
f 7640 5851 4863
f 7640 4835 5851
f 4849 1296 4868
f 4967 4851 4774
f 7582 4874 7028
f 4813 5858 4795
f 7640 4867 4912
f 7640 4863 4867
f 1296 1225 4868
f 1287 7033 8358
f 4902 8394 7582
f 3466 7686 8368
f 7028 4874 7586
f 7586 4884 7035
f 8389 3338 4915
f 8379 7642 8341
f 8341 5048 4836
f 4829 4920 4881
f 8353 4911 8315
f 4821 4894 4886
f 4856 4904 4924
f 4856 4877 4904
f 3281 4879 1225
f 4859 3356 4937
f 5854 3223 4822
f 7586 8404 4884
f 4893 4922 3253
f 1274 3483 4888
f 4869 4916 4907
f 7611 7653 3421
f 7623 7645 7624
f 7624 8394 4902
f 8348 8395 4939
f 8401 4910 7586
f 7586 4910 8404
f 8315 4911 4855
f 7640 4912 4949
f 4890 3393 7057
f 7642 7702 8341
f 4865 4859 4937
f 7686 4901 4838
f 3253 4922 3386
f 8373 4923 4821
f 4876 4924 4875
f 4903 4925 4887
f 4869 4907 7700
f 5846 4909 4822
f 4819 7688 4885
f 7625 3409 8392
f 8392 7689 4866
f 4923 4894 4821
f 4875 4924 4973
f 4887 4993 4926
f 3393 3338 7057
f 4891 4898 4944
f 4907 4916 7700
f 4891 4944 1314
f 7702 5048 8341
f 4901 5085 4838
f 8405 7688 4819
f 4866 7696 8353
f 8315 4959 8373
f 4887 4925 4993
f 7686 4953 4901
f 4838 4954 8395
f 8394 4992 7582
f 8353 7696 4911
f 4922 4875 4973
f 4924 4949 4940
f 3435 1313 4983
f 5048 4966 4836
f 4836 4966 3232
f 4886 4894 4948
f 3393 4999 3338
f 4962 7700 5001
f 4992 8410 7582
f 8405 5032 7688
f 4838 5085 4954
f 4865 4937 5014
f 7688 7727 3409
f 4923 8373 4894
f 4973 4980 3592
f 8401 4997 8404
f 8404 5038 5023
f 3409 7727 7723
f 4894 5079 4948
f 7728 4949 5024
f 4937 4951 5073
f 5006 3465 4938
f 5024 4949 5009
f 1331 7745 5869
f 7704 3610 3338
f 4869 4962 7771
f 3615 4865 5014
f 7645 5015 7743
f 3467 4979 1333
f 3622 4922 4973
f 5079 5046 4948
f 3544 1329 1325
f 7064 1326 1330
f 1325 1329 5010
f 1326 5870 1330
f 5010 1329 1327
f 1327 1329 1331
f 7745 4982 5869
f 7654 7738 3580
f 3615 5014 5029
f 4937 5073 5014
f 7754 4953 7686
f 3467 1333 3659
f 1333 4979 5022
f 4855 7795 4959
f 4940 5024 5008
f 5009 3567 5024
f 3483 4993 5866
f 5011 1332 1335
f 1332 1328 1335
f 3615 5029 5028
f 3232 4966 4994
f 8401 7687 4997
f 7696 5050 4855
f 3622 4973 5051
f 5024 3567 3692
f 3610 5036 5000
f 4962 5001 7799
f 3615 5028 5027
f 5014 5073 5072
f 4953 5066 7786
f 7687 5038 4997
f 3692 3567 7813
f 3646 3761 3612
f 5027 5028 5029
f 5029 5014 5084
f 5014 5072 5084
f 4992 7787 5043
f 4992 5043 8410
f 8410 5043 7687
f 4973 3592 5051
f 5024 3692 5008
f 1335 8417 5053
f 8417 1335 7788
f 4971 5007 3658
f 5128 5052 4925
f 7796 1339 7065
f 5027 5029 5084
f 4966 7084 4994
f 7754 7832 4953
f 7645 7809 5015
f 7687 7810 5038
f 3659 5022 7075
f 5032 3791 7755
f 4993 5062 1338
f 8421 5055 3708
f 7785 7849 5060
f 7074 4938 3772
f 5038 7810 3720
f 7796 5080 1339
f 4993 5068 5062
f 7812 7813 3808
f 5013 7825 5070
f 7786 5076 5085
f 7687 5043 7810
f 4959 5078 8373
f 5056 5083 3814
f 1343 7876 7696
f 7696 7876 5050
f 8373 5134 4894
f 8416 5080 1340
f 5035 5879 3610
f 5066 3976 5076
f 3720 5067 5038
f 8373 5078 5134
f 7070 3622 5106
f 7820 5008 3865
f 5062 5068 3776
f 7868 7071 7080
f 5084 5072 7095
f 3641 5006 5104
f 5061 5117 1343
f 5051 7854 3622
f 4925 5094 5128
f 1349 3777 1351
f 5882 3814 5083
f 7832 5103 4953
f 7755 1366 5061
f 7795 5078 4959
f 3622 7854 5106
f 7820 5113 5107
f 3776 5068 3809
f 5054 3722 5100
f 5035 5108 5879
f 4953 5103 5066
f 5107 5113 7854
f 1357 1362 1360
f 4993 5135 5068
f 1354 1364 1340
f 1340 1364 5902
f 5882 3828 3814
f 4966 5181 7084
f 7810 7884 3720
f 7876 3825 5050
f 8433 7085 7086
f 1360 1362 1369
f 5068 1370 3809
f 1364 5122 5902
f 1365 1353 8440
f 5054 5108 5035
f 5143 3762 7825
f 7084 5181 5125
f 5106 7854 5112
f 5094 5079 5128
f 1369 1362 1382
f 3828 3947 3814
f 5106 5112 5176
f 7085 1372 7086
f 7869 5144 5071
f 7095 5072 5193
f 5068 5142 1370
f 1374 1373 5121
f 7895 7878 5129
f 5048 5192 4966
f 5072 3886 5193
f 3856 7074 5138
f 5117 3917 5120
f 5134 5141 4894
f 5068 5135 5142
f 7894 3865 3925
f 5890 5148 5149
f 5898 1380 3901
f 3901 3947 5898
f 7095 5193 7133
f 7074 5145 5138
f 3859 5040 5176
f 5176 5112 7097
f 5079 5899 5128
f 3898 5906 1406
f 3902 7100 7099
f 3901 1380 3947
f 5067 5146 5116
f 5116 5161 5127
f 1380 5153 3947
f 5146 5161 5116
f 5176 7097 7098
f 5899 5163 5128
f 5113 7093 8452
f 4966 5165 5181
f 7101 5140 5189
f 3917 5169 5120
f 3877 5185 3825
f 3876 5202 5151
f 8452 8484 7098
f 5937 7915 5153
f 5153 7915 3947
f 5120 5184 3877
f 3876 3859 5210
f 3859 5176 5210
f 5170 5175 3825
f 3825 5175 1391
f 5128 5163 5164
f 5937 5186 7915
f 3750 5168 7910
f 5171 4102 5048
f 5119 5145 5196
f 5176 5199 5210
f 5176 5203 5199
f 5176 7098 5203
f 4011 5967 4038
f 5048 4102 5192
f 4966 5192 5165
f 5119 5196 7135
f 5174 5151 5198
f 5145 4107 5196
f 3917 5201 5184
f 4037 7122 1487
f 5160 5207 3976
f 7930 5195 4049
f 5168 5208 7910
f 5231 5209 5146
f 5189 4064 5197
f 5198 5151 7160
f 5185 4066 3825
f 1487 7122 4083
f 5236 6020 4052
f 5182 5165 5213
f 7135 5196 5228
f 7910 5208 5231
f 3877 5249 5185
f 4039 8540 8521
f 7135 1521 1520
f 3976 5207 1462
f 5151 5202 7160
f 5203 5232 5199
f 5205 1491 5164
f 5191 5222 7934
f 7135 5228 1521
f 1547 6019 1450
f 1594 3995 5239
f 5195 5240 4150
f 5216 1491 5991
f 5235 6018 1547
f 8540 7157 8571
f 3995 1594 5254
f 4088 4121 4028
f 7127 5248 7144
f 5202 5210 5218
f 6019 1547 1548
f 5165 5247 1535
f 6005 5233 5204
f 1577 7156 1593
f 7160 5266 5261
f 4127 5251 5260
f 5231 7957 5209
f 5202 5218 5252
f 8579 8568 5257
f 1594 7182 5254
f 1462 5207 1587
f 5255 4189 5209
f 4187 5278 5229
f 7957 5265 5209
f 5251 5230 1736
f 5265 5255 5209
f 7144 5248 7177
f 5252 5218 7204
f 5246 1579 5238
f 7957 5229 4217
f 5229 5278 4217
f 4189 4243 5209
f 5254 5275 8671
f 7210 5277 5281
f 5248 5284 5283
f 5248 5272 5284
f 5254 8671 5282
f 5258 5254 5307
f 1697 1833 1832
f 7181 5307 5305
f 8671 8730 7272
f 4347 7254 8751
f 1885 5305 1912
f 1833 5315 6142
f 8751 4390 5319
f 8751 7254 4390
f 1911 1885 7271
f 5321 6204 4386
f 6204 5317 4386
f 6206 6226 8797
f 6226 5319 8797
f 6243 6250 2019
f 7271 5305 7296
f 4629 7460 2839
f 4332 5327 1978
f 4623 4633 2842
f 4623 4630 4633
f 2853 4629 5358
f 5332 5336 7273
f 5332 7287 5336
f 7296 7300 7312
f 4623 2842 2849
f 6313 8835 6281
f 2823 2849 2851
f 2170 8835 2138
f 2276 2140 2277
f 2140 7310 2277
f 2140 5340 7310
f 2206 2209 2169
f 4629 2840 7459
f 2823 2851 5356
f 4493 7982 8835
f 4614 2713 7449
f 4620 2839 4622
f 2831 2836 2839
f 2825 2823 4618
f 4618 2823 2838
f 2831 2837 2836
f 2838 2833 2832
f 6650 2833 2810
f 4622 4621 4625
f 4622 2839 4621
f 4626 2823 2821
f 2836 2837 4629
f 2837 9002 4629
f 2823 2833 2838
f 9002 2840 4629
f 2833 5355 2810
f 2810 5355 6652
f 4621 2839 7460
f 4626 4623 2823
f 2839 2836 4629
f 2823 4623 2849
f 2833 2823 5356
f 9003 6662 7459
f 9003 9004 6662
f 5355 6657 5357
f 5355 5357 6652
f 4633 2846 5359
f 4633 5359 2842
f 5358 4629 6660
f 7459 6661 4629
f 4633 4630 2846
f 6657 5361 6665
f 4628 2853 2844
f 4636 6665 5361
f 4639 2844 2847
f 5363 6 5
f 4646 6667 4649
f 2859 2860 2861
f 2859 2861 4644
f 2861 7988 4644
f 2860 4647 5365
f 4650 4663 82
f 6 4645 83
f 5380 8001 4654
f 7996 7990 111
f 4650 4655 4657
f 7991 4656 5399
f 2856 6658 2846
f 6658 6659 2848
f 4654 8001 7467
f 7467 8001 2863
f 8021 4660 5416
f 7467 2863 184
f 5380 7467 8036
f 8026 4655 8011
f 2874 5416 2865
f 2842 2848 2849
f 2844 6663 2847
f 2844 6661 6663
f 8023 5380 8036
f 2874 2865 2872
f 2866 264 2863
f 2866 4663 264
f 2863 264 160
f 5464 8037 8026
f 220 262 259
f 2889 2874 2872
f 4668 8021 2874
f 2871 7476 257
f 6710 248 260
f 2865 2884 2872
f 4668 2874 2889
f 2870 7474 256
f 2871 2885 7476
f 2865 8064 2895
f 256 7480 7469
f 2871 2880 277
f 2865 2895 2884
f 5477 7477 264
f 2878 7482 273
f 2872 2884 2888
f 257 7485 2903
f 4668 2889 7483
f 2889 2872 2893
f 2872 2888 2894
f 8061 7477 8064
f 6658 2848 2842
f 303 4674 4681
f 305 312 256
f 299 2892 359
f 2887 2892 299
f 2890 2892 2887
f 2889 2893 2894
f 313 6751 6731
f 2886 7486 7485
f 359 7490 299
f 299 7490 2891
f 2884 2895 2888
f 7483 2889 4678
f 7477 4692 8064
f 2894 2888 2899
f 296 4679 7489
f 7489 7487 336
f 306 6771 328
f 7486 2904 7485
f 7485 2904 2903
f 2891 7490 358
f 329 2898 6738
f 355 4677 337
f 312 2915 2907
f 7486 2891 2904
f 2890 2897 2892
f 2895 4699 2888
f 8103 8069 8102
f 4681 7492 4679
f 4682 7492 4681
f 355 2926 4677
f 2903 2916 2902
f 328 2917 6751
f 6751 2917 6783
f 2898 6767 6738
f 349 409 370
f 6759 6782 2914
f 7487 4685 354
f 2908 2936 2907
f 2909 2915 312
f 6761 380 6771
f 2916 2909 2902
f 328 6771 2917
f 2903 2904 2916
f 359 2921 7490
f 4692 7491 2895
f 2899 4699 361
f 2888 4699 2899
f 5497 5510 2906
f 2906 5510 4692
f 8110 8067 8115
f 8117 8089 6778
f 4679 2925 2933
f 6759 6781 6782
f 7488 2926 355
f 6775 2946 6771
f 7490 2928 358
f 358 2928 2891
f 4678 361 430
f 7491 2943 2895
f 8108 8094 8107
f 6769 8081 8116
f 7487 2913 7496
f 7487 7496 4685
f 4679 4696 2925
f 6779 6788 6763
f 2926 2934 4677
f 7488 2935 2926
f 2915 2920 2908
f 364 518 365
f 2916 2915 2909
f 2928 2937 2891
f 2892 2953 359
f 2897 2947 2892
f 2892 2947 2953
f 2905 2947 2897
f 370 2960 2922
f 4678 430 2955
f 2848 2850 2849
f 2848 6659 2850
f 6659 5360 2850
f 8094 8122 8106
f 2925 2913 2933
f 6779 4695 6788
f 4679 2950 4696
f 6763 6788 6759
f 6782 2971 6789
f 2904 2964 2916
f 2891 2937 2904
f 6783 6791 346
f 430 361 2955
f 4699 2967 2955
f 4696 2950 2925
f 4693 4704 4702
f 2913 4694 7496
f 2935 2945 2926
f 6788 4703 6759
f 6781 4703 6782
f 2934 2951 4682
f 2936 2935 7488
f 365 529 6809
f 2915 7494 2988
f 2915 2988 2920
f 365 6809 380
f 6771 380 6775
f 2916 2964 2915
f 359 2942 2921
f 5513 2956 2949
f 4694 2925 7496
f 406 2950 4679
f 2937 2952 2904
f 2904 2952 2964
f 2967 4699 5564
f 2961 2962 384
f 384 2962 409
f 4678 2955 2968
f 8114 8123 8128
f 8135 8110 8147
f 8142 8110 8135
f 8132 8111 8117
f 2926 2987 2951
f 7497 2972 2936
f 6792 2959 368
f 2947 2930 2953
f 2905 2960 2930
f 5519 2938 8163
f 6808 2963 4695
f 2951 558 4682
f 2945 7498 2926
f 2920 2988 7497
f 6809 6826 380
f 2915 2964 7494
f 2928 2921 2937
f 2942 2953 2921
f 2953 2930 2989
f 2961 2966 2962
f 4700 4689 4711
f 4701 2970 6808
f 6851 2971 4703
f 6808 2970 2963
f 2950 7499 2925
f 6788 595 4703
f 7498 2987 2926
f 2935 2936 2945
f 380 6826 530
f 2966 574 2962
f 5589 5570 5571
f 5541 623 594
f 8128 8158 8171
f 8128 8180 8172
f 5559 5521 4714
f 4702 4704 572
f 6789 2976 6815
f 2925 557 7496
f 6815 6840 6798
f 2936 7501 2945
f 529 518 6826
f 2952 2937 2964
f 2953 2993 2921
f 2958 2982 454
f 2960 2983 2930
f 531 3008 2961
f 2961 573 2966
f 7483 2984 4684
f 2967 5564 2985
f 5571 2969 5583
f 8164 8142 8147
f 7500 4704 4693
f 7499 4718 557
f 558 2950 406
f 2921 2993 3006
f 2961 3008 2999
f 8180 8128 8171
f 8149 8146 8159
f 4712 2970 4701
f 6789 4713 2976
f 557 2975 7496
f 4718 7499 2950
f 558 4718 2950
f 2992 6789 2971
f 2981 7494 2964
f 2937 676 2964
f 2977 625 2982
f 2953 2989 2993
f 6800 559 6831
f 574 3010 2990
f 5583 5584 648
f 5584 5585 669
f 8157 8141 8163
f 8171 8158 8170
f 8165 8116 8151
f 2970 6861 2963
f 6851 2992 2971
f 7500 2991 624
f 4712 6825 2970
f 2992 4713 6789
f 2921 7506 2937
f 8137 4684 3015
f 8163 730 810
f 649 3002 2974
f 8195 8159 8181
f 5577 4714 5592
f 8130 8152 8166
f 5663 6814 6813
f 557 4718 2975
f 2987 4716 558
f 6815 6863 6840
f 2983 3019 2930
f 2930 3019 2989
f 596 2990 2983
f 2999 3009 2961
f 2984 626 3000
f 4684 2984 3015
f 2984 3000 3015
f 8171 8170 3022
f 8182 8160 8164
f 4715 4721 3017
f 2991 7507 572
f 2975 770 7500
f 2849 2854 2851
f 2849 2850 2854
f 2921 3006 3007
f 2921 3007 7506
f 2990 3019 2983
f 2961 3009 573
f 810 5610 767
f 3002 3003 3016
f 5591 838 3014
f 8182 8164 8208
f 4709 5622 4705
f 6852 6897 6799
f 5626 626 3044
f 2985 3020 792
f 8157 5599 8189
f 8217 8176 8189
f 3022 8177 8190
f 8180 8206 8172
f 4715 3017 4714
f 771 5622 769
f 7553 3025 2990
f 2990 3010 7553
f 5618 3045 847
f 6661 7459 6662
f 3022 8190 3033
f 8225 8181 8194
f 8166 8165 8182
f 8196 8130 8166
f 4714 3017 3034
f 5630 4709 8210
f 2993 3050 3006
f 2989 3024 2993
f 2990 3025 3019
f 574 3031 3010
f 573 7509 574
f 626 3020 3032
f 4732 4723 6877
f 4719 5635 4735
f 4738 4729 748
f 3016 5637 5600
f 8191 8172 8206
f 8196 8166 6892
f 3006 3029 3007
f 6875 3030 6831
f 6831 3030 2978
f 7509 3031 574
f 8203 8214 8222
f 8199 6876 8203
f 3015 3044 8193
f 847 3045 5649
f 654 3038 827
f 3003 929 973
f 8226 8195 8225
f 3028 913 786
f 6852 3037 6897
f 8199 8203 8223
f 2851 4636 5356
f 2851 2852 4636
f 5650 3020 8215
f 4732 6877 6898
f 3020 5650 3032
f 8216 8179 4748
f 4719 4735 4722
f 5356 4636 6657
f 5592 3034 5603
f 731 5612 4740
f 6892 8166 8209
f 8173 8196 6919
f 3023 789 914
f 3019 7531 2989
f 3031 3099 3010
f 5625 5643 890
f 5649 3045 8251
f 5650 8233 3032
f 4748 8204 8224
f 905 5600 951
f 5600 3047 951
f 838 4740 837
f 4725 5628 930
f 7528 7527 912
f 3024 3050 2993
f 2995 3097 6852
f 2989 7531 3024
f 3009 3098 7509
f 8223 8203 8222
f 963 6898 8216
f 2858 6662 7461
f 928 950 5660
f 5645 3048 5661
f 8227 7505 8226
f 4755 6893 953
f 7514 7530 877
f 7523 3056 7511
f 7517 3057 7523
f 6830 3049 2995
f 2995 3049 3097
f 7509 3076 3031
f 3076 3059 3031
f 8222 8214 8241
f 3045 3044 3065
f 3044 1090 3088
f 8224 8204 8223
f 3045 3065 8251
f 3032 8233 1090
f 5668 3066 747
f 8257 8207 8238
f 8219 8208 8227
f 4744 5603 4757
f 8265 8173 6919
f 860 7545 859
f 877 7530 860
f 935 7530 7514
f 883 7527 938
f 789 1063 7535
f 789 7535 940
f 6865 6874 3049
f 825 6909 3051
f 3025 3062 3019
f 6897 3063 6875
f 744 3064 3008
f 3031 3059 3099
f 8224 8223 6940
f 1090 8233 5689
f 4770 8216 4748
f 8252 4723 4732
f 6971 6945 4738
f 3077 6938 4743
f 4630 4634 2846
f 5660 950 6930
f 3089 5660 6930
f 8226 8225 3080
f 8219 8227 6967
f 4740 5680 5691
f 8264 8209 4754
f 5612 4744 4740
f 937 975 3040
f 7528 976 7527
f 7528 3041 976
f 6908 3071 6920
f 3051 3072 6874
f 3008 3064 3009
f 5679 5644 3123
f 4748 8224 1021
f 747 3066 3123
f 4749 4756 4761
f 917 4762 7512
f 7534 7537 3054
f 4764 6892 8264
f 974 3081 3079
f 6967 8227 8226
f 8209 8239 4754
f 4740 4744 5680
f 4744 4757 3082
f 3040 3084 7570
f 3056 3094 935
f 7524 3094 3056
f 975 3084 3040
f 976 938 7527
f 995 6965 6908
f 887 3058 3042
f 914 3058 887
f 7531 3146 3024
f 3019 3105 7531
f 3036 3107 791
f 3009 3064 3098
f 1090 5689 6936
f 4770 4748 1022
f 747 3123 5644
f 8252 4732 963
f 6659 2857 5360
f 5360 2857 2854
f 8218 1035 8238
f 974 5691 3081
f 4754 8239 4763
f 5737 6919 7544
f 6926 6964 6933
f 7530 7545 860
f 3041 7540 976
f 914 940 3058
f 1017 6928 6908
f 3050 3095 3096
f 3024 3146 3050
f 6909 1113 3051
f 6852 3097 3037
f 3019 3062 3105
f 791 3120 3018
f 3018 3120 1063
f 7509 3098 3076
f 8250 8223 6957
f 8260 8224 6940
f 3066 5668 3123
f 7532 7541 3038
f 864 5715 4762
f 5702 8263 864
f 1033 1009 7536
f 7537 3100 3054
f 5360 2854 2850
f 3089 6930 3101
f 3048 1083 3091
f 8238 8256 7549
f 952 3091 3128
f 3080 8225 8257
f 4763 8219 6967
f 3092 4755 8240
f 932 7551 956
f 873 7566 932
f 3039 873 7526
f 976 7546 938
f 3041 7552 7540
f 3037 3106 6897
f 6897 3135 3063
f 8247 5688 8308
f 5700 3122 3150
f 4765 8251 3065
f 5679 4788 979
f 7512 4762 7532
f 6966 1094 4750
f 1033 3157 1009
f 969 6979 991
f 3100 3170 3054
f 7539 5703 3158
f 3061 3089 3125
f 5680 3114 5691
f 8266 3092 8240
f 8267 8254 8276
f 6932 4781 6963
f 3093 7545 7530
f 1016 4760 6953
f 938 1062 975
f 3057 936 7524
f 975 7550 7570
f 975 7570 3084
f 6968 3117 6954
f 6954 3117 959
f 959 1089 977
f 6965 6973 6928
f 960 1038 6965
f 940 3144 3058
f 940 1063 3144
f 1113 3118 3051
f 3051 3118 3074
f 7531 3105 3146
f 996 1113 6909
f 4767 1091 5668
f 6970 6996 6971
f 7529 3054 3111
f 969 3124 6979
f 3102 3061 3125
f 3210 3112 3125
f 3112 3127 3125
f 3112 3102 3127
f 1011 3103 3126
f 5691 3129 3172
f 8257 7543 3080
f 4754 4763 8293
f 5691 3114 3129
f 4744 3082 3130
f 7545 3131 3039
f 936 7570 7524
f 7524 3132 1061
f 3058 3134 7552
f 3099 7553 3010
f 997 3136 3107
f 6917 3263 6886
f 744 3220 3064
f 8304 5688 8285
f 5700 3150 5709
f 7593 6957 8280
f 8252 963 8295
f 7541 7573 4756
f 6961 6972 990
f 3170 3141 3054
f 3089 8292 3125
f 7549 3112 3210
f 3078 3161 3126
f 3128 3161 3078
f 8257 8307 7543
f 7577 3080 7556
f 8264 8293 3200
f 4764 8264 3200
f 8314 3116 8312
f 8267 8275 8314
f 3039 7566 873
f 4781 3142 6963
f 7566 7551 932
f 6933 6964 4782
f 3093 7559 7545
f 3094 3132 935
f 7570 3132 7524
f 7540 7561 976
f 6950 1087 6968
f 7552 7561 7540
f 6965 3143 6973
f 3058 3144 3134
f 3120 3147 1063
f 3073 6975 3085
f 6897 3106 3135
f 6886 3263 744
f 3059 3195 3099
f 8303 5722 8302
f 962 5710 5700
f 3088 1212 3065
f 6936 6969 5756
f 1090 6936 5756
f 979 4788 5710
f 3123 4800 4788
f 8295 963 8310
f 7541 4796 7573
f 6971 4795 3077
f 4772 1135 1117
f 1055 1009 3140
f 1033 3111 3157
f 3141 3111 3054
f 3080 7543 7556
f 3258 6967 7577
f 3200 8293 7558
f 4764 3200 4807
f 8311 7544 4764
f 7551 7564 4769
f 6963 3142 6964
f 3131 7578 3039
f 4782 4803 4776
f 935 7559 3093
f 4760 4798 1087
f 975 7567 7560
f 977 4793 1037
f 6928 6973 3164
f 3118 3145 3074
f 3147 3144 1063
f 3097 3176 3037
f 6935 3154 997
f 3195 7620 7553
f 3025 7553 3062
f 1019 1114 996
f 3263 3220 744
f 3189 3187 3107
f 4823 8286 8303
f 3122 5710 3150
f 4787 5755 4786
f 7593 8280 1170
f 5755 3065 5794
f 2851 2854 2852
f 7555 3240 7554
f 1055 3140 7555
f 5737 7544 8311
f 5764 5737 3162
f 8294 8267 4815
f 3142 4810 6964
f 4775 4803 4782
f 7545 7578 3131
f 7559 7578 7545
f 1149 7559 935
f 6978 6988 4760
f 4760 6988 3234
f 976 7561 1062
f 1037 4793 3175
f 3074 3248 1018
f 3062 7572 3105
f 6935 3165 3217
f 7620 3166 7553
f 3107 3187 3120
f 3120 3187 3147
f 1114 7636 996
f 3099 3195 7553
f 3155 5730 3205
f 3149 3156 1168
f 8303 8302 8329
f 3108 5742 3179
f 8329 8302 8300
f 5742 3138 1169
f 8304 8285 8320
f 5743 4786 1169
f 8280 8269 4799
f 3088 5756 1212
f 4756 1130 1150
f 1056 3272 6972
f 3157 3193 1009
f 3124 3151 3152
f 3141 3170 3111
f 1127 5703 3181
f 8316 7549 7576
f 7549 3210 7576
f 1083 5762 3171
f 8293 6967 3258
f 5691 5762 3081
f 5691 5773 5762
f 7558 8293 7569
f 3082 4758 5780
f 8312 8317 8318
f 4836 8284 8294
f 7578 7566 3039
f 4776 3163 1060
f 1087 3174 6968
f 1037 3175 1038
f 3105 3215 3146
f 3144 7571 7618
f 6935 3177 3154
f 3063 3178 6917
f 3098 3188 3076
f 8342 8303 8329
f 6993 6982 4823
f 4832 8295 8310
f 8287 8295 4832
f 4756 7573 1130
f 1126 1166 1082
f 3140 3240 7555
f 3170 3157 3111
f 3100 7575 3170
f 2852 2854 4636
f 8306 8292 5807
f 3125 8306 5807
f 3128 1219 3161
f 3128 1111 1219
f 5691 3172 5773
f 3129 3114 3130
f 3162 5737 1199
f 8314 8313 8327
f 4802 4809 4781
f 4776 4803 3163
f 7551 7565 7564
f 7566 7594 7551
f 7578 7594 7566
f 7560 7595 7570
f 4783 3174 6989
f 1062 7584 7567
f 6989 3183 4793
f 3164 3203 6974
f 3147 7571 3144
f 1113 3186 3118
f 7553 3166 3062
f 6935 3217 3177
f 6917 3178 3263
f 8346 8300 8360
f 8280 4799 7582
f 3150 4805 5709
f 5710 4788 1211
f 4767 4820 5758
f 4767 4834 4820
f 1212 6969 8331
f 4819 8260 8332
f 6996 4813 4795
f 1152 5779 4796
f 1144 3192 3199
f 3193 3140 1009
f 7558 7569 8338
f 7556 8307 3275
f 8293 3258 7569
f 4807 3200 7558
f 1199 5737 8311
f 8327 8313 8359
f 3173 5790 4871
f 4837 3173 4780
f 7551 7597 7565
f 7580 7579 3132
f 7595 7583 7570
f 7581 7592 7560
f 7561 7584 1062
f 3184 3133 7552
f 3175 3214 1038
f 6973 3203 3164
f 3176 3216 3037
f 7572 3185 3105
f 3187 7598 3147
f 4831 8308 8330
f 5755 5794 3238
f 3065 1212 5794
f 4788 4794 1211
f 4800 5757 1229
f 8315 8287 4811
f 1146 3167 3192
f 1108 1188 1165
f 3209 3271 1166
f 3240 1188 1108
f 1082 1166 3168
f 8316 7576 8337
f 3194 8307 7589
f 3161 1219 5788
f 8307 3194 3275
f 5762 3172 3294
f 5762 5773 3172
f 4807 7558 8338
f 3173 4871 5739
f 8294 4815 8327
f 8328 7597 7551
f 7564 4837 1148
f 4781 3201 3142
f 7565 8366 7564
f 4810 3259 6964
f 1149 7591 7559
f 3163 4846 1060
f 1060 3202 6988
f 3132 7591 1149
f 6988 4828 3234
f 7601 7580 7570
f 4798 4804 1087
f 7592 7595 7560
f 3133 7584 7561
f 1038 3214 3143
f 7618 7604 3144
f 3037 3204 3106
f 3106 3204 4830
f 3076 3188 3059
f 3205 5792 3223
f 3137 5741 5793
f 8320 8301 8345
f 5740 5782 5792
f 8304 8320 8347
f 8330 8304 8347
f 1169 5837 4822
f 7582 4799 4902
f 8332 8260 7593
f 1212 8331 3207
f 4800 3225 3267
f 1185 3208 7606
f 7006 3317 6994
f 3193 3241 3140
f 6657 4636 5361
f 4849 3157 3170
f 4857 3230 3151
f 3210 5807 8344
f 8307 8316 7589
f 8307 7549 8316
f 1111 3171 3293
f 3130 3211 4797
f 8311 4808 4845
f 5812 1199 3212
f 5774 5739 3246
f 5790 4859 4871
f 4802 4774 5800
f 4781 4809 3201
f 3201 4827 3142
f 1060 4846 3202
f 7579 7591 3132
f 7567 7584 7581
f 3174 3213 6989
f 3133 3184 7603
f 3095 3215 3165
f 3248 3216 1018
f 1018 3216 3176
f 6975 3218 7002
f 3147 7598 7571
f 3220 3221 3064
f 3064 3221 3222
f 3154 3189 997
f 8319 5775 5808
f 3137 3224 5775
f 8347 8320 3251
f 8342 8329 8346
f 7593 7582 7028
f 7606 1209 1223
f 7009 3290 1142
f 3290 3317 1142
f 6994 3227 7000
f 1164 7012 3209
f 1166 3228 3168
f 3140 3229 3240
f 3210 8344 8358
f 8316 8337 7589
f 7577 7556 7609
f 5762 3294 3171
f 3212 8311 4845
f 6992 4836 3232
f 6992 4967 4774
f 7590 4837 7564
f 8366 7590 7564
f 7597 8366 7565
f 6988 4829 4828
f 4804 3235 1087
f 3202 4846 6988
f 6989 3458 3183
f 1087 3235 4816
f 7592 7581 7595
f 4816 4847 3174
f 3134 7614 3184
f 3203 3247 6974
f 3095 3146 3215
f 3062 3166 7572
f 3178 3219 3263
f 996 7636 1113
f 3263 3306 3220
f 3064 3222 3098
f 5752 3205 5791
f 3205 5814 3206
f 8319 1228 8367
f 4838 6993 4823
f 4817 5783 3383
f 8269 4831 4902
f 5757 1201 3253
f 8353 4811 4832
f 7640 4812 1213
f 7573 4835 1130
f 7014 1274 4813
f 3226 3180 5818
f 7596 1209 3239
f 3317 7010 6994
f 3271 3336 1166
f 3140 3241 3229
f 8338 7569 7611
f 3172 4797 3243
f 3212 4845 5812
f 8340 8294 8327
f 7594 7600 7597
f 7559 7622 7578
f 4846 3303 6988
f 7584 7602 7581
f 6989 4852 3458
f 3183 4853 4793
f 3145 3248 3074
f 3118 7619 3145
f 3165 3236 3217
f 3118 3186 7619
f 3188 3195 3059
f 3187 3189 3287
f 3205 3223 5814
f 3196 4817 5793
f 7686 4823 8342
f 5709 4805 5783
f 3238 5794 3207
f 3207 4839 1254
f 7625 4825 8352
f 4842 4832 4825
f 1229 3253 3225
f 2845 6660 9006
f 2845 2855 6660
f 1207 7605 1251
f 3316 7605 1207
f 3192 3256 3199
f 7599 3255 1218
f 1224 3290 7009
f 3199 3256 7599
f 3317 7023 7010
f 7012 7000 3209
f 3240 3257 1188
f 4634 4638 4640
f 3157 3281 3193
f 3275 7608 3354
f 7556 3275 7609
f 3293 3171 3301
f 3258 7609 7610
f 4808 4807 3396
f 3130 1264 3211
f 8365 8326 3397
f 8326 3244 3397
f 3244 8326 8364
f 8327 8359 7027
f 8340 8327 7027
f 3246 4871 3341
f 7590 7612 4837
f 4827 4860 3142
f 3142 4860 4810
f 6964 3259 4775
f 7578 7600 7594
f 3233 3260 4803
f 4803 3260 3163
f 4804 3234 3235
f 7581 7617 7595
f 7603 3262 3133
f 4793 4853 3214
f 3214 3325 3143
f 3105 3284 3215
f 6973 3143 3203
f 3185 3284 3105
f 3154 3177 3189
f 3287 7598 3187
f 5793 3331 3137
f 5793 4817 3382
f 4902 4831 7624
f 5783 4805 4854
f 4805 3252 4854
f 4840 4824 3310
f 4639 2847 2857
f 7586 7593 7028
f 1211 3266 4861
f 4844 1274 7014
f 5818 4795 3268
f 3254 3269 1237
f 1224 1273 3290
f 3192 3270 3256
f 3167 3270 3192
f 7000 7032 3209
f 3240 7627 3257
f 3336 1295 1166
f 1166 1295 3228
f 9006 4635 6664
f 8344 1252 7011
f 7589 8337 7662
f 7611 7569 4850
f 1264 3302 3211
f 1264 3130 3302
f 4774 4851 5820
f 3163 3260 4846
f 7591 7622 7559
f 7580 7591 7579
f 7595 7616 7601
f 3458 7034 3183
f 3184 7614 7603
f 7604 7635 3144
f 3144 7635 7614
f 3216 3248 3285
f 3085 3277 1114
f 3249 3250 3288
f 5815 3224 3345
f 3137 3331 5821
f 5793 3265 3331
f 4840 3310 5846
f 7686 8342 8368
f 4817 3383 3382
f 4840 5846 5837
f 1254 4839 3332
f 4824 3238 3310
f 1254 3332 3207
f 8332 4818 7035
f 8352 8321 8369
f 4844 4887 1274
f 7640 4856 4812
f 1274 4888 4813
f 3268 1299 3279
f 7023 7038 7010
f 3229 7627 3240
f 3193 3291 3241
f 3272 4890 4857
f 8344 7011 1287
f 5827 3181 3274
f 5788 1111 3293
f 7609 3275 3354
f 3396 4807 7611
f 7610 7609 4918
f 7569 7610 4850
f 3172 4858 3294
f 3243 4858 3172
f 8341 8340 8379
f 8385 7621 4837
f 7612 8385 4837
f 8366 7612 7590
f 7597 7613 8366
f 4775 3259 5813
f 6988 4920 4829
f 3260 4873 4846
f 7591 7580 7633
f 4829 3282 3234
f 7602 7617 7581
f 3213 4847 4852
f 3133 3262 3261
f 3183 7034 4853
f 3214 4853 3325
f 3143 3283 3203
f 3185 7572 3461
f 7571 7629 7618
f 3204 3426 4830
f 3166 3328 7572
f 3098 3222 3188
f 3264 3249 3381
f 5815 3345 5808
f 8330 8347 7623
f 8372 7585 8370
f 4822 5837 5846
f 4939 4839 1288
f 4861 3311 1211
f 3238 3332 3310
f 3238 3207 3332
f 7035 4818 7586
f 4842 4825 4866
f 8353 4832 4842
f 1201 4862 3253
f 1201 4848 4862
f 4835 8377 5851
f 1249 3333 1263
f 3316 7626 7605
f 1242 1250 7022
f 7022 1307 7018
f 7606 3208 3316
f 3256 3270 7599
f 7010 7038 3319
f 3257 7627 1188
f 3281 3291 3193
f 4849 4868 3157
f 3157 4868 3281
f 4640 4639 2857
f 9006 6664 6661
f 5787 3274 3181
f 3436 8337 8400
f 5788 3293 3292
f 4850 7610 4918
f 7611 4850 4864
f 4808 3396 3295
f 4845 4808 3295
f 8359 7615 1298
f 7621 4859 4837
f 5800 5820 5836
f 7622 7600 7578
f 7617 7616 7595
f 4847 4882 4852
f 3143 3325 3283
f 3145 3326 3248
f 4830 3278 3063
f 3063 3278 3178
f 3178 3278 3219
f 7649 3251 8372
f 7624 8330 7623
f 3267 4841 3266
f 3253 3346 3225
f 8353 4842 4866
f 4862 4893 3253
f 4856 4875 1289
f 4888 5858 4813
f 8376 8393 8377
f 5843 4795 1299
f 1250 1307 7022
f 3290 3368 3317
f 3255 3300 3208
f 7599 3270 3255
f 1295 3242 3168
f 7628 4869 4880
f 5827 4869 7628
f 7608 7662 7632
f 4917 3354 7608
f 3171 3339 3301
f 3171 3294 3339
f 3231 3374 3276
f 8384 7027 8359
f 8340 7027 4870
f 5813 4919 4803
f 4809 5836 4872
f 7591 7633 7622
f 4846 3376 3303
f 7602 7634 7617
f 6988 3303 4920
f 7616 7664 7580
f 4852 3304 3458
f 3261 7639 7602
f 3283 3358 3203
f 3203 3358 3247
f 3248 3305 3285
f 3247 3327 6975
f 6975 3327 3218
f 3285 3402 3204
f 3085 7002 3277
f 7636 3297 1113
f 3306 3307 3220
f 3221 3220 3222
f 3217 3343 3177
f 3264 3381 8370
f 5808 3364 8367
f 3224 5821 3345
f 8346 8360 7637
f 8360 3308 1301
f 3250 3223 3309
f 7623 8347 7649
f 1211 3311 3252
f 8352 8369 4885
f 3266 4841 4861
f 4866 4825 8392
f 4959 8315 4855
f 4856 4924 4876
f 3314 1266 8387
f 4867 8377 4912
f 4867 5851 8377
f 7045 4889 1285
f 3280 1251 3254
f 7605 7626 1251
f 1250 1285 4897
f 3316 3315 7626
f 1273 3368 3290
f 1307 3351 7018
f 7630 3208 3300
f 3255 7650 7630
f 3255 7630 3300
f 3270 3318 3255
f 7627 7631 1188
f 3167 1188 3320
f 3242 3497 3272
f 4857 4890 8389
f 3274 1297 3419
f 3293 3322 5861
f 3396 7611 3421
f 3293 3301 3322
f 5835 3276 3374
f 8384 8359 3399
f 3374 3231 3323
f 3341 4871 3323
f 5820 4900 5836
f 4873 3324 4846
f 7597 7647 8386
f 4846 3324 3376
f 3235 3377 4816
f 4852 4882 3304
f 3296 3328 3166
f 3328 7709 7572
f 7598 3329 7629
f 3219 3306 3263
f 3220 3307 3286
f 3220 3601 3222
f 3188 3330 3195
f 3189 3522 7703
f 5808 3345 3364
f 8360 1301 7637
f 5793 3382 3265
f 3223 5854 3309
f 3466 8368 8346
f 4854 4934 1265
f 3252 3311 4854
f 8392 4825 7625
f 3279 1299 5858
f 3269 3335 1249
f 1251 3269 3254
f 1250 4897 1307
f 3208 3315 3316
f 7018 3351 1273
f 3255 3391 7650
f 3368 1312 3317
f 3227 3416 7032
f 3227 7032 7000
f 3291 7638 3229
f 1295 3353 3242
f 3337 3497 3242
f 4890 3338 8389
f 4880 4869 1300
f 8378 7033 1314
f 3274 3419 5827
f 7608 7632 3395
f 7609 3354 7652
f 4918 7609 7652
f 3339 3294 5862
f 3294 4858 3340
f 7611 4864 3371
f 3211 3355 3243
f 3211 3302 3455
f 8340 4870 3375
f 3399 8390 7655
f 7027 8384 3519
f 4870 7027 3519
f 3231 3341 3323
f 8379 8340 7642
f 4851 4967 5820
f 7621 3356 4859
f 4803 4919 3233
f 3259 4892 5813
f 7600 7048 7647
f 7622 7633 7600
f 7580 7644 7633
f 4816 3377 4847
f 3261 3262 7639
f 4853 7034 3325
f 7604 7618 7635
f 7572 7709 3461
f 7636 3298 3297
f 3278 3344 3219
f 3195 3406 7620
f 7620 3406 3166
f 3189 7703 3287
f 3287 7703 7598
f 8391 8370 3362
f 3249 3288 3381
f 7623 7649 7645
f 8372 8370 8391
f 8346 7637 1308
f 4874 7582 7660
f 4885 8369 4819
f 7625 8352 4885
f 4841 3346 4861
f 4886 4887 4833
f 3314 8387 8402
f 7640 4949 4877
f 3314 3412 8381
f 4889 4905 1285
f 1249 7668 3333
f 1285 3350 4897
f 7650 7641 3208
f 3319 3392 7010
f 3320 7651 3270
f 7010 4914 3227
f 3227 4914 3416
f 3229 7638 7627
f 7032 3352 1295
f 3353 3337 3242
f 3281 3369 3291
f 3272 3497 4890
f 4880 1300 7677
f 3301 3339 4899
f 3294 3340 5862
f 3211 3455 3355
f 8340 3375 7646
f 3323 4871 4865
f 7600 7648 7695
f 7600 7695 7048
f 8386 8385 8366
f 7617 7658 7616
f 7644 7643 7633
f 3282 3357 3234
f 4847 4921 4882
f 3326 3359 3248
f 3342 3359 3145
f 3145 3359 3326
f 7629 3329 7618
f 3186 3360 7619
f 7598 7703 3329
f 3219 3344 3306
f 3330 3406 3195
f 8370 3381 3362
f 3288 3309 3363
f 3345 5821 3331
f 8395 8348 4838
f 3332 4939 3310
f 7035 4884 8404
f 4861 3346 4958
f 4886 4948 4887
f 5841 1305 5840
f 4887 4926 1274
f 4949 4904 4877
f 8393 8381 3412
f 8393 3412 3349
f 8377 3348 4912
f 3279 5858 3366
f 7047 7054 7045
f 1263 3367 1309
f 4896 4927 7045
f 3333 7668 1263
f 7045 4935 3334
f 3335 7668 1249
f 1307 4897 3351
f 3208 7641 3315
f 3255 3318 3391
f 3317 7038 7023
f 7038 3392 3319
f 7631 3320 1188
f 4890 7057 3338
f 1225 7677 4984
f 1314 7033 4891
f 8400 8378 7661
f 4917 7608 3395
f 7652 3354 4917
f 3301 4899 3370
f 7611 3371 7653
f 4858 3437 3340
f 3373 3396 7654
f 3372 3373 3398
f 3372 3295 3373
f 8390 8365 3397
f 8390 7673 7655
f 7642 8340 7646
f 7621 4937 3356
f 5836 5860 4872
f 8386 7656 8385
f 7647 7657 8386
f 7633 7648 7600
f 4873 3376 3324
f 7664 7644 7580
f 7658 7674 7616
f 7602 3476 7634
f 7614 7665 7603
f 3186 3380 3360
f 3215 3379 3236
f 7619 3360 3342
f 7619 3342 3145
f 3185 3461 3284
f 3236 3379 3361
f 3204 3402 3426
f 3236 3403 3343
f 3222 3405 3188
f 3288 3444 3381
f 3364 3407 8367
f 3331 3382 3464
f 3383 1265 3467
f 3310 3408 5846
f 4854 3385 4934
f 4819 8332 7035
f 7625 4885 3409
f 4861 4958 3410
f 5840 1305 5852
f 3314 8402 3411
f 8399 3314 3411
f 4949 4924 4904
f 5825 3366 5859
f 4895 1310 5853
f 5858 4888 3366
f 7050 3390 7052
f 1284 4913 1302
f 1309 4913 1284
f 7054 4896 7045
f 1263 7681 3367
f 7668 7681 1263
f 7045 4927 4935
f 4905 3350 1285
f 3351 3512 1273
f 3270 7651 3414
f 3270 3414 3318
f 7627 3320 7631
f 7032 3452 3352
f 3352 3353 1295
f 3291 3418 7638
f 3337 3353 3497
f 4906 4943 4898
f 3291 3369 3418
f 3497 3393 4890
f 8378 1314 7661
f 7632 7662 7692
f 3321 3292 3394
f 4918 7652 7672
f 4899 3339 5862
f 4864 4850 7717
f 7653 3371 4864
f 7646 3375 4870
f 8384 3399 3519
f 3374 3422 3439
f 3374 3323 3422
f 3323 4865 3615
f 7621 4931 4937
f 4900 5820 5860
f 4919 3400 3233
f 7657 7656 8386
f 7695 7663 7647
f 7616 7726 7664
f 4829 4881 3282
f 7674 7726 7616
f 3234 3357 3235
f 7634 7658 7617
f 7639 3476 7602
f 3284 3401 3215
f 7635 7659 7614
f 7618 7659 7635
f 3247 7060 3327
f 3248 3460 3305
f 3305 3402 3285
f 3278 3404 3344
f 3345 3331 3364
f 7649 8372 4970
f 3309 3465 3363
f 3309 5854 3465
f 5854 4932 3465
f 3382 4933 3365
f 3382 3383 4933
f 8394 7624 7666
f 3385 3311 3428
f 5846 3408 3384
f 3253 4958 3346
f 3253 3386 4958
f 4862 4922 4893
f 4862 4875 4922
f 4948 4903 4887
f 5856 5852 3387
f 5852 1305 3387
f 3366 4888 3483
f 7676 8407 1310
f 3350 3413 4897
f 4897 3413 3351
f 3368 3450 1312
f 7038 3415 3392
f 3392 4914 7010
f 3416 3417 7032
f 7032 3417 5865
f 1225 4984 3281
f 3281 3418 3369
f 4928 4915 3338
f 3395 7632 7692
f 4850 4918 7672
f 7653 4864 3516
f 3340 3420 5862
f 3397 3372 4936
f 3372 3398 4936
f 8390 3397 7673
f 5835 3374 3302
f 3519 3399 7694
f 4872 5863 4860
f 7646 4870 5037
f 5860 5863 4872
f 7656 7678 8385
f 3233 3400 3260
f 4873 4945 3376
f 4920 3488 4881
f 3377 4946 4847
f 4847 4946 4921
f 4882 3423 3304
f 3304 3555 3458
f 3358 3424 3247
f 7659 7665 7614
f 3283 3424 3358
f 7618 3539 7659
f 3329 3539 7618
f 3284 7056 3401
f 1113 7679 3186
f 3501 3296 3166
f 7703 7685 3329
f 7002 3425 3277
f 8391 3362 7710
f 3444 3288 3638
f 3288 3363 3445
f 8367 3407 3502
f 8372 8391 4970
f 1265 4934 3467
f 3465 4932 4938
f 4909 5846 4978
f 5846 3384 4978
f 8401 4874 7660
f 3504 3311 4956
f 4861 4947 3311
f 4861 3410 4947
f 5856 3429 5855
f 5856 3387 3429
f 8387 3430 8402
f 8398 8396 7667
f 3411 8402 3482
f 4926 4993 1274
f 8399 3411 3412
f 7697 3433 1310
f 3366 3483 3470
f 7714 3269 1251
f 3315 7714 7626
f 3351 3413 3512
f 3512 3299 1273
f 7650 7670 7641
f 3368 3299 3450
f 3317 1312 7038
f 3320 7671 7651
f 3352 3452 3353
f 4983 3496 3281
f 3281 3435 4983
f 3281 4984 1313
f 1314 7682 7661
f 8400 7661 3454
f 3436 8400 3454
f 4917 3395 7701
f 3370 4976 3322
f 3370 3533 4976
f 3370 4899 3533
f 4850 7672 7717
f 4864 7717 3516
f 3398 3373 7683
f 7694 3399 7655
f 3302 3374 3439
f 4908 4977 4860
f 8385 4931 7621
f 7663 7657 7647
f 3260 3440 4873
f 4873 3440 4945
f 7633 7684 7648
f 3282 3441 3357
f 7643 7684 7633
f 3357 3441 3235
f 7634 7674 7658
f 4946 4882 4921
f 3262 3476 7639
f 7603 7675 3262
f 7034 3424 3325
f 3325 3424 3283
f 3460 3378 3305
f 7056 3284 3520
f 7056 3520 3215
f 3361 3442 3236
f 3236 3442 3403
f 3298 3463 3297
f 3297 7779 1113
f 3405 3330 3188
f 3406 3478 3166
f 3343 3403 3443
f 3343 3443 3177
f 4883 3522 3189
f 3288 3445 3638
f 8367 3502 3541
f 4970 8391 7710
f 3382 3427 3464
f 3382 3491 3427
f 3382 3365 3491
f 3365 4933 3491
f 3410 4958 4957
f 3409 4885 7688
f 3412 3411 3484
f 3412 3484 3349
f 4912 3527 3447
f 4912 3432 3527
f 4912 3349 3432
f 8407 7697 1310
f 1309 7698 4913
f 7054 7055 4896
f 4905 3486 3350
f 4935 4927 4889
f 4935 4889 3334
f 4889 3486 4905
f 7714 7691 3269
f 3350 3448 3413
f 7626 7714 1251
f 7669 7714 3315
f 7641 7670 3315
f 7038 1312 3415
f 3415 4961 3392
f 4914 4942 3416
f 7627 3451 3320
f 3434 3451 7627
f 5865 4987 7032
f 7032 4987 3452
f 3353 3453 3497
f 1314 4898 7682
f 4869 4929 7677
f 3419 3321 3498
f 7662 3436 7692
f 7652 4917 7701
f 5862 3420 4950
f 3340 3437 4965
f 4930 3302 5864
f 3302 4988 5864
f 3302 3439 4988
f 4931 4951 4937
f 5863 4908 4860
f 4860 4977 4892
f 4892 3400 5813
f 5813 3400 4919
f 3400 3440 3260
f 3376 3457 3303
f 3303 3457 4920
f 4881 4989 3282
f 3342 3460 3359
f 7034 3458 3459
f 7034 3459 3424
f 3284 3461 3520
f 3218 3327 7002
f 7002 3462 3425
f 1113 7779 7679
f 3220 3286 3601
f 3362 3381 3562
f 3364 3331 3407
f 3464 3427 3490
f 7645 7649 4970
f 7624 7645 7743
f 7660 7582 7687
f 4822 4978 4932
f 8401 7660 7687
f 3385 3428 4934
f 8405 7035 8404
f 3506 8396 3429
f 3387 3469 3429
f 8403 8398 7667
f 3366 3470 3546
f 4912 3485 4949
f 3389 3366 3546
f 3470 3483 3471
f 4941 5868 7050
f 7050 5868 3390
f 7680 7676 4913
f 3390 5868 7055
f 3367 7698 1309
f 7055 3472 4896
f 3486 3474 3350
f 3350 3474 3448
f 4961 4914 3392
f 7638 3434 7627
f 3281 3496 3418
f 3549 3436 3454
f 3394 3499 3321
f 5861 3322 4976
f 5862 4950 3534
f 3420 3340 4950
f 7654 3421 7653
f 3422 3323 3456
f 8385 7678 4931
f 5860 4952 5863
f 4945 5005 3376
f 3441 3584 3235
f 4946 4995 4882
f 3304 3423 3555
f 4882 4995 3423
f 3262 3489 3476
f 3424 4996 3247
f 3186 7679 3380
f 3166 3478 3501
f 3328 3296 7709
f 7002 3327 3462
f 4830 3426 3278
f 3425 3479 3298
f 3406 3330 3478
f 7710 3362 3523
f 3381 3444 3562
f 3308 8367 3480
f 3363 3465 5006
f 7624 7743 7666
f 5085 4901 4953
f 4933 4971 3491
f 4933 3383 4971
f 8394 7666 4992
f 3408 3310 3503
f 8405 8404 4955
f 3311 4947 4956
f 7689 8392 3409
f 4947 4957 4956
f 4866 7689 7696
f 8403 7667 7690
f 1305 3431 3387
f 4993 3483 1274
f 3470 3471 3546
f 7053 4975 4941
f 4913 8411 7680
f 7691 8409 3269
f 7668 7746 7681
f 4927 3473 4889
f 3391 7699 7650
f 3451 7671 3320
f 3415 1312 4961
f 7638 3418 3434
f 3452 4987 3353
f 3496 3495 3418
f 3395 7692 7701
f 3394 5861 3499
f 4899 5862 4964
f 5861 4976 4963
f 7672 7716 7693
f 7672 7652 7716
f 4950 3340 3534
f 7683 7654 3398
f 3517 4965 3438
f 3438 5864 3487
f 3397 3518 3475
f 3323 3615 3456
f 7656 7719 7678
f 3519 7694 7706
f 4870 3519 5037
f 7642 7646 7702
f 7648 7731 7695
f 3376 4969 3457
f 3457 3488 4920
f 7675 3489 3262
f 7665 7708 7603
f 3342 7059 3460
f 3247 4996 7060
f 3360 7059 3342
f 3305 3378 3402
f 3306 3477 3307
f 3222 3601 3405
f 7703 3560 7685
f 3443 4883 3177
f 4970 7710 3734
f 3427 3491 3490
f 4939 8395 7735
f 3310 4939 7735
f 8404 4910 8401
f 8405 4955 5032
f 4956 4957 4972
f 4940 4973 4924
f 7058 3507 3429
f 3429 3481 7058
f 5848 3388 3446
f 3349 3484 3527
f 3388 3433 4974
f 4912 3447 3485
f 7697 4960 3433
f 4941 4975 5868
f 7698 8411 4913
f 3335 7746 7668
f 4889 3473 3486
f 3448 3474 3413
f 3413 3528 3512
f 3318 3414 7699
f 3318 7699 3391
f 7651 3513 3414
f 7671 3579 7651
f 4942 3531 3416
f 3418 3495 3532
f 3338 4999 7704
f 4929 3515 4984
f 7700 3419 5001
f 7701 7692 7715
f 3499 5861 3612
f 5862 4985 4964
f 3398 7654 3580
f 8406 7673 3475
f 7655 8406 7739
f 3232 4994 4967
f 4892 4977 3400
f 5820 4967 5860
f 5004 4931 7678
f 4908 5020 4977
f 7684 7731 7648
f 3235 3584 3377
f 7664 7707 7644
f 3489 7675 3476
f 7708 7675 7603
f 3459 3585 3424
f 3539 7722 7659
f 3329 3500 3539
f 3403 4986 3443
f 3541 3502 3590
f 3363 5006 3620
f 3407 3331 3502
f 3331 3464 3502
f 7687 7582 8410
f 4992 7666 4991
f 3383 5007 4971
f 3383 3467 5007
f 3310 7735 3503
f 4934 3428 3524
f 5032 4955 8404
f 3386 3622 4958
f 3386 4922 3622
f 4940 4980 4973
f 3429 3507 3506
f 3492 1316 8402
f 3468 8387 3508
f 8403 7690 3526
f 3527 3484 7756
f 3567 3447 3545
f 3471 3483 3546
f 3367 7712 7698
f 4896 3473 4927
f 3528 5019 3512
f 7670 7669 3315
f 3299 3512 3449
f 3434 3514 3451
f 5001 3419 3498
f 7715 7692 3549
f 3498 3321 3499
f 5861 4963 3612
f 7716 7652 7701
f 5862 3534 4985
f 7705 7717 7672
f 4964 3571 4899
f 5013 3516 7717
f 7653 3516 5002
f 7654 7653 7724
f 5037 3519 7718
f 7657 7748 7656
f 4967 3536 5860
f 5863 4968 4908
f 4908 4968 5020
f 7663 7720 7657
f 7726 7707 7664
f 3282 4989 3441
f 7675 7721 3476
f 7665 7659 7708
f 7059 3360 3460
f 3520 3538 3215
f 3378 3537 3402
f 3479 3463 3298
f 3638 3562 3444
f 3445 3363 3638
f 8367 3541 3480
f 7711 4970 3734
f 7689 3409 7723
f 4934 3524 4979
f 7688 5032 7727
f 3311 3564 3428
f 3311 3504 3564
f 4948 5046 4903
f 3510 3411 3565
f 3387 3431 3525
f 3484 3593 7756
f 7728 4940 4949
f 3447 3527 3545
f 3546 3483 5866
f 7746 7713 7681
f 7681 7712 3367
f 3472 5034 3568
f 3472 3568 4896
f 3299 3529 3450
f 3414 7736 7699
f 3494 7736 3414
f 4961 3530 4914
f 3416 3531 5865
f 3418 3532 3434
f 3497 3547 3393
f 7701 7715 7747
f 5002 3516 5013
f 7653 5002 7724
f 7706 7694 7765
f 4994 3535 4967
f 7695 7720 7663
f 4967 3535 3536
f 5860 3536 4952
f 4952 3536 5863
f 7719 3551 7678
f 3440 5005 4945
f 7674 7732 7726
f 3476 7674 7634
f 4995 3554 3423
f 3423 3554 3555
f 3215 3538 3379
f 3405 3673 3330
f 3330 3501 3478
f 7703 3561 3560
f 3522 3561 7703
f 3523 3362 3637
f 3362 3589 3637
f 1301 3540 3575
f 1301 3308 3540
f 3308 3480 3540
f 7666 7785 4991
f 4970 7711 5031
f 7666 7743 7785
f 3490 3491 4990
f 4932 4978 3621
f 4934 4979 3467
f 4979 3524 5022
f 5032 8404 5023
f 3493 8403 1318
f 8407 7757 7697
f 3485 3447 4949
f 5868 1319 4982
f 8411 7757 8407
f 7055 5868 3472
f 4896 3568 3473
f 8408 7746 3335
f 3269 7729 8408
f 3512 5019 3449
f 3449 5019 3299
f 3530 4942 4914
f 3451 3514 7671
f 3353 4987 3453
f 3515 1313 4984
f 4928 5000 4943
f 4869 3515 4929
f 7661 7682 3454
f 4963 4976 3646
f 3533 4899 3571
f 4976 3550 3646
f 4976 3533 3550
f 7672 7764 7705
f 7717 7705 7772
f 4964 4985 3571
f 4965 3517 3340
f 3438 3487 3724
f 7655 7739 7730
f 7694 7655 7730
f 7678 3572 5004
f 7718 3519 7706
f 5863 3536 4968
f 7656 3551 7719
f 4977 3552 3400
f 3400 3553 3440
f 7731 7802 7695
f 3440 3553 5005
f 7643 7725 7684
f 7707 7643 7644
f 3457 4969 3488
f 3377 4995 4946
f 3458 3555 3459
f 3424 3585 4996
f 3360 3597 3460
f 3402 3557 3426
f 3296 7830 7709
f 7685 3500 3329
f 7060 3558 3327
f 3327 3521 3462
f 3426 3600 3278
f 3278 3588 3404
f 3307 3559 3286
f 3673 3652 3330
f 3523 3637 7710
f 7637 1301 7734
f 3541 3590 3480
f 3466 7637 7734
f 7686 3466 7734
f 4990 4971 3490
f 4990 3491 4971
f 3563 7735 7780
f 7735 8395 4954
f 3428 3603 3524
f 4956 4972 3504
f 4855 4911 7696
f 4958 3622 4957
f 4940 5008 4980
f 1317 3578 3566
f 3527 7756 3545
f 7728 5024 4940
f 7757 1328 7697
f 4949 3447 3567
f 3474 4998 3413
f 3511 3569 3486
f 8409 7729 3269
f 7714 8413 8409
f 7650 7699 7670
f 7669 7670 8413
f 5019 3660 3299
f 3299 3660 3529
f 3529 5064 3450
f 3450 3624 1312
f 1312 3624 4961
f 3495 5871 3532
f 3453 5867 3497
f 1313 3609 4983
f 3549 3454 3680
f 4869 7771 3515
f 4943 5056 4898
f 3454 7682 3611
f 7715 3549 3680
f 7715 3680 7762
f 3499 3612 3548
f 7737 7716 7701
f 7693 7716 7737
f 7764 7693 7737
f 7654 7724 7738
f 3340 3517 3666
f 3518 3398 3580
f 4988 3439 3581
f 7765 7694 7730
f 3439 3422 3668
f 3551 3572 7678
f 7721 7741 3476
f 3476 7741 7733
f 3476 7733 7674
f 7722 7742 7659
f 4996 3586 7060
f 7709 3573 3461
f 3558 3521 3327
f 3344 3404 3306
f 3479 3574 3463
f 3638 3363 3620
f 5085 4953 7786
f 3524 3603 5022
f 3428 3564 3604
f 5008 3592 4980
f 4949 3567 5009
f 3389 3546 5866
f 5011 1328 1332
f 7699 7759 7670
f 7651 3579 3513
f 5865 3626 4987
f 3393 3547 5012
f 7704 5012 3610
f 4983 3609 7770
f 7771 1313 3515
f 5001 3570 3628
f 7737 7701 7747
f 7724 5002 5013
f 5037 7718 7773
f 3422 3456 5027
f 3456 3615 5027
f 5003 4951 4931
f 3572 3551 5004
f 7656 7748 3551
f 5020 5030 4977
f 3376 3583 4969
f 4977 3582 3552
f 3400 3552 3553
f 5005 3583 3376
f 7749 7643 7707
f 7726 7749 7707
f 7659 7750 7708
f 7742 7752 7659
f 4996 3585 3556
f 3461 3573 3520
f 7779 3380 7679
f 7685 7753 3500
f 3306 3404 3477
f 3442 3768 3403
f 3462 3479 3425
f 3522 4883 3561
f 7734 1301 3575
f 3480 3575 3540
f 3502 3640 3590
f 7645 4970 5031
f 8404 4997 5038
f 7727 5032 7755
f 7696 7689 7723
f 4957 5017 4972
f 3566 3578 3605
f 7756 3593 7768
f 7064 1330 3578
f 3567 3545 7744
f 5868 5033 3472
f 5870 5011 1330
f 4636 2858 4632
f 7788 1328 7757
f 3472 5033 3594
f 3472 3594 5034
f 3568 3511 3473
f 3569 5018 3486
f 8409 7758 7729
f 3474 3738 4998
f 3450 5064 3623
f 3450 3623 3624
f 3513 3494 3414
f 4961 3595 3530
f 3530 3595 4942
f 7671 7760 3579
f 3531 3795 5865
f 3532 3627 3434
f 4987 3596 3453
f 3453 3596 5867
f 3338 3610 5000
f 5001 3548 3570
f 7747 7715 7763
f 3550 3533 3613
f 5013 7717 7772
f 3475 3518 3631
f 3518 3580 3631
f 3666 3517 3632
f 7773 7718 7706
f 3422 3614 3668
f 3422 5027 3614
f 5003 7774 5073
f 5003 5073 4951
f 5004 5003 4931
f 7695 7775 7720
f 7802 7775 7695
f 5005 5021 3583
f 7766 7725 7643
f 7740 7749 7726
f 7732 7740 7726
f 7674 7777 7732
f 7741 7674 7733
f 7708 7750 7675
f 7752 7751 7659
f 3460 3597 3378
f 7722 7752 7742
f 3586 4996 3598
f 3586 3598 7060
f 3500 7753 7722
f 3500 7722 3539
f 3537 3599 3402
f 3463 7779 3297
f 3278 3587 3588
f 3477 3559 3307
f 3561 3636 3560
f 3560 7753 7685
f 3362 3562 3655
f 3562 3638 3602
f 3590 3639 3480
f 3502 3464 3591
f 4992 4991 7767
f 7754 7686 7734
f 3464 3657 3591
f 3464 3490 3657
f 4991 7785 7767
f 4932 3621 4938
f 5007 3467 3659
f 4636 4632 6665
f 4972 5017 5016
f 5046 4925 4903
f 3593 5872 7768
f 3431 5062 3525
f 8411 7788 7757
f 8408 7729 7746
f 8413 7758 8409
f 3413 4998 3528
f 7670 7781 8413
f 3528 3608 5019
f 7759 7781 7670
f 7699 7769 3706
f 7736 7782 7699
f 4961 3624 3595
f 4942 3625 3531
f 3514 7760 7671
f 3626 3645 4987
f 7770 8421 4983
f 5000 5036 4943
f 7771 7761 1313
f 3454 3611 3680
f 4985 3534 3630
f 5013 7772 7784
f 4985 5057 3571
f 3517 3438 3632
f 4988 3581 3696
f 3551 7774 5004
f 7706 7765 5026
f 7773 7706 5026
f 7657 7720 7748
f 5004 7774 5003
f 3536 5041 4968
f 4977 5030 3582
f 7749 7766 7643
f 3553 5021 5005
f 7684 7776 7731
f 4969 3583 3616
f 4969 3616 3617
f 4969 3617 3488
f 3488 3617 3648
f 3488 3648 4881
f 4881 3648 4989
f 7741 7807 7674
f 3377 5042 4995
f 7675 7778 7721
f 7659 7751 7750
f 3585 3618 3556
f 4996 3556 3598
f 3598 3558 7060
f 3599 3557 3402
f 3426 3557 3600
f 3600 3619 3278
f 3477 3404 3559
f 3403 3768 4986
f 3637 3589 3654
f 3590 3640 3639
f 5006 4938 7074
f 3620 5006 3641
f 7754 7734 7832
f 3621 3563 5045
f 5032 5023 3791
f 7735 4954 7780
f 1343 7696 7723
f 1333 5022 3659
f 5022 3603 5086
f 3428 3604 3603
f 5016 5017 5040
f 4957 3622 5017
f 5008 7820 3592
f 3576 3469 3606
f 3578 1330 5874
f 3567 7744 7813
f 7788 1335 1328
f 8414 7788 8411
f 7746 7803 7713
f 3569 3511 5018
f 3486 5018 3474
f 3528 5063 3608
f 7782 7769 7699
f 3513 7783 3494
f 3434 3627 3662
f 3532 8424 3627
f 4987 3645 3596
f 5871 5875 3532
f 5036 5056 4943
f 7715 7762 7763
f 3612 4963 3646
f 7764 7737 7791
f 7705 7764 7791
f 3534 3340 3666
f 7739 3475 3647
f 3668 3614 5027
f 7730 7739 7856
f 7730 7856 7765
f 3581 3439 3696
f 7702 7646 5037
f 7807 7777 7674
f 3585 3634 3618
f 3554 3743 3555
f 7750 7778 7675
f 3459 3634 3585
f 3538 7069 3379
f 3501 3731 3296
f 3296 7875 7830
f 3361 3379 3442
f 3278 3619 3587
f 3330 3731 3501
f 3560 3636 7753
f 3521 3479 3462
f 7710 3637 3734
f 3638 3620 3733
f 7743 5015 7785
f 3490 4971 3657
f 4992 3685 7787
f 4992 7767 3685
f 4938 3621 5045
f 3791 5023 5038
f 1343 7723 5039
f 5016 5040 4972
f 5017 3622 7070
f 3469 3525 3606
f 7756 7768 3774
f 3525 3643 3607
f 7744 3545 7811
f 3525 5062 7067
f 5062 5866 1338
f 5866 4993 1338
f 7066 3644 4982
f 4982 3644 5033
f 5034 3676 3568
f 3568 3676 3511
f 3623 5064 3624
f 3494 7782 7736
f 3579 7783 3513
f 3434 3579 3514
f 5865 3795 3626
f 3532 5875 8424
f 3547 5054 5012
f 5035 3610 5012
f 7761 3609 1313
f 3611 4898 5056
f 5001 3628 7799
f 7772 7705 7791
f 7784 7772 7791
f 5013 7784 5047
f 3631 3580 7738
f 3666 3632 3724
f 3632 3438 3724
f 3487 3667 3724
f 3487 3633 3667
f 3439 3668 3696
f 3487 4988 3633
f 4994 5058 3535
f 5041 5059 4968
f 7776 7802 7731
f 4968 5059 5020
f 7725 7766 7776
f 7725 7776 7684
f 7749 7740 7766
f 3584 3649 3377
f 3377 3649 5042
f 7721 7807 7741
f 3554 3650 3743
f 3556 3618 3598
f 3380 3785 3360
f 3463 7794 7779
f 7779 3651 3380
f 3286 3559 3601
f 3405 3601 3673
f 3654 3589 3655
f 3589 3362 3655
f 3562 3718 3655
f 3562 3602 3718
f 7734 3656 3735
f 3639 3684 3480
f 3502 3591 3657
f 3657 4971 3658
f 7723 7727 5039
f 4972 5040 3504
f 4855 5050 7795
f 7756 3774 3545
f 7065 8415 7796
f 7803 8412 7713
f 3594 5033 5034
f 7729 7797 7746
f 3511 3693 5018
f 7781 7789 8413
f 3608 5063 5019
f 7789 7758 8413
f 4998 1337 3528
f 4942 3595 3625
f 3514 3579 7760
f 3434 3662 3579
f 5867 3663 3547
f 4983 3679 3496
f 7770 3609 8421
f 3570 3548 3628
f 7790 7762 3680
f 3548 3612 3629
f 7747 7763 7800
f 4985 3681 5057
f 4985 3630 3665
f 3534 3666 3798
f 7739 3647 7819
f 3668 5027 3682
f 5026 7765 7801
f 7702 5037 7773
f 4994 7084 5058
f 7774 7836 5073
f 3536 3535 5041
f 3551 7827 7774
f 7720 7847 7748
f 7802 7806 7775
f 3553 3669 5021
f 7740 5049 7766
f 3648 3698 4989
f 4989 3698 3441
f 7777 7829 7732
f 5042 3670 4995
f 7722 7792 7752
f 3597 3537 3378
f 7753 3671 7722
f 3379 3672 3442
f 7794 3651 7779
f 3404 3683 3559
f 3330 3653 3731
f 3636 7793 7753
f 3574 7794 3463
f 3655 3718 3654
f 7734 3575 3656
f 3575 3480 3684
f 3620 3641 3733
f 7785 5015 7809
f 5007 5044 3658
f 5007 3659 5044
f 3563 7780 3790
f 3603 3604 5086
f 3504 3674 3604
f 5017 7070 5040
f 8415 3736 3689
f 5080 7065 1339
f 1330 5069 5874
f 1330 5053 5069
f 8417 7788 5053
f 5018 3738 3474
f 7758 7797 7729
f 3738 1337 4998
f 7759 7798 7781
f 3529 3660 5064
f 3494 7769 7782
f 3624 3677 3595
f 3645 3678 3596
f 8421 3679 4983
f 7761 8418 3609
f 7762 7790 7817
f 7790 3680 7817
f 7737 7747 7800
f 3475 3631 3764
f 5057 3709 3533
f 7724 5013 5070
f 4985 3665 3681
f 3534 3798 3630
f 3535 7073 5041
f 3552 5089 3669
f 3552 3669 3553
f 5041 7073 5059
f 7748 7805 3551
f 5030 5020 3582
f 3582 5089 3552
f 3669 5074 5021
f 4995 3670 3554
f 3555 3743 3459
f 7752 7792 7751
f 7722 7808 7792
f 3597 3727 3537
f 3296 3731 7875
f 7793 3671 7753
f 3558 3714 3521
f 3559 3683 3635
f 3479 3747 3574
f 3602 3638 3718
f 3575 3684 3700
f 5031 7711 5075
f 7645 5031 7809
f 7767 7785 5060
f 3563 3790 5045
f 3504 5040 3674
f 5039 7727 5061
f 5046 5079 4925
f 7820 5051 3592
f 5873 3688 3753
f 3642 3606 3686
f 8415 3689 7796
f 3525 3607 3606
f 3545 3691 7811
f 7066 7068 3644
f 3644 3702 5033
f 5033 5082 5034
f 3511 3704 3693
f 7797 3694 7746
f 7699 3706 7759
f 5019 3661 3660
f 5064 3677 3624
f 7783 7814 3494
f 3662 3627 3579
f 5871 7816 5875
f 3547 3663 5054
f 8421 3609 5055
f 5036 3610 5882
f 5036 5882 5056
f 7799 7071 8418
f 7799 8418 7771
f 3680 3611 7804
f 3548 3796 3723
f 7817 3680 7804
f 3548 3629 3796
f 7763 7762 7817
f 3629 3612 3664
f 7800 7763 3760
f 5013 3695 7825
f 5013 5047 3695
f 7791 7737 7818
f 3646 3613 3761
f 7738 7724 5071
f 3630 3798 3665
f 7739 7819 3782
f 4988 3696 3633
f 7801 7765 7856
f 7773 5026 7826
f 5058 5065 3535
f 3535 5065 7073
f 7827 7836 7774
f 7805 7827 3551
f 5059 3697 5020
f 7775 7847 7720
f 5049 7848 7766
f 3441 3698 3584
f 3459 3699 3634
f 3634 3699 3618
f 3671 7808 7722
f 3557 3599 3600
f 3654 3718 3732
f 3656 3575 3700
f 3640 3719 3639
f 3502 3657 3640
f 5075 7711 3734
f 7785 7809 7849
f 7787 3685 7767
f 3791 5038 5067
f 7796 3689 3736
f 3606 3690 3686
f 4925 5052 4993
f 3606 3607 3701
f 7813 7811 3691
f 7812 3808 5008
f 7812 5008 3692
f 3702 3703 5033
f 8412 8425 8414
f 5034 5082 3676
f 3676 3704 3511
f 7803 3694 8412
f 7746 3694 7803
f 7789 7781 7758
f 5063 3705 5019
f 5019 3705 3661
f 3494 7814 7769
f 3677 3707 3595
f 3579 7823 7814
f 3579 7814 7783
f 3579 7842 7815
f 3627 7842 3579
f 3795 3645 3626
f 3679 7816 5871
f 3611 5056 3814
f 7737 7800 7824
f 3533 3709 3613
f 7825 3695 5047
f 5071 7724 5070
f 3665 3798 3681
f 3724 3667 7072
f 3724 7072 7077
f 3647 3475 7819
f 5027 5084 3682
f 7848 7828 7766
f 3616 3583 3617
f 7732 5049 7740
f 7807 8419 7777
f 7721 7778 7807
f 3554 3712 5090
f 3554 5090 3650
f 3360 3713 3597
f 3597 3713 3727
f 3672 3768 3442
f 3404 3588 3683
f 3559 3767 3601
f 3601 3852 3673
f 3561 7831 3636
f 4986 3768 3715
f 4986 4883 3443
f 3734 3637 3716
f 3654 3732 3717
f 3684 3639 3771
f 3734 3716 3822
f 7809 5031 5075
f 7767 5060 7849
f 7786 5066 5076
f 4938 5045 3772
f 7780 4954 3790
f 7820 5107 5051
f 5022 5092 7075
f 5022 5086 3824
f 3604 3674 5093
f 5040 7070 5106
f 8415 3737 3736
f 7768 5872 1342
f 5872 3675 1342
f 3606 3701 3690
f 3545 3774 3691
f 7813 3756 3808
f 8420 5053 7788
f 5033 5081 5082
f 7813 1363 3756
f 3644 7068 3702
f 3703 5081 5033
f 8414 8425 7788
f 3694 7821 8412
f 3693 3704 5018
f 7781 7822 7758
f 1337 5063 3528
f 3706 7833 7759
f 7814 3706 7769
f 7815 7823 3579
f 3625 3595 3531
f 3663 3722 5054
f 3596 3678 3721
f 3596 3721 5867
f 3610 5879 5882
f 3708 5055 7076
f 8418 5055 3609
f 3548 3723 3628
f 7763 7817 3760
f 7825 5047 7784
f 3664 3612 3761
f 7791 7818 5088
f 3761 3613 3885
f 5057 3681 3709
f 3799 7738 5071
f 3631 7738 3764
f 3667 3633 7072
f 7856 7739 3782
f 7826 5026 7801
f 5020 3697 3711
f 7847 7834 7748
f 7775 7806 7847
f 7802 7872 7806
f 5074 5131 5021
f 7829 3726 7732
f 7778 7835 7807
f 3670 3712 3554
f 7751 3744 7750
f 3459 3743 3699
f 3360 3785 3765
f 7792 7808 7751
f 3671 7793 7808
f 3598 3745 3558
f 3380 3728 3785
f 3672 7069 3768
f 3600 3729 3619
f 3587 3619 3588
f 3673 3852 3652
f 3652 3730 3330
f 3718 3638 3733
f 3700 3684 3771
f 3734 3822 5075
f 3658 3749 5091
f 3658 5044 5077
f 4954 5085 5098
f 5022 3824 5092
f 3659 7075 5044
f 5061 1341 7755
f 5079 5094 4925
f 5107 7854 5051
f 8415 1345 3737
f 3642 3686 1345
f 5052 5128 4993
f 3808 3865 5008
f 3607 3643 3701
f 5876 5069 5096
f 5876 5874 5069
f 7067 3809 3643
f 7067 5062 3809
f 3676 5082 3704
f 7798 7840 7781
f 5064 3660 3677
f 7823 7815 7814
f 3595 3759 3531
f 3627 3739 7885
f 5875 7816 8424
f 3679 3779 7816
f 3721 3663 5867
f 5035 5012 5054
f 3611 3814 7804
f 3629 3664 3796
f 7824 7800 3760
f 7737 7824 7818
f 7784 7791 5088
f 7825 7784 5088
f 5070 7825 3762
f 5071 5070 3762
f 3666 3724 3798
f 3710 7819 3475
f 3633 3781 7072
f 3682 5084 3800
f 3633 3696 3725
f 7826 7801 7864
f 7084 3740 5058
f 7836 1355 5073
f 7073 3741 5059
f 7834 7805 7748
f 5020 3711 3582
f 7776 7872 7802
f 5131 3742 5021
f 5021 3742 5877
f 3583 5101 3617
f 7732 7837 5049
f 3617 3783 3648
f 7750 7835 7778
f 3727 3830 3537
f 3618 3745 3598
f 3538 3520 7069
f 3730 3746 3330
f 3636 7831 7793
f 3654 3717 3637
f 3733 3641 3748
f 5077 5044 5111
f 3657 3658 5091
f 3658 5077 3749
f 4954 5098 3790
f 7810 5043 3750
f 3604 5093 5086
f 7768 3687 3773
f 7796 3754 7839
f 7796 3736 3754
f 3688 5876 1347
f 5095 7796 7839
f 3690 3701 3755
f 5876 5096 1347
f 7813 3775 3827
f 8425 8429 8420
f 3809 5062 3776
f 3738 3758 1337
f 7781 5888 8426
f 7781 8426 7822
f 7840 5888 7781
f 7814 8431 3706
f 3795 3811 3645
f 8427 5055 8418
f 3760 7817 7843
f 7845 3760 7844
f 7824 3760 7845
f 3764 3799 3763
f 3764 7738 3799
f 3475 3764 3931
f 7864 7801 7881
f 3696 3829 3725
f 7773 7826 3909
f 3682 3800 3668
f 5065 5058 7073
f 7805 7865 7827
f 7834 7847 7805
f 7828 7857 7766
f 3617 5101 3783
f 3726 7837 7732
f 7807 7835 8419
f 3744 3801 7750
f 7830 7890 7709
f 7069 3766 3768
f 3714 3821 3521
f 3746 3653 3330
f 3521 3769 3479
f 3574 3770 7794
f 3715 3913 4986
f 4986 3913 4883
f 3718 3733 3823
f 3656 3700 3789
f 7787 7767 5097
f 5044 5115 5111
f 5044 7075 5115
f 3772 5045 3834
f 7075 5092 5099
f 5092 3824 5099
f 3686 3690 3792
f 7839 3736 1356
f 3688 1347 1351
f 3756 1363 3808
f 7797 8423 3694
f 5082 5081 3757
f 7822 8426 7758
f 5018 3704 3738
f 7758 8430 7797
f 7759 7840 7798
f 1337 3758 5063
f 3660 3661 3810
f 3660 3810 5881
f 3660 5881 3677
f 7814 5886 8431
f 7815 7841 7814
f 8421 3779 3679
f 7868 8427 8418
f 3628 3723 7799
f 7850 7804 3814
f 7804 7850 7817
f 7818 7824 3816
f 7825 3780 5143
f 7825 5088 3780
f 3799 5071 5144
f 3798 3724 7862
f 7077 7072 3781
f 5048 1350 7773
f 5084 7095 3800
f 5073 1355 5072
f 3887 1355 7836
f 7073 3817 3741
f 3741 3817 5059
f 5059 3818 3697
f 3697 3819 3711
f 7806 7882 7847
f 3711 3819 3582
f 3582 5150 5089
f 5089 5150 3669
f 7766 7888 7776
f 5877 5101 3583
f 3783 5102 3648
f 3648 5102 3698
f 3650 5090 3743
f 3699 3784 3618
f 3618 3784 3745
f 3360 3765 3713
f 7830 3786 7890
f 7831 3787 7793
f 3558 3821 3714
f 3619 3729 3588
f 3588 3788 3683
f 3635 3767 3559
f 3767 3852 3601
f 3769 3747 3479
f 3718 3823 3732
f 7838 3735 3892
f 5043 7787 3750
f 3640 3657 3854
f 7832 7838 5137
f 3657 5091 5110
f 5006 3856 5104
f 5087 5050 3825
f 3861 3686 3807
f 3686 3792 3807
f 3774 7768 3773
f 5128 5135 4993
f 7078 1353 1365
f 8428 7079 8425
f 3738 5884 3758
f 3704 3778 1367
f 7797 8430 8423
f 3704 1367 3738
f 3738 1367 5884
f 7759 5888 7840
f 7833 5888 7759
f 3677 3793 3707
f 7815 3794 8432
f 3707 3759 3595
f 3645 5889 3678
f 7080 7071 8439
f 7817 7850 7843
f 7824 7845 7880
f 3761 3885 3928
f 5088 7818 7851
f 5143 3780 5088
f 3709 3681 3905
f 3763 3799 5144
f 3724 7077 3930
f 3633 3908 3781
f 3633 3725 3908
f 7881 7801 7856
f 7073 5109 3817
f 3668 3800 3829
f 7852 7865 7836
f 7827 7852 7836
f 7847 7882 7846
f 7847 7846 7805
f 7848 7857 7828
f 7837 7848 5049
f 8419 7859 7829
f 7750 3801 7835
f 3912 3715 3768
f 3852 3872 3652
f 3768 3766 3912
f 4883 3913 3561
f 3561 3832 7831
f 3716 3637 3822
f 3700 3771 3853
f 3700 3853 3789
f 3639 3806 3771
f 5075 3822 7853
f 3733 3855 3823
f 3719 3640 3854
f 3657 5110 3854
f 5077 5111 3749
f 5086 3751 3824
f 7075 5099 5115
f 5883 1371 3687
f 3752 3835 3878
f 3774 3773 3838
f 7081 8433 7086
f 3865 7894 7820
f 3701 7083 3755
f 7081 7086 1354
f 1354 7086 1364
f 8423 8435 8428
f 7758 5895 8430
f 5885 3841 3705
f 3705 3841 5912
f 3705 3810 3661
f 3706 8431 7833
f 7885 7815 7842
f 3645 3811 5889
f 7816 3812 8424
f 5100 5890 5054
f 7071 7799 3815
f 3816 7824 7880
f 7844 3760 7843
f 3796 3664 3797
f 7818 3816 7861
f 3761 3928 3664
f 5088 7851 5143
f 3475 3931 3710
f 3681 3798 3905
f 3764 5144 3931
f 7870 7856 7863
f 7865 3887 7836
f 3817 3818 5059
f 3742 5131 5877
f 7857 7888 7766
f 7835 7859 8419
f 5042 3649 3670
f 3743 3869 3699
f 3745 3784 3820
f 7793 3787 7808
f 7709 7890 3573
f 3573 7890 3520
f 3802 3952 3520
f 3952 7069 3520
f 7875 3786 7830
f 3745 3821 3558
f 3599 3537 3600
f 3831 3769 3521
f 3653 7875 3731
f 3747 3770 3574
f 3561 3913 3832
f 3771 3806 3805
f 7892 5075 7853
f 3733 3748 3855
f 7809 5075 7892
f 7849 7809 7892
f 5098 3976 3857
f 3750 7787 5105
f 3834 3790 3833
f 1344 1368 3860
f 3751 5093 5151
f 7082 5040 3876
f 7082 3674 5040
f 1344 3878 1368
f 5883 5887 1371
f 3807 3792 3861
f 3690 3863 3792
f 7894 5113 7820
f 3827 1361 3840
f 8435 7855 8428
f 3758 5885 5063
f 5881 3793 3677
f 7885 7867 7815
f 3678 5889 3843
f 7076 5897 8421
f 7799 3723 3815
f 3796 3797 3844
f 3723 3796 3844
f 7844 3867 3979
f 7844 7843 3867
f 3664 3845 3797
f 3709 3905 3613
f 7818 7861 7851
f 7077 3846 7089
f 7863 3782 3710
f 7084 5182 3740
f 5058 5109 7073
f 7805 7882 7865
f 7806 7872 7882
f 3669 5150 5074
f 7888 7872 7776
f 7837 3726 7848
f 5102 5118 3698
f 7751 7874 3744
f 3821 3831 3521
f 3651 3728 3380
f 3637 3717 3891
f 3717 3732 3891
f 3656 3789 3735
f 3771 3805 3853
f 3748 5104 5119
f 7849 7892 4022
f 5097 7849 4022
f 3749 5111 5091
f 3772 5114 7074
f 1366 3791 5127
f 3861 3792 3837
f 8433 3736 7893
f 3792 3863 1396
f 3755 7083 3864
f 7086 1374 5121
f 3809 1370 3900
f 8431 8455 8437
f 5886 8455 8431
f 7815 7866 3794
f 7815 7867 7866
f 3811 3842 5889
f 3779 5897 3813
f 3779 3813 7816
f 8421 5897 3779
f 7878 5897 7076
f 3828 5898 3947
f 7071 3866 8439
f 7071 3815 3866
f 7843 7850 7879
f 3867 7843 7922
f 7851 7861 7880
f 7861 3816 7880
f 5143 7851 7907
f 7077 7089 3907
f 3909 7826 5124
f 5058 5136 5109
f 7826 7864 7881
f 3818 5126 3697
f 7871 5048 7773
f 3800 7095 3829
f 7084 5125 5182
f 1355 7887 5072
f 3817 5109 3818
f 3582 7087 5150
f 5150 5131 5074
f 5131 3848 5877
f 3584 5118 3649
f 3783 5158 5102
f 7835 7873 7858
f 7835 7858 7859
f 7860 7873 7835
f 3699 3849 3784
f 7808 7874 7751
f 7890 3802 3520
f 3787 7891 7808
f 3728 3934 3785
f 3651 3850 3728
f 3789 3874 3735
f 3748 5119 3855
f 3772 3834 5114
f 5111 5115 5139
f 5115 5099 5139
f 5151 5093 3876
f 7810 3858 7884
f 7810 3750 3858
f 3791 5116 5127
f 3824 3875 5099
f 5117 1366 5127
f 3751 5151 3824
f 3876 5040 3859
f 5113 8452 5112
f 1368 3878 3860
f 7893 3736 3860
f 3862 3773 1371
f 7085 8433 1372
f 1369 1382 1360
f 3755 7090 3839
f 1388 1362 8440
f 5122 5121 5902
f 1367 5891 5907
f 5888 8445 5895
f 8459 8475 5888
f 5881 3810 3793
f 7841 8432 8455
f 7878 7895 5897
f 7843 7879 3903
f 7880 7845 7911
f 3798 3930 3905
f 3885 3613 3868
f 7869 5071 3762
f 7077 3907 3930
f 3887 7887 1355
f 5136 5156 5109
f 3697 5126 3819
f 7872 7900 7882
f 3712 3670 5090
f 7874 7889 3744
f 3785 5905 3765
f 3727 5183 3830
f 7808 7891 8446
f 3820 5893 3745
f 3728 3870 3934
f 3830 5183 3537
f 3600 3889 3729
f 3729 3954 3588
f 3747 7794 3770
f 3822 3955 3873
f 3637 3891 3822
f 3732 3804 3891
f 3735 3987 3892
f 3735 3874 3987
f 3806 3639 3805
f 3732 3823 3939
f 7074 5114 4035
f 7884 3858 3750
f 3833 4051 3834
f 5139 5099 7101
f 5078 7795 3825
f 3861 3896 3878
f 5887 1360 3880
f 5128 5147 5135
f 3900 5142 1387
f 8445 8475 5895
f 3705 3883 5908
f 8432 8462 8455
f 5108 1380 5898
f 7843 3903 7922
f 7850 3947 3903
f 7850 3814 3947
f 7879 7850 3903
f 7845 7844 3979
f 5143 7907 7899
f 7887 5193 3886
f 7887 3886 5072
f 7882 7896 7865
f 7871 7773 3909
f 3829 7095 3847
f 5109 5130 3818
f 7829 7858 8441
f 7808 7889 7874
f 5183 4045 3537
f 3871 7891 3787
f 4045 3888 3537
f 3786 7875 7890
f 3732 3939 7096
f 3639 3975 3893
f 7838 3892 5137
f 3719 3854 3975
f 7883 7892 7853
f 5105 5097 5195
f 5091 5111 5133
f 7074 4035 5145
f 5114 3834 4051
f 5117 5127 3917
f 4894 5141 5204
f 5067 3720 7884
f 5099 5140 7101
f 8452 7098 1381
f 8452 1381 5112
f 3920 3840 3897
f 3840 3920 1407
f 3865 3960 3925
f 8449 8454 8455
f 7867 7885 8493
f 3721 1390 5909
f 3721 3843 1390
f 3813 5913 7816
f 3722 5148 5890
f 3797 3845 3844
f 3664 3928 3845
f 7907 7851 7903
f 3762 3904 5155
f 3762 5143 3904
f 3710 3963 3906
f 3846 3781 7089
f 7900 7897 7882
f 7865 7896 3887
f 5109 5156 5130
f 7897 7896 7882
f 3819 3932 3951
f 3819 3951 7087
f 7888 8504 7872
f 5131 5150 3848
f 7848 8451 7857
f 5102 5904 5118
f 3801 8465 7835
f 3670 5132 5090
f 5090 5132 3869
f 3744 8465 3801
f 7808 7902 7889
f 3727 3713 5183
f 3802 1399 3952
f 3745 5893 3821
f 3651 7794 3850
f 4017 4046 3729
f 3653 3803 7875
f 3832 3985 7831
f 3732 7096 3804
f 3789 3853 3915
f 3822 7914 7853
f 3805 3893 3972
f 3854 3894 3957
f 5133 5111 5173
f 5099 3875 5140
f 5142 5135 3924
f 1387 5142 3924
f 8475 5915 8458
f 8460 8459 8454
f 8461 8470 8455
f 8455 8470 8449
f 8455 8462 8461
f 7866 8463 8462
f 7877 3926 7885
f 3812 5919 7877
f 5913 3812 7816
f 8439 3961 3902
f 3723 3844 3815
f 7911 7845 7931
f 7851 7911 7903
f 7851 7880 7911
f 3885 3929 3928
f 3885 3868 3929
f 5155 3904 5143
f 3613 3905 3948
f 3931 5144 3950
f 5144 7904 3950
f 3710 3931 3963
f 3710 3906 7863
f 3847 7104 3725
f 5125 5181 5182
f 5126 3932 3819
f 5877 3848 3965
f 5101 3965 5187
f 5101 5187 5158
f 5102 5158 5904
f 5118 5904 3649
f 5905 3785 3713
f 7891 3933 8446
f 7069 3935 3766
f 7890 5952 3802
f 3802 5952 1399
f 7875 4002 7890
f 3821 5954 3831
f 3831 5954 3769
f 3850 7794 3870
f 3850 3870 3728
f 3600 3967 3889
f 3588 3954 3788
f 3911 4018 3767
f 3767 4018 3890
f 3747 3769 7794
f 3822 3891 3955
f 3804 3938 3891
f 3853 3805 3916
f 3854 3957 3975
f 4022 7892 7883
f 5173 3940 5110
f 5133 5173 5091
f 5111 5139 5173
f 3875 5151 5174
f 5147 5164 5135
f 3882 3921 3977
f 3925 7093 7894
f 8468 8457 8458
f 8474 8468 8458
f 8454 8449 8460
f 5908 5934 3810
f 7866 8493 8463
f 8464 3946 7885
f 7885 3946 8493
f 7885 8471 8464
f 5919 8471 7877
f 7877 8471 3926
f 7100 3902 5154
f 3928 3929 7121
f 5155 5143 7899
f 7869 3762 5155
f 7904 5144 7869
f 3905 3930 5179
f 3931 3950 3963
f 7870 7863 3998
f 7881 7870 3999
f 3725 7104 3908
f 5124 7881 7908
f 5048 3909 5171
f 7104 7095 7133
f 7887 5166 5193
f 7087 5157 5150
f 8451 7905 7888
f 3869 5920 3849
f 3849 1461 3784
f 3784 1461 3910
f 3713 3785 4030
f 1399 5952 3952
f 3784 3821 5893
f 7890 3953 5952
f 7069 3952 3935
f 3936 3933 7891
f 3871 7831 7891
f 3821 5901 5954
f 3729 3889 4017
f 3891 7107 3937
f 3891 3938 7107
f 3874 3789 3956
f 3915 3956 3789
f 3853 1424 3915
f 3892 3989 5137
f 3939 3823 7135
f 5119 5138 5145
f 5110 3940 3894
f 4035 5114 4051
f 7101 5189 5139
f 7884 3750 7910
f 5067 7884 7910
f 5147 5128 5164
f 8469 5927 8475
f 8476 5927 8449
f 5909 5929 3927
f 3722 3927 7921
f 7091 8477 5910
f 3903 3947 7916
f 8439 3866 3961
f 3815 3962 3866
f 7931 7845 3979
f 3950 7904 3996
f 3613 3948 3868
f 7870 3998 7925
f 7908 7881 3999
f 3908 7104 7103
f 7897 7900 7896
f 8504 7913 7872
f 3848 5157 3965
f 7905 8504 7888
f 5904 5167 3649
f 8441 8512 7848
f 7901 8483 7858
f 3649 5167 5159
f 5159 1439 3649
f 3784 3984 3821
f 3934 7919 3785
f 7831 3936 7891
f 7794 3966 3870
f 3537 3888 3600
f 3891 3971 3970
f 3955 3891 3970
f 7883 7853 7914
f 3939 7135 3973
f 4051 3833 3990
f 5140 5174 5189
f 5140 3875 5174
f 5135 5164 3924
f 7093 3960 1430
f 8471 8486 8464
f 7091 8502 8495
f 3979 3867 7943
f 7907 7903 7917
f 7904 7869 7924
f 3781 3982 7089
f 5182 3983 5136
f 3887 5166 7887
f 5156 5136 4029
f 7872 7913 7900
f 5156 4029 5130
f 5130 5126 3818
f 1439 5951 3649
f 3649 5951 5132
f 3744 7918 8465
f 3869 5939 5920
f 3870 5970 3934
f 7890 7920 4115
f 4115 4075 7890
f 3888 3967 3600
f 3890 3852 3767
f 3969 3872 3852
f 3872 3730 3652
f 3985 3936 7831
f 3769 8488 7794
f 5137 3989 3974
f 5145 4035 7926
f 3823 5119 7135
f 3750 5105 5172
f 5189 5197 5139
f 4010 3960 1447
f 1430 3960 4010
f 5177 3993 3978
f 8490 7112 8474
f 8480 8479 8462
f 8493 8485 8463
f 7110 7102 1460
f 3903 7916 7938
f 7922 3903 7938
f 3845 3928 5217
f 7903 7911 4099
f 5155 7899 7923
f 3929 3868 7121
f 7869 5155 5191
f 7869 7934 7924
f 3905 5179 3995
f 3998 7863 3997
f 7104 4000 7103
f 3887 4015 5166
f 7912 3887 7896
f 7900 7912 7896
f 5157 4001 3965
f 5187 5938 5158
f 7889 7918 3744
f 3869 5188 5939
f 4002 7920 7890
f 4046 3954 3729
f 3715 3986 3913
f 7914 4004 3988
f 7914 1422 4004
f 5137 3974 1505
f 3957 7118 7108
f 3894 3940 3957
f 3940 5173 4127
f 7926 4035 4107
f 3990 3833 5098
f 5139 5197 5173
f 5162 5161 5146
f 3917 5162 4007
f 4009 4023 3977
f 1426 3991 1428
f 8489 1430 4010
f 8499 8490 8491
f 3812 8495 5959
f 8487 5959 8486
f 5910 8495 3812
f 3961 3866 4084
f 3844 3994 3815
f 3844 3845 3994
f 3845 5217 4041
f 3868 3948 5178
f 5179 1415 4014
f 7089 3982 4027
f 7900 7936 7912
f 7087 4016 5157
f 7901 7928 8483
f 8465 8505 7909
f 5132 5951 3869
f 3869 5951 6004
f 3869 6004 5188
f 3784 5931 3984
f 3933 7929 5940
f 4045 5183 4077
f 3766 3935 5953
f 3769 4003 8488
f 7914 3988 4078
f 3937 7096 1422
f 3937 7107 7096
f 1423 1424 4005
f 5227 7883 7914
f 3750 5172 5214
f 5145 7926 4107
f 5174 4065 5189
f 4051 4079 1474
f 5164 5177 3924
f 5190 5203 7098
f 7941 5190 7093
f 8485 8492 8463
f 8493 8494 8485
f 5186 4052 7915
f 1460 4037 8502
f 7916 3947 7938
f 7922 7938 7942
f 4099 7911 7932
f 7899 7907 7917
f 7932 7911 7931
f 3928 3884 4100
f 7923 7899 7933
f 7869 5191 7934
f 7863 1473 4025
f 7863 3980 1473
f 3949 4070 1451
f 3949 4026 4070
f 3949 3981 4026
f 3981 3964 1534
f 3887 7936 4015
f 7908 3999 5124
f 3909 5124 4028
f 5181 5194 5182
f 4015 7935 5166
f 7912 7936 3887
f 5130 4055 5126
f 8496 8523 7900
f 3951 4056 7087
f 5157 4016 4001
f 5938 5930 5904
f 7909 7937 7901
f 8497 7889 5940
f 5940 8532 8497
f 7890 4075 3953
f 3936 7929 3933
f 3966 4031 3870
f 3715 5971 3986
f 1422 7096 4019
f 1424 3916 4005
f 7096 3973 7117
f 3975 7126 7113
f 7930 4022 5227
f 3957 7114 7118
f 7140 7941 7093
f 5959 1472 8494
f 3947 7915 4040
f 3902 4012 5154
f 7922 7942 4120
f 3845 4041 3994
f 3867 7922 7943
f 3815 3994 3962
f 3994 4053 3962
f 7917 7903 7939
f 7924 7934 5223
f 7925 3998 4072
f 4000 7116 7103
f 5194 5181 5165
f 5194 5165 5182
f 5182 4043 3983
f 5126 4056 3932
f 8523 7936 7900
f 3965 5961 5187
f 8505 7937 7909
f 7928 8517 8482
f 5930 5977 5904
f 7889 8497 8505
f 7889 8505 7918
f 3849 5920 1461
f 3785 7919 4030
f 3966 5970 4031
f 3713 4077 5183
f 3888 4045 3967
f 7794 8488 3966
f 3803 3746 7875
f 3766 1440 5971
f 3769 5978 4003
f 3968 4124 3851
f 4020 4060 4047
f 7096 7117 7134
f 4035 4051 4050
f 5173 5197 4127
f 3917 4007 5201
f 5174 5198 4065
f 8535 7136 5203
f 5956 5981 8507
f 8500 8515 5956
f 5960 5236 4052
f 3866 3962 7131
f 3884 4024 4100
f 7933 7899 7939
f 4024 7121 5212
f 7121 5178 5212
f 3964 7111 1534
f 3982 7103 4027
f 5180 7133 7116
f 5130 4029 4055
f 4055 4056 5126
f 4056 5206 7087
f 8504 7940 8496
f 8511 7940 8504
f 3965 4001 5961
f 5920 5969 3910
f 5920 3910 1461
f 3936 8472 7929
f 4002 7875 7920
f 8488 8533 3966
f 3653 3746 3803
f 3911 3851 4018
f 1422 4057 4004
f 4020 4047 4059
f 3940 4127 7114
f 5170 3825 4066
f 1474 4079 4096
f 5164 1491 5216
f 8518 8515 8500
f 8510 8520 8495
f 7122 1460 8539
f 7915 4052 6020
f 7922 4120 7943
f 3928 4100 5217
f 5237 7923 7933
f 5155 7923 4042
f 1534 7111 4073
f 7103 4074 1517
f 7103 7116 4074
f 7133 5200 7116
f 8522 7133 5193
f 5182 5213 4043
f 3983 5226 5136
f 8523 7143 7936
f 5206 5968 7087
f 8517 8530 8482
f 4030 4143 3713
f 3952 4076 3935
f 3966 4090 5970
f 4045 4077 3967
f 7875 5998 4032
f 3746 8534 7875
f 5189 4065 4064
f 5899 5204 5205
f 7941 8535 5190
f 4082 8550 1470
f 6000 5996 5989
f 4083 8527 1487
f 4012 4084 7927
f 3866 7131 4084
f 7939 7903 7944
f 7933 7939 7947
f 7925 4072 4087
f 8528 8522 5166
f 5136 5226 5244
f 7936 8541 8528
f 4016 5968 4001
f 4001 4089 5961
f 8525 8531 8497
f 3953 6026 5952
f 8488 4003 8533
f 3851 4105 4018
f 4005 4094 4093
f 4048 7135 1520
f 7113 7126 7150
f 4127 5215 5230
f 4127 7127 5215
f 4007 5146 5209
f 4065 7160 4064
f 5210 5199 5218
f 7946 5221 1511
f 8552 8562 8526
f 5996 8538 5995
f 7938 4040 4098
f 4053 4129 3962
f 4027 1517 7142
f 5165 1535 4043
f 4055 1518 4056
f 8496 8556 8523
f 5961 4089 5187
f 8531 8546 8497
f 1439 1519 6004
f 8505 8558 7937
f 7929 8547 8532
f 3984 4103 5901
f 7875 4032 7920
f 5978 4104 4003
f 3986 5979 8472
f 4046 4124 3968
f 4124 4105 3851
f 3852 4018 3969
f 7126 7118 7150
f 5208 5168 5229
f 4079 5241 4096
f 5197 4064 7127
f 5201 4108 7958
f 5204 1400 6005
f 7140 8549 7941
f 1531 8552 5995
f 7122 8565 8527
f 4110 4109 7927
f 7942 7938 4136
f 7944 4099 7950
f 7924 5223 5222
f 3995 5254 5178
f 6021 1550 5930
f 5970 4044 7919
f 4143 4114 3713
f 6026 4076 3952
f 4090 3966 8548
f 3872 4161 3730
f 5971 1440 1570
f 1501 1502 1573
f 7118 4127 7150
f 4092 4048 4106
f 5172 5195 4150
f 4036 5201 4119
f 7958 4108 5209
f 8561 7155 8535
f 7156 1577 8565
f 7157 8540 4153
f 5237 7947 7953
f 4100 4024 5253
f 5212 7166 4024
f 5239 4112 1594
f 7139 4101 1583
f 1517 5225 7148
f 8581 5225 8522
f 5990 1568 4055
f 4055 1568 1518
f 8556 8590 8523
f 8529 8572 8556
f 8546 8575 8505
f 8472 8560 8547
f 5901 6031 5978
f 8533 8548 3966
f 4017 4183 4046
f 3730 4161 3746
f 5227 4062 4170
f 5228 5196 7951
f 4107 4151 5196
f 7127 4064 1626
f 4096 5241 4135
f 5229 5214 4187
f 5215 7144 5230
f 4120 7942 4137
f 4084 3962 4128
f 4041 4111 4179
f 7939 7944 7947
f 1438 7945 5246
f 4100 5253 5217
f 4042 5237 5243
f 4024 7166 5253
f 1594 4112 1580
f 1549 1533 7954
f 4131 4028 4122
f 1550 6030 1584
f 5969 6024 3910
f 4076 6070 3935
f 3713 4114 4077
f 4123 3889 3967
f 4060 7149 1551
f 4106 4048 5259
f 5240 5227 7955
f 5228 7951 4188
f 7951 5196 4151
f 4107 4118 4151
f 1474 4096 7956
f 4096 4135 7956
f 7160 1589 5266
f 7160 5202 1589
f 7160 7175 4064
f 8579 1664 5232
f 5205 5233 1641
f 8580 7161 8570
f 8601 6035 8580
f 7156 7172 1593
f 3962 4205 4128
f 3962 4129 4205
f 4099 7952 7950
f 7945 5222 5264
f 1594 1580 4158
f 1518 1596 5206
f 8572 8590 8556
f 6004 6012 6058
f 3953 1598 6026
f 5978 8608 6032
f 4077 4182 3967
f 3969 4018 3872
f 4048 1521 5259
f 4107 4063 4118
f 1474 7956 4063
f 4127 5260 7150
f 4064 7175 1626
f 5266 5202 5252
f 7171 7140 8536
f 8540 4109 4175
f 4137 7942 4136
f 7952 4099 4069
f 7947 7944 1566
f 5191 4138 5243
f 6021 1622 1550
f 8591 8603 8529
f 8625 8595 8586
f 8547 8525 6025
f 7919 4143 4030
f 4114 4143 4077
f 4144 4123 3967
f 4046 4184 4124
f 4183 4184 4046
f 4105 4310 4018
f 1504 1585 4146
f 4166 4133 4162
f 4133 4163 4162
f 4126 7163 1625
f 5233 6005 1605
f 4153 8540 4221
f 8540 4192 7206
f 4194 8540 4175
f 4137 4136 7965
f 7943 4120 4222
f 4110 4084 4176
f 4069 4222 4177
f 4069 7943 4222
f 7952 4069 4178
f 7950 7952 4155
f 1566 7950 7947
f 4041 4179 4129
f 5246 4156 5264
f 7953 7947 5310
f 4111 5253 5274
f 5222 5191 4180
f 5178 5254 7181
f 1610 1832 4157
f 1594 7176 7182
f 8603 8590 8572
f 6011 1622 6021
f 8625 8630 8595
f 8525 8632 8559
f 8547 8615 8525
f 4044 6069 7919
f 7960 4225 3872
f 3746 4185 8534
f 4124 4310 4105
f 4018 7960 3872
f 4133 1602 1680
f 1573 1624 4145
f 7154 1625 7169
f 7154 7113 1625
f 7150 5269 7163
f 5228 4188 1521
f 4136 4098 4193
f 4120 4137 7965
f 4084 4154 4176
f 5243 7953 5271
f 5253 7166 7180
f 5246 5264 4196
f 5254 5258 7181
f 7192 8611 8590
f 8623 8612 8592
f 8615 8614 8525
f 4032 5998 7920
f 4161 4185 3746
f 7163 5269 1625
f 5251 1736 5260
f 4222 4120 7962
f 7947 7950 5267
f 5310 7947 4232
f 4111 5280 4179
f 5243 5271 4206
f 5253 7180 5274
f 8590 8640 7192
f 1596 1569 6045
f 8622 8621 8612
f 6047 6080 1637
f 8607 8615 8547
f 7919 6069 4143
f 7959 4181 4075
f 4143 4198 4077
f 4182 4198 3967
f 3889 4123 4017
f 3872 4225 4161
f 4018 4199 7960
f 1601 4117 1663
f 5259 1521 7210
f 1521 4188 4174
f 6051 6027 1642
f 4098 4230 4219
f 4110 4176 4154
f 7950 4155 4178
f 4179 5291 4233
f 4232 7947 5267
f 8641 8622 8612
f 1729 8641 8623
f 4077 4198 4182
f 4017 4123 4183
f 4310 4199 4018
f 5268 1604 4172
f 7170 1587 7964
f 7194 7203 5273
f 7194 5266 7203
f 8540 7206 4284
f 7965 4136 4193
f 4110 4275 7158
f 4177 4222 4319
f 7950 4178 4245
f 4129 4231 4205
f 4129 4246 4231
f 5267 7950 7963
f 4179 4233 4246
f 5191 5243 4247
f 7181 5258 5307
f 6101 8631 8633
f 7920 4249 4115
f 4184 4293 4124
f 4165 7210 4226
f 7956 7170 4242
f 5260 7237 1712
f 7202 7177 5248
f 6013 1666 6072
f 1695 6105 4218
f 7965 4193 4244
f 4128 4205 1719
f 5243 4206 4289
f 5280 5274 7233
f 6110 7226 8631
f 4161 4225 4185
f 4124 4293 4310
f 7210 7228 4226
f 7201 7193 1792
f 4174 4242 4241
f 8656 1716 8639
f 7965 4244 4263
f 7186 4194 7206
f 4319 4222 7966
f 4178 4319 4305
f 7963 7950 4245
f 5271 7953 5310
f 4198 4265 4144
f 4185 7970 5998
f 7965 4263 4339
f 1719 7231 4154
f 4289 4206 5271
f 5290 4232 7963
f 4234 5286 7968
f 4234 4196 5286
f 4246 5291 5296
f 5310 4232 4321
f 5280 7232 5291
f 5286 4180 4247
f 1748 1749 1776
f 6110 6127 8677
f 1639 4323 1763
f 1763 4294 4212
f 7214 7200 7229
f 4270 4298 7219
f 8680 8665 8654
f 4244 4219 4285
f 4246 5296 4205
f 4289 5271 4288
f 5280 7233 7232
f 7166 7181 1885
f 1579 4234 5306
f 4144 4291 4123
f 4183 6196 4184
f 4326 4228 1837
f 4270 5281 2007
f 5281 4280 4279
f 4259 4242 4299
f 7237 5288 1938
f 7220 5270 5302
f 7243 4302 7216
f 7216 4303 4337
f 4285 4219 4338
f 7962 4339 4287
f 4194 7187 4286
f 7158 4275 7187
f 7963 4245 4306
f 7967 7963 4306
f 4205 5296 4320
f 5291 4307 5296
f 5291 5300 4307
f 5271 5310 4288
f 7233 7244 7232
f 5292 1698 6142
f 5292 5312 1748
f 4292 7970 4225
f 8686 4292 4225
f 4225 7970 4185
f 4310 4311 4199
f 5288 1736 5301
f 8690 8705 8727
f 7216 4302 4350
f 4284 7206 4317
f 7966 4287 4318
f 5290 7967 7973
f 4305 4319 4351
f 5296 5300 4378
f 4320 5296 4378
f 4321 5290 5299
f 4247 4308 4289
f 7181 5305 1885
f 1758 5293 5294
f 5292 6142 5312
f 8696 8695 8684
f 1754 1781 5293
f 8676 8709 7969
f 8676 7969 8675
f 4090 4440 4248
f 4224 4322 6163
f 6169 8716 8717
f 1905 1879 6173
f 4339 1860 4338
f 4284 4317 4373
f 4287 4339 4444
f 7966 4318 4376
f 5291 7268 5300
f 7232 5311 5291
f 7969 7974 8673
f 6069 4309 4198
f 4198 6164 4265
f 8726 8735 8725
f 6172 7261 1878
f 6186 1903 4331
f 1825 1904 1903
f 7216 4350 4369
f 7187 4375 4286
f 5299 5290 7973
f 7233 1911 7244
f 7233 1885 1911
f 8731 8770 8696
f 7974 8731 8673
f 5293 1781 5316
f 5294 5329 6132
f 6113 6163 6112
f 4309 4422 4198
f 4265 4291 4144
f 4198 4422 4290
f 8645 8722 4249
f 5281 4279 2007
f 8749 1926 8727
f 1902 1947 7261
f 6205 8738 8729
f 1878 4356 6186
f 1879 1905 4357
f 4348 4335 4358
f 4304 4286 4375
f 7187 4275 4375
f 4320 1954 1719
f 1885 1912 7271
f 5308 1931 5307
f 8770 8695 8696
f 1781 6177 6191
f 1781 6191 5316
f 8742 8755 8711
f 8743 8742 8711
f 6112 8744 6136
f 4362 5998 7970
f 4184 4363 4293
f 4342 1890 1891
f 4280 4384 1865
f 4280 1919 4366
f 1815 2007 4344
f 6205 5318 8738
f 6205 4357 5318
f 6190 1979 4335
f 4349 4348 4367
f 4219 4401 4338
f 7216 4359 7224
f 4304 4375 4374
f 4351 4319 4376
f 4306 4351 4352
f 4306 4361 4351
f 5310 5299 4288
f 7231 7288 4360
f 7244 1911 7271
f 1861 5322 6221
f 5316 4379 5293
f 8732 8721 7969
f 8709 8771 7282
f 8744 8756 8743
f 6163 6239 8766
f 8722 4381 4181
f 4181 4381 8712
f 4123 2027 4183
f 4183 2027 6196
f 4311 6294 8686
f 4293 6229 4310
f 1587 4365 4299
f 7258 1938 4385
f 8749 6231 1926
f 1976 1998 6235
f 1947 1977 7261
f 6206 8797 4388
f 4367 4348 4391
f 4348 4392 4391
f 4348 4398 4392
f 4274 4373 4372
f 4373 7280 4403
f 7231 1954 2002
f 5299 7973 4418
f 1954 4378 2002
f 5322 6236 6221
f 7268 5311 4378
f 5286 5303 7975
f 8790 7272 8730
f 8753 8791 8695
f 6132 6245 6210
f 8742 8772 8755
f 4292 4397 7970
f 4344 2007 4410
f 2012 1938 7269
f 1994 8776 8762
f 7270 4412 1948
f 4387 1948 2000
f 1859 4336 4425
f 4287 4444 4454
f 4318 4287 4454
f 4373 4304 7280
f 4275 4360 7288
f 7231 2002 7288
f 2002 4378 5324
f 4378 5311 4395
f 5313 8752 8695
f 1781 6221 6177
f 6178 6210 1834
f 7274 7974 8721
f 7282 8721 8732
f 5329 6245 6132
f 4380 4440 6195
f 8712 4381 4224
f 4291 4265 4407
f 7970 4408 8825
f 4362 8745 5998
f 8686 6294 4292
f 4397 4408 7970
f 7270 6251 4412
f 4412 6251 1948
f 2000 1948 4413
f 2000 4413 4387
f 4348 4399 4398
f 4336 4414 4425
f 4338 4401 4416
f 4337 4463 4371
f 4304 4374 4417
f 4375 4275 4436
f 4275 7288 5328
f 4351 4376 4437
f 4376 4404 4437
f 4289 4288 4405
f 5311 7244 5334
f 5325 7271 7296
f 5316 6227 4379
f 8778 8770 7974
f 8810 7274 8721
f 8794 8793 8755
f 8756 4420 8743
f 6195 4422 4396
f 8825 4362 7970
f 6276 4363 6196
f 7287 5332 7273
f 7267 4369 4370
f 4404 4318 4464
f 4374 4436 4417
f 4275 5328 4436
f 4377 4351 4437
f 5324 4395 7299
f 7975 4289 4431
f 6236 6273 6221
f 8770 8800 8753
f 1834 6238 2026
f 8756 6266 4420
f 6195 4440 4432
f 4421 4422 6195
f 6164 4290 4265
f 4265 4290 6306
f 8745 8868 8722
f 7287 6250 8807
f 4386 7976 5326
f 7273 5336 7270
f 6262 1978 8797
f 4400 7254 2177
f 4372 4403 7280
f 4318 4454 4464
f 4429 4377 4455
f 2091 2002 5333
f 4288 4418 4456
f 7281 5325 7296
f 6236 5312 6263
f 8764 8821 8779
f 8743 8802 8765
f 6239 8803 8766
f 4432 4447 6195
f 4381 4423 8812
f 4422 6267 4290
f 2042 2202 6277
f 8806 7297 2108
f 4438 4377 4437
f 4395 5334 7299
f 5334 7281 5338
f 7281 7296 5338
f 6236 6263 6273
f 8820 8800 8770
f 4406 6264 6222
f 8782 8823 6239
f 6195 4447 4421
f 4422 4421 6275
f 4423 8722 8812
f 8783 8824 8722
f 8722 8824 8813
f 8868 8783 8722
f 6196 4457 6276
f 6258 2276 8806
f 6258 2140 2276
f 2140 6284 5340
f 7976 2174 6284
f 7267 4370 7303
f 6222 6264 6265
f 8781 8803 6266
f 6239 7979 8803
f 4407 4457 6196
f 6283 6281 8835
f 8834 6283 8835
f 2148 4460 4449
f 4442 7267 4452
f 4464 4454 4485
f 4417 2247 7305
f 4437 4428 4465
f 7299 5338 7325
f 7299 5334 5338
f 6273 2183 6244
f 4379 6289 5329
f 8802 6266 8794
f 8823 7979 6239
f 8722 8813 8812
f 4292 6336 4408
f 6313 2138 8835
f 6300 6282 6394
f 6302 2145 7315
f 4463 7331 7320
f 4428 4435 4502
f 4456 4455 7978
f 5324 7299 7325
f 5338 7307 7325
f 8863 7338 8838
f 8794 8841 8866
f 4422 2219 6267
f 4422 6275 6318
f 6406 6352 6294
f 2170 2169 2209
f 8835 2170 2209
f 7309 6300 6394
f 6394 6282 2274
f 6282 2139 2274
f 8807 8835 4481
f 7303 4370 4508
f 5324 7323 5333
f 8851 8849 8821
f 8880 7980 8821
f 8840 8880 8822
f 8824 8867 8812
f 8812 8867 8854
f 6306 6335 6386
f 2207 7309 2345
f 2209 2207 2345
f 4493 8835 8860
f 4481 8835 4494
f 2176 2216 2148
f 4519 4485 4500
f 6290 6305 6348
f 8854 8823 8812
f 8812 8823 8782
f 4504 7309 6394
f 4493 8860 7982
f 8835 7982 4494
f 7330 4452 7335
f 4464 4485 4510
f 4475 2347 7294
f 7323 5324 7337
f 6348 6365 6410
f 7309 4504 2345
f 4504 6394 2345
f 7335 4452 7345
f 4499 4498 4500
f 4510 4485 4527
f 4522 2247 7340
f 2347 2178 2348
f 6274 6379 6380
f 6305 6380 6364
f 8854 8875 8823
f 8867 6401 8854
f 7340 7357 4522
f 8865 8886 8881
f 8866 8886 8865
f 8888 8897 8874
f 4498 2388 4500
f 4498 2433 2388
f 7320 4518 4536
f 2372 2347 7341
f 8895 8905 8866
f 8874 8896 8905
f 8874 6428 8896
f 4529 4510 4528
f 8910 8900 8885
f 8911 8901 8880
f 4522 7357 7356
f 7357 7351 4537
f 7341 2348 2391
f 4498 2387 4573
f 7356 7357 7360
f 2372 7341 7373
f 7341 2391 2398
f 6434 8918 8904
f 6428 6447 8912
f 8913 6447 6418
f 7373 7341 2406
f 2406 2391 7368
f 4536 7359 2410
f 8917 6486 8910
f 8925 8919 6447
f 6449 8920 8913
f 4541 2432 4573
f 2411 4535 2473
f 7373 2406 2423
f 8925 8930 8919
f 4557 7383 2448
f 4562 7377 2437
f 6501 8929 6445
f 6480 6474 8925
f 2448 2410 2449
f 4559 4560 2434
f 4549 2433 4582
f 8948 6479 6501
f 8963 6581 2558
f 2756 8985 8975
f 2647 6619 6609
f 6635 6641 6633
f 6633 2828 6637
f 6647 2828 6633
f 2817 2818 2830
f 2818 4620 2830
f 2821 4623 4626
f 2764 2821 2823
f 2825 2822 2823
f 2806 2832 2833
f 2806 2833 6650
f 7458 2817 4621
f 2796 2816 4624
f 2816 4621 4624
f 2816 4619 4621
f 4619 7458 4621
f 2817 4625 4621
f 2817 2830 4625
f 2830 4622 4625
f 2801 2819 2835
f 2830 4620 4622
f 4623 2801 2835
f 4620 2831 2839
f 6651 2810 6652
f 2831 9002 2837
f 9003 7459 9002
f 6637 6656 9004
f 2828 6656 6637
f 2829 2796 4624
f 2834 2819 2829
f 6655 7461 6654
f 2835 2819 2834
f 4623 2835 4630
f 7459 2840 9002
f 2828 2843 6656
f 2828 7461 2843
f 4628 4624 2853
f 2834 2829 4627
f 2829 2841 4627
f 2829 4628 2841
f 2829 4624 4628
f 4624 4621 2853
f 2835 4627 2844
f 2835 2834 4627
f 4621 7460 2853
f 7460 4629 2853
f 2833 5356 6657
f 5355 2833 6657
f 6656 6662 9004
f 6652 5357 6657
f 6655 9005 7461
f 6655 4632 9005
f 4627 2841 2844
f 2841 4628 2844
f 2835 2844 4638
f 6652 6665 6653
f 2842 5359 2846
f 2842 2846 6658
f 2843 6662 6656
f 7461 6662 2843
f 6657 6665 6652
f 4630 2835 4634
f 2856 2846 4634
f 2844 4639 4638
f 6660 2855 2853
f 6660 2853 5358
f 6658 2856 6659
f 4629 4635 6660
f 9005 4632 7461
f 6661 4635 4629
f 6655 6653 6665
f 6655 6665 4631
f 4631 4637 6655
f 6655 4637 4632
f 4634 2835 4638
f 6661 2844 9006
f 2844 2853 2845
f 2853 2855 2845
f 2845 9006 2844
f 6659 2856 4634
f 4638 4639 4640
f 4635 9006 6660
f 6659 4634 2857
f 2857 4634 4640
f 6661 6664 4635
f 6663 6661 6662
f 2854 2857 2847
f 2854 2847 6663
f 2854 2858 4636
f 2854 6663 2858
f 6663 6662 2858
f 4631 6665 4637
f 4632 2858 7461
f 4637 6665 4632
f 4641 5362 4
f 3 6667 4
f 6667 4641 4
f 4 5362 4642
f 6667 5362 4641
f 6667 4647 5362
f 4 4642 1
f 4647 6666 5362
f 6666 2 5362
f 2 4642 5362
f 2 6666 4642
f 7985 3 5363
f 5363 3 4
f 7985 6667 3
f 4647 2860 6666
f 7985 5 4643
f 4 1 4644
f 1 4642 4644
f 6666 2859 4642
f 2860 2859 6666
f 4642 2859 4644
f 5 7985 5363
f 6668 7985 4643
f 4 4644 6
f 5363 4 6
f 7990 6668 4643
f 7990 4643 5
f 4646 4647 6667
f 4649 6667 7985
f 5364 7990 53
f 6669 6668 7990
f 5 6 53
f 6670 4649 7985
f 7986 8 10
f 7990 5 53
f 6668 6670 7985
f 5366 10 5367
f 7987 24 5369
f 5367 11 9
f 11 5367 8
f 26 15 7987
f 5367 10 8
f 24 12 10
f 24 10 5366
f 24 7986 12
f 7987 7986 24
f 12 7986 10
f 9 16 28
f 26 13 15
f 7987 14 7986
f 11 8 7
f 11 7 18
f 7987 17 14
f 14 17 7986
f 15 17 7987
f 11 18 9
f 7986 17 20
f 8 18 7
f 20 8 7986
f 8 19 18
f 8 37 19
f 13 6671 2862
f 13 17 15
f 20 23 8
f 18 7462 9
f 8 23 37
f 7462 16 9
f 13 21 17
f 13 2862 21
f 20 17 23
f 21 2862 17
f 19 37 18
f 18 22 7462
f 17 2862 40
f 17 40 23
f 37 22 18
f 4648 7990 5364
f 5373 26 7989
f 5366 5367 5368
f 7989 26 27
f 7989 27 5369
f 5369 24 7992
f 5377 26 5373
f 27 26 7987
f 27 7987 5369
f 5367 9 45
f 25 45 9
f 25 9 29
f 9 28 29
f 5377 46 26
f 7994 31 46
f 46 13 26
f 28 32 73
f 46 31 13
f 31 6671 13
f 28 16 33
f 28 33 32
f 32 33 30
f 16 35 33
f 16 34 35
f 31 6672 6671
f 6671 6672 36
f 6671 36 2862
f 16 7462 34
f 7462 22 34
f 37 38 22
f 2862 36 39
f 2862 51 52
f 2862 52 40
f 23 42 37
f 22 38 43
f 40 42 23
f 37 42 38
f 22 43 65
f 4648 5364 7995
f 40 41 42
f 7991 4645 7988
f 5365 2861 2860
f 7995 7990 4648
f 4647 4646 5365
f 5374 5367 5371
f 7992 24 5382
f 5382 24 5366
f 5366 5368 5374
f 5381 5369 7992
f 5374 5368 5367
f 5370 5369 72
f 72 5369 5381
f 5371 5367 44
f 5371 45 5375
f 5370 7989 5369
f 5367 45 44
f 44 45 5371
f 45 25 5375
f 5370 5373 7989
f 5373 5372 5377
f 25 29 5376
f 5377 5378 46
f 29 28 73
f 7993 46 5378
f 7993 7994 46
f 73 32 30
f 73 30 54
f 7994 6673 31
f 6673 6672 31
f 6673 56 6672
f 59 6672 56
f 59 63 6672
f 33 35 61
f 33 61 30
f 6672 50 36
f 6672 48 50
f 22 65 34
f 35 34 49
f 35 49 47
f 34 65 49
f 2862 39 51
f 50 39 36
f 40 66 41
f 52 66 40
f 38 80 43
f 41 66 42
f 38 42 80
f 7995 5364 53
f 7995 53 4650
f 5380 7995 4650
f 7996 6670 6669
f 6670 6668 6669
f 2861 7991 7988
f 5389 5382 5366
f 5381 7992 5382
f 72 5381 5384
f 5374 5371 5385
f 7997 5373 5386
f 5386 5373 5370
f 5375 25 5376
f 7997 5378 5377
f 7997 5377 5372
f 7997 5372 5373
f 5379 5378 7997
f 5379 7993 5378
f 7998 7994 5379
f 5379 7994 7993
f 7998 7999 7994
f 7999 6673 7994
f 7999 56 6673
f 54 57 55
f 6674 56 7999
f 54 30 57
f 58 59 56
f 30 61 57
f 58 60 59
f 60 63 59
f 35 77 61
f 35 47 62
f 63 6678 6672
f 6678 64 6672
f 6672 64 48
f 43 68 65
f 49 65 47
f 48 64 50
f 81 93 65
f 65 68 81
f 50 79 39
f 39 69 51
f 67 70 42
f 5380 4650 82
f 66 67 42
f 4646 71 5365
f 42 70 80
f 7996 6669 7990
f 8007 5381 5382
f 5383 5389 5366
f 5383 5366 5374
f 5383 5374 5385
f 5392 5370 72
f 5371 5375 5397
f 5375 5376 29
f 5375 29 84
f 8003 7997 5386
f 84 29 85
f 5387 5379 7997
f 29 73 85
f 5387 8000 5379
f 85 73 130
f 130 73 54
f 130 54 55
f 8000 7998 5379
f 8000 7999 7998
f 8000 6674 7999
f 8000 86 6674
f 5395 55 5388
f 86 6675 56
f 86 56 6674
f 55 57 5388
f 5388 75 74
f 6675 6676 56
f 57 75 5388
f 6676 58 56
f 75 57 89
f 6676 88 58
f 57 61 89
f 58 6677 60
f 60 6677 63
f 77 7463 61
f 62 140 35
f 35 140 77
f 64 6680 50
f 50 6680 78
f 39 79 69
f 50 78 79
f 51 69 52
f 80 68 43
f 70 110 80
f 52 69 97
f 52 97 66
f 5380 82 8001
f 8002 7990 7995
f 8002 7995 5380
f 6 83 4653
f 71 2861 5365
f 71 7991 2861
f 4652 5389 5383
f 5384 5381 8007
f 5390 5393 5385
f 8007 5382 5389
f 5393 5383 5385
f 5390 5385 5394
f 5391 72 5384
f 5391 5392 72
f 5392 5386 5370
f 5385 5371 112
f 5392 8003 5386
f 5397 5375 84
f 8004 7997 113
f 8003 113 7997
f 8004 5387 7997
f 8004 8006 8000
f 8004 8000 5387
f 8006 8009 8000
f 130 55 5395
f 8009 8010 8000
f 99 8000 6681
f 8010 6681 8000
f 99 86 8000
f 5395 5388 131
f 114 5388 100
f 101 6675 86
f 101 87 6675
f 5388 74 100
f 87 6676 6675
f 6676 87 88
f 104 88 87
f 61 76 90
f 61 90 89
f 88 106 58
f 61 7463 76
f 58 6683 6677
f 6677 91 63
f 63 91 6678
f 6678 6679 64
f 6678 91 125
f 93 94 65
f 65 94 47
f 64 6679 6680
f 47 94 62
f 62 94 92
f 125 6679 6678
f 80 109 68
f 68 109 81
f 96 97 69
f 97 98 66
f 66 98 67
f 4651 53 4653
f 8001 82 4663
f 4650 4651 4655
f 4651 4653 4655
f 5396 5383 5401
f 5396 4652 5383
f 5401 5383 5393
f 8007 5389 5396
f 5396 5389 4652
f 5393 5390 5394
f 5403 8012 5392
f 5394 5385 112
f 5403 5392 5391
f 8005 5392 8012
f 5397 84 5406
f 5404 113 8003
f 5404 8003 8005
f 8005 8003 5392
f 84 85 5406
f 6681 6689 86
f 6681 86 99
f 131 5388 114
f 6689 6682 86
f 6682 101 86
f 115 87 101
f 115 102 87
f 100 74 132
f 74 103 118
f 87 102 104
f 75 103 74
f 75 89 103
f 89 105 103
f 104 106 88
f 89 90 105
f 58 106 6683
f 62 92 140
f 6680 79 78
f 69 79 96
f 80 110 108
f 67 110 70
f 80 108 109
f 8002 7996 111
f 8002 111 7990
f 4656 7991 71
f 5402 8007 5396
f 186 5394 112
f 5405 5391 5384
f 112 5371 5397
f 5404 8005 8012
f 8008 113 5404
f 8008 8004 113
f 5406 85 130
f 8008 8006 8004
f 8017 8009 8006
f 130 5395 131
f 131 114 163
f 114 100 132
f 6685 101 6682
f 6689 6685 6682
f 6685 115 101
f 6685 134 115
f 117 132 116
f 132 74 116
f 74 118 169
f 134 102 115
f 74 117 116
f 74 169 117
f 134 119 102
f 134 6684 119
f 102 119 104
f 119 6684 104
f 6684 6686 104
f 103 105 7464
f 90 7464 105
f 104 6688 106
f 7463 7465 76
f 76 7465 90
f 6688 120 106
f 77 121 7463
f 120 6683 106
f 7463 121 7465
f 6683 122 6677
f 6677 122 91
f 77 140 121
f 92 94 140
f 81 124 93
f 93 124 94
f 91 123 125
f 6679 107 6680
f 6680 107 156
f 6680 156 79
f 109 95 81
f 79 156 126
f 79 126 96
f 97 128 98
f 109 108 144
f 126 97 96
f 97 127 145
f 7467 5380 4654
f 4663 4650 4657
f 8011 83 4645
f 8011 4653 83
f 5410 4645 5399
f 5400 5396 5423
f 5423 5396 5401
f 5405 8007 5402
f 5401 5393 5394
f 5400 5402 5396
f 5403 5391 5405
f 5405 5384 8007
f 5407 5404 8012
f 5419 5397 5406
f 8027 8013 5404
f 8013 8008 5404
f 129 130 175
f 129 5406 130
f 8014 8017 8006
f 8014 8006 8008
f 8015 8009 8017
f 8015 8010 8009
f 8015 6681 8010
f 6689 6681 8018
f 131 163 162
f 163 114 132
f 163 132 147
f 133 135 134
f 133 134 6685
f 132 117 147
f 135 136 134
f 136 6686 134
f 6686 6684 134
f 103 7464 137
f 103 137 118
f 6686 6687 104
f 104 6687 6688
f 7464 90 7466
f 7465 138 90
f 121 139 7465
f 122 123 91
f 140 139 121
f 94 141 140
f 124 153 94
f 94 153 142
f 125 143 6679
f 6679 143 107
f 81 95 124
f 97 145 128
f 128 159 98
f 67 157 110
f 110 144 108
f 161 5410 5399
f 4649 4656 71
f 161 5399 4656
f 5418 5402 5400
f 5424 5423 5401
f 202 5401 5394
f 5421 5405 5402
f 174 8012 5403
f 202 5394 186
f 174 5403 5405
f 5412 5397 5419
f 112 5397 5412
f 5413 5407 8012
f 8027 5404 5407
f 5415 8008 8013
f 5415 8013 8027
f 5406 129 175
f 5415 8014 8008
f 175 131 146
f 5415 8020 8014
f 175 130 131
f 8020 8017 8014
f 146 131 187
f 8025 8022 8017
f 8022 8015 8017
f 187 131 162
f 8022 6681 8015
f 8022 6689 8018
f 6691 6685 6689
f 6692 6685 8019
f 8019 6685 6691
f 6692 133 6685
f 6692 165 135
f 6692 135 133
f 147 117 166
f 135 6686 136
f 135 6690 6686
f 6690 148 6686
f 118 137 149
f 6686 148 6687
f 7464 7466 137
f 6687 150 6688
f 6688 150 120
f 120 122 6683
f 140 152 139
f 141 151 140
f 140 151 152
f 94 142 141
f 107 143 156
f 221 158 126
f 95 154 124
f 126 156 221
f 126 158 97
f 67 98 157
f 110 157 144
f 8021 8016 4660
f 8021 7467 8016
f 98 159 157
f 5398 4656 4649
f 4660 8016 160
f 2863 8001 4663
f 6670 5398 4649
f 6670 5409 5398
f 4656 5398 161
f 5398 5410 161
f 5421 174 5405
f 5418 5421 5402
f 5424 5401 202
f 5413 8012 174
f 8031 5414 5407
f 5414 8027 5407
f 5419 5406 175
f 203 5415 8027
f 187 175 146
f 188 8020 5415
f 8020 8025 8017
f 8018 6681 8022
f 6691 6689 8022
f 163 147 5408
f 147 164 206
f 147 166 164
f 6695 165 6692
f 176 168 117
f 135 167 6690
f 117 169 176
f 6690 167 148
f 137 7466 149
f 90 211 7466
f 138 211 90
f 138 7465 211
f 6687 6693 150
f 150 2864 120
f 139 152 7465
f 2864 171 120
f 120 171 122
f 123 180 125
f 151 141 152
f 122 171 123
f 125 172 143
f 143 173 156
f 144 95 109
f 158 127 97
f 128 145 159
f 4668 4658 8021
f 157 183 144
f 127 250 145
f 8011 4645 5410
f 4658 4668 7467
f 8016 7467 160
f 2863 4663 2866
f 8026 8011 8038
f 5418 5400 185
f 5423 185 5400
f 5411 174 5421
f 5445 186 112
f 5445 112 5425
f 5425 112 5412
f 8031 5407 5413
f 244 5419 175
f 8024 5415 203
f 8024 188 5415
f 8028 8020 188
f 8028 8025 8020
f 5420 6691 8022
f 6698 8019 6691
f 6694 8019 6698
f 6702 6692 6694
f 6694 6692 8019
f 6702 6695 6692
f 6695 135 165
f 6695 190 135
f 166 117 164
f 190 191 135
f 135 191 167
f 118 192 169
f 118 149 192
f 167 191 148
f 7466 177 149
f 148 191 6696
f 148 6696 193
f 148 193 6687
f 170 178 7465
f 7465 178 211
f 152 170 7465
f 123 171 180
f 125 180 172
f 124 181 153
f 154 181 124
f 156 155 221
f 158 250 127
f 157 182 183
f 144 183 95
f 6697 4661 7467
f 145 280 159
f 159 182 157
f 2874 8021 5416
f 5416 4660 2865
f 4668 6697 7467
f 5418 185 5438
f 7467 184 160
f 8023 8002 5380
f 8038 8011 5410
f 8038 5410 5398
f 5417 5431 5421
f 5417 5421 5418
f 5438 185 5423
f 235 174 5433
f 174 5411 5433
f 5433 5411 5421
f 5445 202 186
f 235 5413 174
f 8031 8027 5414
f 236 203 8027
f 5427 8024 203
f 175 187 204
f 8024 8028 188
f 5430 187 224
f 224 187 162
f 8039 8022 8025
f 8039 6700 8022
f 6700 5420 8022
f 162 163 224
f 6701 6691 5420
f 163 5408 205
f 6701 6698 6691
f 5408 147 205
f 205 147 206
f 8034 6702 6694
f 6698 8034 6694
f 6699 6695 6702
f 4662 206 164
f 6699 6703 6695
f 164 117 189
f 190 2867 191
f 169 192 176
f 177 192 149
f 6687 193 6693
f 7466 210 177
f 211 210 7466
f 6693 193 150
f 150 212 2864
f 179 171 2864
f 142 194 141
f 141 194 152
f 171 195 180
f 153 181 142
f 172 219 143
f 143 219 6710
f 143 6710 260
f 143 260 173
f 154 196 181
f 183 182 197
f 95 183 220
f 250 198 145
f 145 198 280
f 4660 199 200
f 199 160 200
f 4661 201 7467
f 201 8036 7467
f 5438 5431 5418
f 5432 5424 202
f 5431 5417 5418
f 5426 5413 5447
f 5425 5412 5419
f 5426 8031 5413
f 5419 244 5436
f 8042 8027 8031
f 8046 5427 203
f 8046 203 236
f 244 175 204
f 8028 8024 5427
f 204 187 5430
f 8032 8039 8025
f 8029 8025 8028
f 8029 8032 8025
f 8030 5420 6700
f 224 163 205
f 224 205 237
f 8030 6701 5420
f 6701 8034 6698
f 6711 6703 6699
f 6702 6711 6699
f 6703 6704 190
f 6703 190 6695
f 6704 2867 190
f 117 168 7468
f 189 7468 164
f 189 117 7468
f 168 176 7468
f 226 191 2867
f 6705 209 191
f 191 209 6696
f 192 177 7470
f 170 213 178
f 193 212 150
f 194 231 152
f 2864 212 179
f 152 214 170
f 179 212 215
f 142 231 194
f 152 216 214
f 179 215 171
f 181 218 142
f 142 218 217
f 152 231 216
f 142 217 231
f 180 219 172
f 155 6706 221
f 95 220 154
f 181 196 234
f 156 173 155
f 158 222 250
f 182 159 223
f 182 223 197
f 2865 4660 200
f 2865 200 4664
f 4659 5398 5409
f 4659 5422 5398
f 5422 8038 5398
f 5428 5431 5438
f 5433 5421 5431
f 5439 235 5433
f 5432 202 5435
f 5445 5435 202
f 5461 5447 5413
f 5461 5413 235
f 5448 5419 5436
f 5426 5447 8031
f 5448 5425 5419
f 8042 236 8027
f 5427 8032 8028
f 8043 5427 8046
f 8032 8029 8028
f 5440 5430 224
f 8041 6701 8030
f 8039 8030 6700
f 8041 8030 8039
f 8041 8034 6701
f 8035 6702 8034
f 206 4662 205
f 8035 6711 6702
f 6711 6715 6703
f 6708 2867 6704
f 4662 225 207
f 6715 6708 6703
f 4662 164 225
f 164 238 225
f 6708 6704 6703
f 164 7468 238
f 2867 6709 226
f 7468 176 240
f 226 208 191
f 176 7473 240
f 176 192 7473
f 208 6707 6705
f 208 6705 191
f 210 228 7469
f 177 227 7470
f 210 227 177
f 211 228 210
f 213 2870 178
f 178 2870 7471
f 214 230 170
f 178 7471 211
f 193 229 212
f 170 230 213
f 216 2868 214
f 214 2868 230
f 181 234 218
f 231 2871 216
f 216 2871 2868
f 171 215 195
f 180 233 219
f 232 233 195
f 195 233 180
f 260 155 173
f 158 6706 222
f 221 6706 158
f 280 2873 159
f 5442 5438 5423
f 5429 5423 5424
f 5429 5424 5432
f 5428 5438 5460
f 5442 5423 5475
f 5475 5423 5429
f 5444 5432 5435
f 5434 5433 5431
f 5439 5461 235
f 244 204 265
f 8046 236 8042
f 5436 244 243
f 265 204 5430
f 8044 5450 5427
f 8044 5427 8043
f 5450 8032 5427
f 8040 8041 8039
f 8040 8034 8041
f 8040 6721 8034
f 6721 8035 8034
f 205 4662 4666
f 4662 207 4666
f 6712 6715 6711
f 207 225 238
f 6708 239 2867
f 239 6709 2867
f 226 6709 208
f 208 247 6707
f 7471 256 211
f 211 256 228
f 209 6714 6696
f 6696 229 193
f 212 241 215
f 233 232 219
f 155 278 6706
f 154 220 196
f 260 278 155
f 183 197 220
f 280 263 2873
f 4671 6697 4668
f 5464 8026 8038
f 5464 8038 5422
f 8048 5434 5431
f 5431 5428 5460
f 5475 5429 5432
f 5468 5445 5425
f 5455 8031 5447
f 8042 8031 5455
f 5448 5436 5471
f 243 244 281
f 281 5436 243
f 5449 8046 8042
f 265 5430 266
f 8047 8033 8032
f 8047 8032 5450
f 8045 8039 8032
f 8045 8032 8033
f 8045 8040 8039
f 252 224 237
f 267 237 245
f 237 205 245
f 6721 6722 8035
f 205 4666 245
f 207 238 253
f 7468 240 246
f 6715 239 6708
f 7468 246 238
f 6709 247 208
f 6709 6717 6707
f 6709 6707 247
f 7470 7473 192
f 7470 7472 7473
f 227 7472 7470
f 210 7469 227
f 6705 6707 209
f 213 230 2870
f 215 242 195
f 217 2871 231
f 258 248 219
f 195 258 232
f 2869 218 234
f 217 218 2871
f 232 258 219
f 219 248 6710
f 220 259 196
f 250 280 198
f 278 249 6706
f 223 251 197
f 4671 4661 6697
f 4671 8036 4661
f 200 160 264
f 4659 5464 5422
f 8048 5433 5434
f 5441 8048 5431
f 5441 5431 5460
f 5443 5466 5432
f 5452 5438 5442
f 5453 5461 5439
f 5466 5475 5432
f 5444 5443 5432
f 5444 5435 5445
f 5444 5445 5480
f 5446 5468 5425
f 5447 5456 5455
f 5446 5425 5448
f 8049 8042 5455
f 5471 5436 281
f 8054 5449 8042
f 8054 8042 8049
f 5450 8044 8043
f 5458 8050 8033
f 5458 8033 8047
f 5463 5430 5440
f 8051 6728 8033
f 8050 8051 8033
f 8057 8040 8045
f 6728 8045 8033
f 5440 224 5459
f 5459 224 252
f 6728 8057 8045
f 293 252 237
f 8052 6721 8040
f 6718 6733 8035
f 6718 8035 6722
f 6733 6711 8035
f 6733 6723 6711
f 6723 6712 6711
f 6723 6715 6712
f 6713 6709 239
f 6716 239 6715
f 6709 6730 6717
f 6717 255 6707
f 255 271 6707
f 6707 274 6714
f 6707 6714 209
f 228 256 7469
f 2868 7474 230
f 2871 257 2868
f 242 258 195
f 218 2869 2871
f 196 259 234
f 251 261 197
f 197 261 262
f 197 262 220
f 4665 5437 4659
f 159 2873 223
f 223 2873 251
f 200 264 4664
f 5452 5460 5438
f 8048 5439 5433
f 5469 5456 5447
f 8043 8046 5449
f 266 5430 5463
f 282 281 265
f 265 281 244
f 265 266 292
f 8062 8047 5450
f 293 237 267
f 245 4666 294
f 4666 268 294
f 6723 6719 6715
f 4666 207 268
f 207 253 268
f 246 240 238
f 6719 6716 6715
f 6716 6719 239
f 7473 2875 240
f 240 270 254
f 6713 6730 6709
f 240 2875 270
f 7475 2875 7473
f 227 275 273
f 6714 286 6696
f 7472 272 7473
f 271 274 6707
f 227 273 7472
f 7472 273 272
f 7471 2870 256
f 6714 274 286
f 6696 286 229
f 230 7474 2870
f 241 276 215
f 2868 257 7474
f 242 6720 258
f 258 287 248
f 259 2869 234
f 262 2881 259
f 5477 264 8037
f 4665 5451 5437
f 5437 5464 4659
f 5460 8048 5441
f 5475 5452 5442
f 5466 5443 5444
f 5466 5444 5490
f 5467 5461 5453
f 5453 5439 8048
f 5468 5480 5445
f 5454 5469 5447
f 5454 5447 5461
f 5446 5448 5471
f 5471 281 5462
f 282 265 292
f 5457 5450 8043
f 8055 8043 5449
f 8065 8043 8055
f 8060 5457 8043
f 8060 8043 8065
f 8060 8062 5450
f 8060 5450 5457
f 292 266 5463
f 5458 8047 8062
f 5463 5440 323
f 5459 252 293
f 8057 8052 8040
f 325 267 245
f 6733 6718 6722
f 6724 6719 6723
f 253 238 283
f 253 283 269
f 6719 6745 239
f 240 254 238
f 6725 285 6730
f 7473 7478 7475
f 272 7479 7473
f 227 2878 275
f 275 2878 273
f 212 276 241
f 227 7469 2878
f 276 6731 215
f 6731 242 215
f 6727 330 258
f 259 2877 2869
f 277 2886 2871
f 6726 258 6720
f 278 288 249
f 251 2873 289
f 251 289 261
f 260 308 288
f 260 288 278
f 222 290 250
f 249 288 6706
f 290 291 250
f 250 291 280
f 280 291 263
f 2873 263 301
f 2865 4664 8064
f 8058 8037 5464
f 8058 5477 8037
f 5491 8048 5460
f 5465 5475 5466
f 5490 5444 5480
f 5491 5453 8048
f 5469 5455 5456
f 5468 5446 5471
f 8049 5455 5469
f 8054 8049 5486
f 292 281 282
f 8055 5449 8054
f 5462 281 292
f 323 5440 5459
f 324 5459 5473
f 5473 5459 302
f 8056 8050 5458
f 8056 8051 8050
f 8056 6728 8051
f 5459 293 325
f 8057 6721 8052
f 293 267 325
f 325 245 294
f 268 296 295
f 6723 6739 6724
f 268 295 294
f 6745 6729 239
f 268 253 296
f 253 269 296
f 238 284 283
f 285 6717 6730
f 6729 4669 239
f 239 6730 6713
f 2875 297 270
f 7475 297 2875
f 274 6740 286
f 7473 7479 7478
f 256 2876 7481
f 276 2879 6731
f 298 6720 242
f 229 306 212
f 256 7474 2876
f 306 313 212
f 212 313 276
f 6731 298 242
f 2871 2886 2885
f 248 308 260
f 258 6726 6727
f 2871 2869 299
f 2881 2887 259
f 259 2887 2877
f 248 287 308
f 279 2882 6706
f 6706 2882 222
f 288 300 6706
f 6706 300 279
f 5451 5464 5437
f 5491 5460 5474
f 5474 5460 5452
f 2873 2883 289
f 5467 5453 5491
f 5484 5480 5468
f 5476 5454 5461
f 5476 5461 5467
f 5470 5468 5471
f 5486 8049 8053
f 8053 8049 5469
f 5462 292 5472
f 5472 5471 5462
f 8062 8056 5458
f 323 5459 324
f 6750 6732 6728
f 6732 8057 6728
f 5459 325 302
f 6742 6723 6733
f 6742 6739 6723
f 6739 6736 6724
f 6736 6719 6724
f 238 254 4675
f 269 303 296
f 6758 6744 6719
f 6744 6745 6719
f 6725 6734 6717
f 4669 6730 239
f 270 4670 254
f 285 6725 6717
f 6717 6734 6735
f 7478 7484 7475
f 7481 305 256
f 271 304 274
f 7469 7480 2878
f 298 329 6720
f 286 306 229
f 2876 2903 7481
f 257 2903 7474
f 7474 2903 2876
f 7476 307 257
f 7476 2885 2886
f 6720 6738 6726
f 2871 299 2880
f 2869 2877 299
f 330 287 258
f 261 2890 262
f 289 2890 261
f 301 321 2873
f 5488 5452 5478
f 5478 5452 5475
f 5475 5465 5478
f 5490 5465 5466
f 8059 5476 5467
f 5476 5469 5454
f 5485 5468 5470
f 5485 5470 5471
f 5471 5472 341
f 5492 8054 5486
f 334 8055 5492
f 5492 8055 8054
f 8074 8055 334
f 350 8055 8074
f 5472 292 315
f 350 8065 8055
f 316 292 5463
f 316 5463 317
f 317 5463 323
f 8068 6722 6721
f 6750 8057 6732
f 302 325 310
f 8068 6721 8057
f 8068 8063 6733
f 8068 6733 6722
f 8063 6752 6733
f 6755 6742 6733
f 295 296 311
f 6736 6758 6719
f 269 283 303
f 284 4674 283
f 238 4675 284
f 7478 7479 7484
f 4669 6737 6730
f 297 326 270
f 7475 7484 297
f 6735 255 6717
f 304 6740 274
f 7480 312 2878
f 6731 329 298
f 7481 2903 305
f 286 6740 306
f 276 313 2879
f 257 307 7485
f 2877 2887 299
f 329 6738 6720
f 2880 2891 277
f 277 2891 2886
f 2881 2890 2887
f 262 2890 2881
f 308 314 288
f 2882 333 222
f 222 333 290
f 291 309 263
f 309 301 263
f 8061 264 7477
f 5451 5477 5464
f 5477 8058 5464
f 5488 5474 5452
f 5489 5478 5465
f 5489 5465 5490
f 5479 5490 5480
f 5491 8059 5467
f 5483 5476 8059
f 8053 5469 5476
f 5482 5480 5484
f 5484 5468 2896
f 2896 5468 5485
f 5495 5486 8053
f 341 5485 5471
f 8066 8062 8065
f 8065 8062 8060
f 8066 8067 8062
f 316 317 323
f 8070 6728 8056
f 8069 8056 8062
f 5473 302 310
f 5473 310 5493
f 6750 8088 8057
f 8070 8056 8069
f 8088 8071 8057
f 8071 8068 8057
f 294 4672 325
f 6752 6755 6733
f 4672 294 318
f 294 4673 318
f 294 295 4673
f 6757 6736 6739
f 295 311 4673
f 4670 270 4676
f 283 4674 303
f 6729 6737 4669
f 4670 4676 254
f 6737 2914 6730
f 7479 320 7484
f 297 319 326
f 2903 2902 305
f 272 320 7479
f 273 2907 272
f 7482 2878 2907
f 7482 2907 273
f 7476 7485 307
f 304 327 6740
f 7480 256 312
f 2886 7485 7476
f 2880 299 2891
f 314 6741 288
f 2893 2872 2894
f 288 279 300
f 2873 321 2883
f 2910 5491 362
f 362 5491 5474
f 5481 5490 5482
f 5482 5490 5479
f 5479 5480 5482
f 5491 5483 8059
f 341 5472 335
f 315 292 322
f 315 322 5487
f 335 5472 5487
f 5472 315 5487
f 8067 8102 8062
f 322 292 316
f 316 323 352
f 8102 8069 8062
f 352 323 324
f 5500 324 5473
f 8070 6750 6728
f 310 325 5493
f 6757 6758 6736
f 8083 6743 6742
f 6743 6739 6742
f 284 4675 4674
f 6745 6746 6729
f 6746 6747 6729
f 6729 6747 6737
f 6747 2914 6737
f 272 2907 320
f 2914 6725 6730
f 7484 320 2919
f 2878 312 2907
f 313 6731 2879
f 306 328 313
f 6726 6738 6727
f 2883 331 289
f 287 6749 308
f 308 6741 314
f 289 331 2890
f 2890 331 2897
f 288 332 279
f 279 333 2882
f 291 290 309
f 5451 7477 5477
f 362 5474 5488
f 8077 5476 5483
f 8077 5483 5491
f 8091 5486 5495
f 5482 5484 5498
f 8091 5492 5486
f 340 2896 5485
f 340 5485 341
f 335 5487 2918
f 5492 8079 334
f 342 341 335
f 8073 8065 350
f 8079 8074 334
f 322 316 5487
f 8072 350 8074
f 8073 8066 8065
f 8073 8067 8066
f 352 324 5500
f 5496 5473 5493
f 5500 5473 5496
f 8082 8068 8071
f 4673 7487 318
f 6752 8063 8068
f 296 336 311
f 4673 311 7487
f 6746 6759 6747
f 4675 4677 4674
f 254 337 4675
f 6734 345 255
f 6734 255 6735
f 4676 337 254
f 270 326 4676
f 2914 356 6725
f 7484 7488 297
f 6725 6748 6734
f 2919 7488 7484
f 327 6771 306
f 327 306 6740
f 2902 2909 305
f 328 6751 313
f 6731 338 329
f 287 330 6749
f 2886 2891 7486
f 6727 2900 330
f 362 5488 5505
f 321 339 2883
f 2883 339 331
f 4667 5497 5451
f 8077 5491 5494
f 5488 5478 5505
f 5506 5478 5489
f 5506 5489 5490
f 5520 5476 8077
f 5494 5491 2910
f 5520 5495 8053
f 5520 8053 5476
f 5498 5484 2896
f 5498 2896 340
f 340 341 5499
f 8086 8073 350
f 2918 5487 351
f 8088 6750 8070
f 8075 8071 8088
f 325 4672 353
f 6762 6755 6752
f 8083 6755 6756
f 8083 6742 6755
f 4680 6758 6757
f 296 7489 336
f 4672 344 343
f 8083 6739 6743
f 4672 318 344
f 8083 6757 6739
f 311 336 7487
f 303 4679 296
f 303 4681 4679
f 6753 6745 6744
f 297 7488 319
f 6745 6759 6746
f 6759 6760 6747
f 326 355 4676
f 6770 356 2914
f 6725 356 6748
f 6748 345 6734
f 304 6761 6771
f 304 6771 327
f 6731 346 338
f 338 346 329
f 6738 2900 6727
f 288 6754 347
f 288 347 332
f 309 290 349
f 332 347 279
f 279 347 348
f 279 348 333
f 333 383 290
f 309 349 301
f 301 349 321
f 5506 5490 374
f 2923 374 5490
f 2923 5490 5481
f 2923 5481 5482
f 8086 8072 8074
f 2901 5492 8091
f 5499 341 342
f 2901 8079 5492
f 377 342 335
f 377 335 2918
f 8086 350 8072
f 8087 8067 8073
f 5508 316 352
f 8088 8070 8069
f 366 325 353
f 6762 6752 8068
f 8081 8075 8088
f 4672 343 363
f 6778 8082 8071
f 5493 325 366
f 8082 6762 8068
f 353 4672 363
f 344 318 354
f 318 7487 354
f 4676 355 337
f 6753 6763 6745
f 4677 4682 4674
f 6760 2914 6747
f 4675 337 4677
f 357 365 304
f 357 304 271
f 326 319 355
f 345 4687 255
f 255 364 357
f 255 357 271
f 346 2929 2898
f 346 2898 329
f 304 365 6761
f 305 2909 312
f 6751 346 6731
f 331 2905 2897
f 6741 6754 288
f 330 360 6749
f 2889 2894 4678
f 2906 4692 5451
f 4692 7477 5451
f 321 2922 339
f 339 2922 331
f 5497 2906 5451
f 8076 2910 362
f 8076 362 5505
f 8078 5495 5520
f 8084 8091 5495
f 5498 340 5507
f 8094 8086 8074
f 8067 8080 8102
f 8086 8087 8073
f 5508 5487 316
f 5493 366 5501
f 343 344 4685
f 7489 2933 7487
f 6787 6773 8083
f 6766 6759 6745
f 4674 4682 4681
f 6763 6753 6744
f 6763 6766 6745
f 4683 6770 2914
f 4687 364 255
f 356 6764 6748
f 6748 4687 345
f 320 2907 2919
f 6749 6741 308
f 331 2922 2905
f 348 383 333
f 361 2894 2899
f 2911 5482 5514
f 8084 5495 8078
f 426 5498 5502
f 5513 2923 5482
f 5514 5482 5498
f 5514 5498 426
f 8085 8079 2901
f 375 5502 5498
f 8094 8074 8079
f 8094 8079 5503
f 5507 340 2912
f 2912 340 5499
f 5499 342 377
f 8095 8086 8094
f 8103 8088 8069
f 351 5487 5508
f 8101 8080 8067
f 8101 8102 8080
f 8089 6762 8082
f 379 352 404
f 352 5500 404
f 8103 8081 8088
f 8071 8075 8081
f 5500 5496 5501
f 5501 5496 5493
f 6813 6755 6762
f 6813 8083 6756
f 6813 6756 6755
f 4690 6765 8083
f 6765 6757 8083
f 344 354 4685
f 4701 6758 4680
f 7489 4679 2933
f 6758 6763 6744
f 6759 2914 6760
f 319 7488 355
f 6748 6764 4687
f 364 365 357
f 2915 2908 2907
f 365 380 6761
f 360 369 6749
f 2929 367 2898
f 6738 6767 2900
f 2900 368 330
f 349 370 321
f 321 370 2922
f 5523 5504 371
f 8090 6768 5504
f 5504 372 371
f 371 372 395
f 6768 373 5504
f 2931 5505 2940
f 5504 373 372
f 8097 2910 8076
f 8097 8076 5505
f 2940 5505 5478
f 2940 5478 5506
f 5520 8077 5494
f 5520 5494 402
f 2911 5513 5482
f 5507 375 5498
f 8098 8084 8078
f 8122 8085 8091
f 8091 8085 2901
f 8122 5503 8079
f 8122 8079 8085
f 8094 5503 8122
f 8109 8087 8086
f 376 5499 403
f 5499 377 403
f 8100 8109 8086
f 8100 8086 8095
f 8115 8067 8087
f 8110 8101 8067
f 5508 428 378
f 428 5508 352
f 6778 8089 8082
f 6769 8071 8081
f 5501 366 5509
f 8111 6813 6762
f 8111 6762 8089
f 4683 6789 6770
f 6765 4680 6757
f 7487 2933 2913
f 4687 407 364
f 6782 4683 2914
f 6782 6789 4683
f 2900 6767 368
f 6749 381 6741
f 6741 381 382
f 2898 367 6767
f 330 368 369
f 330 369 360
f 383 384 290
f 290 384 349
f 2894 361 4678
f 5511 5523 5510
f 5511 5504 5523
f 5523 371 385
f 5511 8090 5504
f 8092 8093 386
f 5511 8092 8090
f 8092 386 8090
f 385 371 431
f 371 387 431
f 386 6768 8090
f 371 395 387
f 8093 389 386
f 386 389 6768
f 387 395 388
f 395 391 388
f 388 391 390
f 411 5512 417
f 417 8093 411
f 8093 399 389
f 6768 393 373
f 417 396 8093
f 389 399 6768
f 6768 399 393
f 419 390 391
f 391 397 419
f 396 392 8093
f 392 399 8093
f 395 397 391
f 393 422 373
f 372 400 395
f 396 399 392
f 399 401 393
f 395 400 397
f 398 421 399
f 421 401 399
f 393 401 422
f 422 372 373
f 402 5494 2939
f 2939 5494 2910
f 2923 5506 374
f 492 2923 5513
f 8099 8091 8084
f 8098 8078 5519
f 5519 8078 5520
f 5514 426 2924
f 426 5502 2924
f 2924 5502 375
f 2924 375 5507
f 5507 2912 480
f 2912 5499 5515
f 5499 376 5515
f 8108 8095 8094
f 351 5508 378
f 351 378 5574
f 428 352 379
f 8117 8111 8089
f 366 353 4693
f 6772 8083 6813
f 8131 494 6769
f 404 5500 5501
f 494 6778 8071
f 494 8071 6769
f 4688 366 4693
f 343 4685 405
f 353 363 4693
f 363 405 4693
f 6772 6787 8083
f 363 343 405
f 6773 4690 8083
f 4701 2932 6758
f 356 4687 6764
f 6763 6759 6766
f 2907 2936 2919
f 2927 407 4687
f 6789 6774 6770
f 6770 6780 356
f 369 381 6749
f 6754 408 347
f 349 384 409
f 5497 5516 5510
f 361 4699 2955
f 4667 5516 5497
f 5517 410 5516
f 5516 410 8092
f 5516 8092 5511
f 5516 5511 5510
f 5526 8092 5517
f 5517 8092 410
f 5523 385 431
f 5526 5518 8092
f 5518 8093 8092
f 5525 411 5518
f 5518 411 8093
f 431 387 432
f 482 432 5529
f 432 387 388
f 432 390 5529
f 5525 413 411
f 390 415 5529
f 432 388 390
f 413 8096 411
f 412 5529 414
f 435 6776 8096
f 8096 5512 411
f 5529 415 414
f 5512 8096 417
f 390 394 415
f 6776 420 8096
f 8096 420 417
f 417 420 396
f 419 418 390
f 394 442 415
f 6776 6777 420
f 390 418 394
f 399 396 398
f 394 418 442
f 372 425 400
f 396 423 444
f 420 423 396
f 444 424 396
f 421 449 401
f 372 422 425
f 397 400 474
f 421 398 449
f 2931 8097 5505
f 5537 2940 5506
f 5537 5506 492
f 2938 5520 402
f 5513 2911 5514
f 2924 5507 2941
f 427 351 452
f 403 377 2918
f 403 2918 451
f 451 2918 351
f 378 428 493
f 8116 8081 8103
f 4685 4693 405
f 2932 6763 6758
f 4689 5509 4688
f 5509 366 4688
f 2908 7497 2936
f 7492 406 4679
f 7492 4682 406
f 4677 2934 4682
f 6783 346 6751
f 407 518 364
f 6771 2946 2917
f 6741 429 6754
f 6754 429 408
f 382 429 6741
f 409 2960 370
f 5522 5516 4667
f 5528 5517 5516
f 5552 5523 5554
f 4692 5510 5523
f 5517 5534 5526
f 5554 5523 431
f 431 432 5524
f 5525 5518 5526
f 5531 413 5525
f 433 8096 8104
f 8104 8096 413
f 8104 413 5531
f 496 5529 412
f 433 456 8096
f 436 456 8112
f 456 435 8096
f 456 436 6776
f 456 6776 435
f 414 415 434
f 436 441 6776
f 415 416 434
f 434 416 414
f 414 416 437
f 415 440 416
f 442 440 415
f 440 438 416
f 441 463 439
f 441 6777 6776
f 6777 445 420
f 441 439 6777
f 420 445 423
f 419 443 418
f 424 398 396
f 418 465 466
f 418 466 442
f 401 446 422
f 397 474 419
f 398 471 449
f 425 447 400
f 443 448 418
f 445 444 423
f 443 419 448
f 444 445 424
f 400 447 474
f 445 468 424
f 422 450 425
f 449 446 401
f 425 450 475
f 425 475 447
f 5527 2939 2910
f 5527 2910 8097
f 492 5506 2923
f 8105 8091 8099
f 5532 8098 5519
f 5513 5514 2924
f 5557 8099 8084
f 5557 8084 8098
f 8105 8122 8091
f 2941 5507 480
f 480 2912 5515
f 8106 8107 8094
f 5515 376 403
f 5515 403 517
f 8123 8095 8108
f 8114 8100 8095
f 8114 8095 8123
f 8114 8115 8087
f 451 351 427
f 452 351 5574
f 5574 378 493
f 493 428 379
f 379 404 493
f 493 404 5521
f 5521 5501 4700
f 5521 404 5501
f 5501 5509 4700
f 4685 7496 4693
f 4690 4680 6765
f 6779 6763 2932
f 4703 6781 6759
f 6774 6798 6780
f 6774 6780 6770
f 6780 4697 356
f 2919 2936 7488
f 356 453 4687
f 4687 453 2927
f 6767 454 368
f 381 369 6800
f 381 6800 382
f 7490 2921 2928
f 2929 2958 367
f 367 454 6767
f 348 2954 383
f 2905 2930 2947
f 382 6800 429
f 348 6784 2954
f 384 383 2961
f 7491 4692 5523
f 7491 5523 5552
f 2943 7491 5552
f 5522 5528 5516
f 8118 5533 5517
f 8118 5517 5528
f 5533 5534 5517
f 5554 431 5524
f 5535 5556 482
f 5546 5525 5534
f 5534 5525 5526
f 5556 5554 5524
f 5546 5531 5525
f 5556 5524 432
f 5556 432 482
f 5561 5530 8104
f 5530 433 8104
f 5530 456 433
f 412 414 496
f 496 414 497
f 8112 457 5530
f 5530 457 456
f 8112 456 457
f 497 414 455
f 458 455 459
f 8121 436 8112
f 8121 6785 436
f 6785 462 436
f 414 437 455
f 436 462 441
f 437 460 455
f 416 438 437
f 462 463 441
f 463 462 439
f 440 484 438
f 438 484 504
f 462 2944 464
f 462 464 439
f 439 2944 486
f 439 486 6777
f 6777 486 445
f 442 7493 440
f 486 6786 445
f 442 466 7493
f 448 509 418
f 424 468 398
f 398 469 470
f 446 473 422
f 422 473 450
f 447 476 474
f 419 474 448
f 470 471 398
f 449 472 446
f 450 473 475
f 474 476 467
f 468 477 398
f 398 477 469
f 471 472 449
f 446 478 473
f 475 476 447
f 470 469 471
f 473 479 475
f 473 478 479
f 2938 5519 5520
f 5541 2924 2941
f 5557 8098 5532
f 8107 8106 8113
f 8134 8105 8099
f 8134 8099 5557
f 8123 8108 8107
f 8113 8106 8122
f 8114 8087 8109
f 517 403 451
f 517 451 5542
f 8114 8109 8100
f 8129 8101 8110
f 8136 8102 8101
f 8136 8103 8102
f 8124 8116 8103
f 4711 5521 4700
f 8117 6778 494
f 6814 6773 6787
f 4700 5509 4689
f 2925 4694 2913
f 2946 6790 6783
f 2946 6783 2917
f 408 6784 347
f 2958 454 367
f 359 2953 2942
f 408 429 6784
f 347 6784 348
f 4691 5522 4667
f 2943 5552 5564
f 5522 8118 5528
f 481 5534 5533
f 5561 8104 5545
f 495 5546 5534
f 5548 5529 496
f 5535 482 5529
f 5545 8104 5531
f 8119 5530 5561
f 5545 5531 5546
f 5563 496 497
f 8125 8120 5530
f 455 458 520
f 497 455 520
f 8120 8112 5530
f 8120 8121 8112
f 6793 6785 8121
f 6793 499 6785
f 455 460 459
f 499 500 6785
f 6785 500 462
f 500 461 462
f 460 7495 483
f 500 6794 461
f 6794 502 461
f 437 503 460
f 461 2944 462
f 461 6795 2944
f 464 2944 439
f 440 485 484
f 7493 485 440
f 484 485 506
f 7493 466 485
f 486 487 6786
f 466 465 485
f 6786 488 445
f 509 511 418
f 418 511 465
f 474 509 448
f 445 489 468
f 467 513 474
f 474 513 509
f 488 489 445
f 472 512 446
f 471 490 472
f 472 490 512
f 446 512 478
f 2948 8097 2931
f 2938 402 2939
f 2938 2939 5570
f 5570 2939 5527
f 5527 8097 5536
f 5536 8097 2948
f 5573 5537 492
f 2948 2931 2940
f 5537 2948 2940
f 5539 5573 492
f 5539 492 2949
f 5540 5532 5519
f 2956 5513 5541
f 5541 5513 2924
f 8127 8123 8107
f 8122 8105 8134
f 623 5541 2941
f 2941 480 650
f 650 480 5515
f 5542 451 5558
f 8136 8101 8129
f 5574 493 5543
f 8124 8103 8136
f 493 5521 5560
f 8131 6769 8116
f 8117 494 8131
f 6808 4695 6779
f 6797 6813 8111
f 4689 4688 4702
f 4688 4693 4702
f 2926 2951 2934
f 6814 6839 4690
f 6814 4690 6773
f 4703 2971 6782
f 6798 4697 6780
f 4697 4698 356
f 4698 4697 453
f 4698 453 356
f 518 529 365
f 380 530 6775
f 6775 6810 2946
f 2946 6810 6790
f 346 6791 2929
f 2922 2960 2905
f 409 2962 574
f 409 574 2960
f 4684 8118 5522
f 5522 4691 4686
f 8156 5533 8118
f 5548 496 5562
f 495 5534 481
f 5546 495 5547
f 5561 5553 8119
f 495 481 5533
f 5566 5556 5535
f 5544 496 5563
f 5535 5529 5548
f 5551 5562 496
f 5551 496 5544
f 5553 8125 5530
f 5553 5530 8119
f 519 8120 8125
f 8139 6804 8120
f 8126 6793 8121
f 6804 8121 8120
f 6804 8126 8121
f 458 498 520
f 8126 499 6793
f 458 459 498
f 8126 500 499
f 459 460 483
f 501 6801 500
f 500 6801 6794
f 460 503 7495
f 6802 502 6801
f 6801 502 6794
f 438 504 437
f 502 6795 461
f 484 506 504
f 504 505 521
f 6795 6803 2944
f 2944 6803 486
f 6795 507 6803
f 486 508 487
f 511 510 465
f 485 465 523
f 486 6803 508
f 489 477 468
f 513 563 509
f 509 563 511
f 477 491 469
f 489 491 477
f 476 475 467
f 467 527 513
f 469 491 471
f 479 515 475
f 475 515 516
f 471 514 490
f 478 512 479
f 2949 492 5513
f 5591 5515 517
f 2957 8107 8113
f 8158 8123 8127
f 650 5515 556
f 8128 8123 8158
f 8147 8110 8115
f 5558 451 452
f 8150 8115 8114
f 451 427 452
f 8142 8129 8110
f 8130 8131 8116
f 4689 4702 528
f 4705 4701 4680
f 4701 6779 2932
f 6789 6798 6774
f 454 6792 368
f 2927 518 407
f 368 6799 369
f 4684 5522 5550
f 5550 5522 4686
f 5575 5553 5561
f 597 5561 533
f 5551 5544 5563
f 5552 5554 5565
f 495 5533 8156
f 533 5561 5545
f 533 5545 5546
f 533 5546 5547
f 533 5547 495
f 5555 5554 5556
f 5566 5535 8133
f 8133 5535 534
f 534 5535 5548
f 560 5563 497
f 519 8125 5553
f 8138 8144 519
f 8144 8120 519
f 5568 520 601
f 6804 8140 8126
f 535 500 8126
f 601 520 498
f 535 6820 500
f 6820 501 500
f 6820 6805 501
f 6805 6801 501
f 6802 6806 502
f 437 504 521
f 437 521 503
f 502 6806 6795
f 506 522 504
f 504 522 505
f 6795 6807 507
f 485 523 524
f 506 485 524
f 510 544 465
f 508 6803 487
f 510 511 544
f 465 544 523
f 6786 487 488
f 511 563 544
f 488 487 6796
f 513 525 563
f 563 525 547
f 489 526 491
f 488 526 489
f 475 551 467
f 526 550 491
f 516 551 475
f 491 568 471
f 490 569 512
f 471 568 514
f 467 551 527
f 8163 5540 5519
f 8141 8134 5557
f 490 570 569
f 8163 5532 5540
f 8134 8113 8122
f 556 5515 5591
f 8127 8107 2957
f 8146 8114 8159
f 8145 8159 8114
f 5543 493 5559
f 8146 8150 8114
f 8150 8147 8115
f 8151 8116 8124
f 4695 2963 6788
f 6839 4680 4690
f 4705 6825 4701
f 530 6810 6775
f 6789 6815 6798
f 4697 6816 453
f 6791 2958 2929
f 2908 2920 7497
f 6810 6817 6783
f 6810 6783 6790
f 383 531 2961
f 454 2965 6792
f 2959 6811 368
f 2960 574 2990
f 2954 6784 531
f 2954 531 383
f 2968 2955 2967
f 4678 2968 7483
f 8153 5575 5561
f 5562 5551 5563
f 5562 5563 5586
f 4684 5550 4686
f 532 534 5548
f 532 5548 5562
f 8137 8156 8118
f 8138 519 5553
f 5564 5552 5565
f 8143 5566 8133
f 8143 8133 534
f 575 533 495
f 5565 5554 5595
f 5567 5555 5556
f 5595 5554 5567
f 5567 5554 5555
f 560 497 5568
f 497 520 5568
f 8144 8139 8120
f 6818 6804 8139
f 561 5568 601
f 6818 8140 6804
f 535 8126 8140
f 601 498 5569
f 8140 6833 535
f 6833 6820 535
f 498 536 4707
f 498 459 536
f 459 604 536
f 6812 6805 6820
f 6805 537 6801
f 483 538 459
f 459 538 604
f 6812 537 6805
f 483 7495 538
f 537 539 6801
f 539 540 6801
f 6801 540 541
f 6801 541 6802
f 7495 503 578
f 6802 541 6806
f 521 578 503
f 6806 6807 6795
f 506 562 522
f 507 6807 543
f 507 543 6803
f 523 545 542
f 543 546 6803
f 523 542 524
f 6807 546 543
f 544 545 523
f 6803 546 487
f 527 525 513
f 487 6824 6796
f 546 6824 487
f 525 548 547
f 488 6796 526
f 550 549 491
f 527 551 525
f 516 515 551
f 491 549 568
f 512 569 479
f 569 554 479
f 568 555 514
f 514 555 490
f 490 555 570
f 8163 2938 5549
f 8163 5549 5589
f 479 554 515
f 5571 5527 5536
f 5571 5536 2948
f 5589 5549 2938
f 5589 2938 5570
f 5584 2948 5537
f 5584 5537 5572
f 5570 5527 5571
f 5585 5537 5573
f 5571 2948 2969
f 5584 2969 2948
f 5572 5537 5538
f 5572 5538 5584
f 5584 5538 5585
f 5585 5538 5537
f 5573 5539 2949
f 623 2941 650
f 5557 5532 8163
f 593 2956 5541
f 8157 2957 8113
f 8157 8113 8134
f 8181 8159 8145
f 517 5558 571
f 8170 8158 8127
f 8142 8136 8129
f 5591 517 571
f 8145 8114 8128
f 517 5542 5558
f 6814 6772 6813
f 8151 8124 8136
f 8152 8130 8116
f 5559 493 5560
f 4701 6808 6779
f 7499 557 2925
f 6860 6813 6797
f 6860 6797 8111
f 6798 6840 6816
f 6798 6816 4697
f 6814 6787 6772
f 6839 4709 4680
f 7496 2975 4693
f 4682 558 406
f 2987 558 2951
f 2936 2972 7501
f 2959 6852 6811
f 6799 559 369
f 369 559 6800
f 429 2998 6784
f 597 8153 5561
f 598 597 533
f 560 5586 5563
f 8155 5566 8143
f 8148 8138 5553
f 8148 5553 5575
f 8137 8118 4684
f 560 5568 5593
f 746 575 495
f 746 495 5588
f 5588 495 8156
f 5566 5567 5556
f 5568 561 599
f 6827 6818 8139
f 6827 8139 8144
f 599 561 601
f 6818 6846 8140
f 6846 6819 8140
f 601 5569 602
f 6819 6833 8140
f 498 4707 5569
f 6820 6821 6812
f 6812 6821 537
f 537 6822 539
f 540 539 541
f 539 6822 541
f 541 6823 6806
f 6806 6823 6807
f 505 522 521
f 524 562 506
f 6823 2973 6807
f 6807 2973 583
f 542 545 524
f 545 582 524
f 544 563 545
f 547 564 563
f 547 548 564
f 546 565 6824
f 551 566 525
f 525 566 548
f 6796 6824 586
f 6796 553 526
f 526 553 550
f 515 567 551
f 568 619 555
f 552 566 551
f 550 591 549
f 570 622 569
f 619 570 555
f 569 620 554
f 8157 8134 8141
f 5573 2949 766
f 766 2949 2956
f 8170 8127 2957
f 2956 593 2974
f 649 593 5541
f 8172 8145 8128
f 8149 8150 8146
f 556 5591 651
f 8147 8142 8135
f 5543 5559 4714
f 5558 452 5580
f 5558 5580 671
f 4711 4689 4708
f 6860 8111 8132
f 8160 8136 8142
f 5574 5543 5577
f 8160 8151 8136
f 5559 5560 5521
f 6893 8167 8117
f 595 6851 4703
f 4702 572 858
f 6817 2977 6791
f 6817 6791 6783
f 6816 4706 453
f 6792 6852 2959
f 529 6826 6809
f 2977 2982 6791
f 6791 2982 2958
f 7483 2968 2984
f 2966 573 574
f 5578 5562 5586
f 534 532 5605
f 5605 532 5562
f 5605 5562 5578
f 8154 5575 8153
f 8154 8148 5575
f 2979 5566 8155
f 598 533 575
f 600 8138 8148
f 600 8144 8138
f 5576 5564 5565
f 2979 5567 5566
f 6844 6818 6827
f 601 602 629
f 576 599 601
f 6844 6846 6818
f 6834 6820 6833
f 6820 6836 6821
f 6836 537 6821
f 537 577 6822
f 538 7495 578
f 577 6828 6822
f 578 521 607
f 6822 6828 579
f 541 6829 6823
f 6822 579 541
f 579 6829 541
f 522 580 521
f 562 524 609
f 562 609 522
f 6823 581 2973
f 583 546 6807
f 564 584 563
f 563 584 545
f 545 584 637
f 566 587 548
f 546 585 565
f 551 616 552
f 565 585 6824
f 6796 586 553
f 553 588 550
f 549 591 568
f 567 616 551
f 554 590 515
f 515 590 567
f 622 589 569
f 589 592 569
f 2974 593 649
f 649 5541 3002
f 5541 594 3002
f 3002 594 623
f 2980 650 556
f 8172 8181 8145
f 4711 4708 4721
f 8167 6860 8132
f 5580 452 5574
f 5580 5574 5581
f 8166 8152 8116
f 5521 4711 4714
f 528 858 4721
f 528 4702 858
f 4709 4705 4680
f 2963 595 6788
f 4706 2927 453
f 6800 2978 429
f 530 6864 6810
f 2965 2995 6852
f 2965 6852 6792
f 2990 596 2960
f 5605 8155 534
f 5593 5586 560
f 5594 8154 8153
f 8155 8143 534
f 8154 600 8148
f 5593 5568 826
f 826 5568 599
f 627 600 8154
f 2985 5564 5576
f 2979 5595 5567
f 600 6827 8144
f 601 629 628
f 6846 6832 6819
f 6832 6833 6819
f 602 5569 603
f 5569 4707 603
f 6834 6848 6820
f 6848 6835 6820
f 6835 6836 6820
f 6837 6849 537
f 6836 6837 537
f 537 6870 577
f 6849 6870 537
f 604 538 605
f 538 578 606
f 577 6838 6828
f 580 608 521
f 521 608 656
f 579 581 6829
f 6829 581 6823
f 524 632 609
f 609 632 522
f 582 634 524
f 581 636 2973
f 582 610 634
f 545 637 582
f 582 637 610
f 583 2973 546
f 611 585 546
f 564 612 584
f 546 613 611
f 585 611 586
f 585 586 6824
f 566 614 587
f 548 587 564
f 611 615 586
f 586 615 6850
f 6850 639 586
f 616 618 552
f 586 639 553
f 552 618 617
f 569 592 620
f 619 622 570
f 589 622 592
f 567 621 616
f 588 591 550
f 588 641 591
f 568 591 619
f 5582 5589 5571
f 554 620 590
f 5583 2969 5584
f 5582 5571 5583
f 670 5585 5573
f 8163 8141 5557
f 8176 8170 2957
f 571 5558 5579
f 2980 556 651
f 5581 5574 5577
f 5579 5558 671
f 6825 4712 4701
f 5543 4714 5577
f 8183 8117 8131
f 6816 674 4706
f 4708 4689 4721
f 4689 528 4721
f 4704 2991 572
f 8210 6839 6814
f 7500 624 4704
f 7501 7498 2945
f 530 6841 6864
f 2988 7494 675
f 2960 596 2983
f 2982 2994 2965
f 2982 2965 454
f 6811 6852 6799
f 6811 6799 368
f 6800 6831 2978
f 5604 5594 8153
f 5604 8153 597
f 5623 5586 5593
f 5614 8154 5594
f 8186 8155 5605
f 597 598 5641
f 2968 626 2984
f 2968 2967 626
f 5617 826 599
f 5641 598 5616
f 8161 8155 8186
f 5595 2979 8155
f 8169 627 8154
f 8161 5595 8155
f 8169 600 627
f 8169 8178 600
f 2985 5576 5565
f 2985 5565 2996
f 8178 6843 6827
f 8178 6827 600
f 599 576 677
f 6843 6844 6827
f 6832 6847 6833
f 6847 6856 6833
f 6856 6834 6833
f 602 603 4717
f 6848 6868 6836
f 6848 6836 6835
f 4707 4710 603
f 4707 536 4710
f 604 654 536
f 538 7502 605
f 538 606 7502
f 6870 655 577
f 655 630 577
f 578 7503 606
f 577 630 6838
f 578 607 7503
f 6838 3001 6828
f 6828 3001 631
f 521 656 607
f 522 632 580
f 6828 631 579
f 579 631 581
f 631 633 581
f 581 635 636
f 524 657 632
f 524 634 657
f 633 635 581
f 636 635 2973
f 634 610 713
f 2973 613 546
f 584 612 638
f 587 614 564
f 564 614 612
f 613 6850 611
f 611 6850 615
f 552 617 566
f 639 640 553
f 590 755 567
f 553 641 588
f 553 640 641
f 641 661 591
f 619 643 622
f 567 755 621
f 622 644 592
f 591 642 619
f 642 645 619
f 619 645 643
f 643 645 622
f 622 663 644
f 620 592 590
f 645 642 622
f 5598 667 7504
f 5598 5597 667
f 8162 666 646
f 8162 646 648
f 5597 8162 647
f 5597 647 669
f 8162 648 668
f 8162 668 5584
f 8162 5584 647
f 730 8163 5589
f 8190 8170 8176
f 8190 8176 3033
f 768 766 2956
f 8176 2957 8157
f 2986 650 2980
f 8164 8160 8142
f 5602 5591 571
f 8195 8149 8159
f 7505 8147 8150
f 8165 8151 8160
f 8165 8166 8116
f 2972 652 7501
f 674 2927 4706
f 2988 742 7497
f 7497 742 2972
f 2927 674 703
f 2927 703 518
f 6864 6842 6810
f 2964 676 2981
f 6810 6842 6817
f 2982 625 6830
f 2982 6830 2994
f 5623 5605 5578
f 5613 8186 5605
f 8187 8169 8154
f 8187 8154 8168
f 5616 598 746
f 3015 5588 8156
f 626 2967 2985
f 8203 8178 8169
f 746 598 575
f 2996 5565 5595
f 3015 8156 8137
f 746 5588 5587
f 6877 6846 6844
f 6877 6844 6845
f 653 599 677
f 6867 6832 6846
f 8174 6844 6843
f 8174 6845 6844
f 8174 6877 6845
f 576 601 628
f 6877 6853 6846
f 6853 6867 6846
f 629 602 628
f 6834 6868 6848
f 6868 6857 6836
f 6857 6869 6836
f 6836 6858 6849
f 6836 6849 6837
f 6858 6870 6849
f 6859 655 6870
f 630 655 6838
f 655 680 3001
f 655 3001 6838
f 607 656 7503
f 634 713 657
f 631 6854 633
f 633 6855 635
f 610 658 713
f 637 658 610
f 584 638 637
f 6855 682 635
f 635 613 2973
f 617 614 566
f 617 618 614
f 613 659 6850
f 639 689 660
f 6850 689 639
f 616 621 688
f 616 688 618
f 639 660 640
f 591 662 642
f 644 663 592
f 592 690 590
f 642 663 622
f 663 721 592
f 661 662 591
f 5609 8162 5606
f 642 662 663
f 5597 5596 8162
f 5606 8162 5596
f 5598 7504 665
f 664 666 8162
f 7504 667 665
f 646 5583 648
f 5597 669 667
f 2997 5582 5583
f 2997 5583 666
f 666 5583 646
f 667 669 5585
f 667 5585 699
f 668 648 5584
f 5600 768 2956
f 647 5584 669
f 699 5585 670
f 5599 8163 810
f 8177 8170 8190
f 5600 2956 2974
f 651 5591 3014
f 3033 8176 8217
f 3003 623 650
f 3003 650 5601
f 5601 650 3013
f 5602 571 5579
f 6912 5663 6860
f 5663 6813 6860
f 8208 8164 8147
f 8208 8147 7505
f 8173 8183 8131
f 8173 8131 8130
f 4715 4714 4711
f 7501 672 7498
f 8210 4709 6839
f 6840 6863 6816
f 6863 674 6816
f 7501 652 672
f 2972 672 652
f 2988 675 742
f 518 703 6826
f 704 676 2937
f 7494 3005 675
f 7494 2981 3005
f 2994 2995 2965
f 6799 6831 559
f 5578 5586 5623
f 5604 597 5632
f 5632 597 5641
f 705 8186 5613
f 8168 8154 5614
f 8215 8161 8186
f 5617 599 653
f 6866 5595 8161
f 5587 5588 3015
f 2985 2996 3020
f 677 576 628
f 8179 6843 8178
f 4723 6832 6867
f 8179 8174 6843
f 4723 6856 6847
f 4723 6847 6832
f 602 4717 628
f 536 679 4710
f 6869 6858 6836
f 536 654 679
f 604 605 654
f 6859 3011 655
f 606 708 7502
f 606 7503 708
f 709 6881 631
f 3001 709 631
f 580 632 608
f 631 6881 6854
f 6854 6881 633
f 638 716 637
f 6855 683 682
f 682 684 635
f 612 685 638
f 684 686 635
f 635 686 613
f 686 717 613
f 613 717 659
f 618 687 614
f 614 687 750
f 688 718 618
f 659 717 6850
f 590 690 755
f 660 692 640
f 592 691 690
f 691 694 690
f 690 694 693
f 641 695 661
f 592 721 691
f 661 722 662
f 662 696 663
f 663 696 762
f 5609 5608 664
f 5609 664 8162
f 765 5606 5596
f 5607 5596 5597
f 5607 5597 763
f 764 763 5597
f 764 5597 5598
f 764 5598 808
f 808 5598 665
f 5608 8175 664
f 698 665 727
f 665 698 697
f 8175 726 664
f 667 699 670
f 667 670 665
f 726 728 664
f 664 5582 666
f 728 5582 664
f 666 5582 2997
f 665 670 729
f 727 5573 766
f 728 5589 5582
f 8189 8176 8157
f 729 670 5573
f 729 5573 727
f 8157 8163 5590
f 8157 5590 5599
f 5599 5590 8163
f 2980 651 3014
f 3002 623 3003
f 3004 671 5580
f 3013 650 2986
f 4715 4711 4721
f 8195 8150 8149
f 8182 8165 8160
f 5603 5581 5577
f 5603 5577 5592
f 5663 6873 6814
f 595 6862 6851
f 7498 701 700
f 7498 672 701
f 6863 740 674
f 674 740 673
f 673 703 674
f 6826 703 530
f 530 703 6841
f 7506 704 2937
f 6784 3008 531
f 5615 5594 5604
f 5615 5604 8184
f 5633 5613 5605
f 5633 5605 5623
f 5615 5614 5594
f 5624 5593 706
f 8185 8186 705
f 8185 705 5613
f 5623 5593 5624
f 706 5593 826
f 745 5641 5616
f 3000 626 5626
f 6876 8178 8203
f 628 4720 4719
f 6877 8174 4726
f 8188 6868 6834
f 4723 6867 6853
f 4723 6853 6877
f 6856 6899 6834
f 6899 8188 6834
f 4717 603 678
f 603 707 678
f 603 4710 679
f 603 679 707
f 748 6859 6870
f 6871 680 655
f 3011 6880 655
f 6880 6871 655
f 656 794 7503
f 3012 709 680
f 680 709 3001
f 608 4728 656
f 632 681 608
f 713 711 657
f 657 711 632
f 632 710 681
f 6881 712 633
f 658 637 713
f 712 683 633
f 633 683 6855
f 637 714 713
f 716 715 637
f 685 716 638
f 614 750 685
f 614 685 612
f 684 717 686
f 682 751 684
f 618 718 687
f 750 687 753
f 717 689 6850
f 717 752 689
f 689 692 660
f 690 693 755
f 692 719 640
f 689 720 692
f 640 719 641
f 641 723 695
f 762 721 663
f 719 723 641
f 695 722 661
f 691 724 761
f 721 724 691
f 662 762 696
f 722 725 662
f 662 725 765
f 662 765 762
f 721 762 724
f 765 5596 5607
f 807 8175 5608
f 665 697 5620
f 807 6872 8175
f 5620 697 727
f 6872 726 8175
f 697 698 727
f 726 5589 728
f 6872 767 726
f 810 730 5610
f 665 729 727
f 767 5611 5589
f 767 5589 726
f 5610 730 5589
f 5610 5589 5611
f 2986 2980 3014
f 8206 8180 8171
f 3016 2974 3002
f 838 5602 5579
f 3003 5601 3013
f 3022 8170 8177
f 5591 5602 838
f 8207 8181 8172
f 8183 6893 8117
f 731 5579 671
f 3004 5580 5612
f 5580 5581 5612
f 8167 6912 6860
f 6873 8210 6814
f 7500 770 2991
f 770 2975 732
f 2975 735 732
f 2975 4718 733
f 6861 771 2963
f 2975 733 735
f 775 595 2963
f 733 4718 735
f 775 734 595
f 595 734 6862
f 734 2992 6851
f 6862 734 6851
f 4718 780 778
f 4718 558 7508
f 4718 7508 780
f 734 4713 2992
f 558 4716 736
f 558 736 7508
f 779 782 734
f 734 782 4713
f 4713 738 6863
f 4713 6815 2976
f 2987 737 4716
f 700 701 739
f 4713 6863 6815
f 7498 700 739
f 7498 739 2987
f 2987 739 737
f 783 784 4713
f 4713 784 738
f 738 784 6863
f 2972 742 741
f 675 3018 742
f 2972 741 672
f 673 788 6883
f 673 6883 702
f 673 702 703
f 3005 3018 675
f 702 6883 703
f 2994 6830 2995
f 703 743 6864
f 703 6864 6841
f 6784 744 3008
f 6817 6874 625
f 6817 625 2977
f 6799 6875 6831
f 429 744 2998
f 2998 744 6784
f 3008 3009 2999
f 8212 8185 5613
f 5624 5639 5623
f 8198 8186 8185
f 8203 8169 8187
f 5618 746 3045
f 5616 746 847
f 626 2985 792
f 3020 2996 5595
f 3020 5595 6866
f 6878 6856 4723
f 653 677 747
f 628 4717 4720
f 4717 678 4720
f 8188 6879 6868
f 6879 6857 6868
f 6879 6869 6857
f 7502 3021 605
f 748 6870 6858
f 748 4729 6859
f 6871 6880 680
f 708 3021 7502
f 6880 3012 680
f 3012 796 709
f 608 681 797
f 632 711 710
f 714 711 713
f 715 714 637
f 685 750 716
f 683 6882 682
f 751 717 684
f 682 6882 751
f 717 751 752
f 687 718 753
f 718 801 753
f 755 754 621
f 621 802 688
f 688 802 718
f 752 757 689
f 621 754 802
f 693 803 755
f 755 756 754
f 694 803 693
f 757 758 689
f 720 719 692
f 689 758 720
f 691 759 694
f 723 719 760
f 720 805 719
f 691 761 759
f 723 5606 695
f 760 5606 723
f 695 5606 722
f 724 764 761
f 724 763 764
f 760 5609 5606
f 722 5606 765
f 722 765 725
f 765 5607 762
f 762 5607 763
f 762 763 724
f 761 764 808
f 807 5608 5609
f 808 665 5620
f 727 766 5620
f 6872 810 767
f 4730 766 768
f 4730 768 5600
f 3069 3033 8217
f 8206 8171 3022
f 8191 8207 8172
f 3014 838 974
f 5612 5581 5603
f 5612 5603 4731
f 4721 858 5628
f 5638 8192 816
f 2991 732 8192
f 2991 770 732
f 5622 771 4705
f 5629 815 5621
f 771 2970 4705
f 5621 771 769
f 8192 732 816
f 5621 815 771
f 732 772 816
f 816 772 819
f 771 6861 2970
f 816 819 773
f 732 7510 772
f 771 734 775
f 771 775 2963
f 732 735 7510
f 815 774 771
f 735 4718 777
f 778 777 4718
f 774 776 771
f 771 779 734
f 771 776 779
f 776 782 779
f 776 822 782
f 7508 736 781
f 782 783 4713
f 784 6896 6863
f 782 784 783
f 701 785 739
f 740 787 6883
f 740 6883 788
f 740 788 673
f 672 786 701
f 701 786 785
f 742 789 741
f 6883 6884 703
f 703 6884 743
f 3018 790 742
f 6842 6874 6817
f 7506 3007 704
f 2981 791 3005
f 625 6865 6830
f 5647 5613 5672
f 2978 6886 744
f 2978 744 429
f 3009 7509 573
f 8184 5604 5631
f 5631 5604 5632
f 5672 5613 5633
f 8168 5614 5640
f 5640 5614 5615
f 5634 5615 8184
f 8212 5613 5647
f 8197 8187 8168
f 5624 706 5625
f 5642 5641 745
f 8214 8187 8197
f 3044 3015 3000
f 3044 3000 5626
f 8198 6887 8186
f 8214 8203 8187
f 6887 8215 8186
f 8193 5587 3015
f 626 792 3020
f 826 5617 5643
f 8179 4726 8174
f 8215 6866 8161
f 8199 8178 6876
f 847 746 5618
f 8193 746 5587
f 8199 8179 8178
f 5619 5617 653
f 5619 653 747
f 678 707 4746
f 747 677 4742
f 4722 677 4719
f 677 628 4719
f 6888 748 6869
f 748 6858 6869
f 605 3021 4727
f 6859 6880 3011
f 708 793 3021
f 708 7503 793
f 608 795 4728
f 7503 794 793
f 796 798 749
f 796 749 709
f 749 798 709
f 798 6881 709
f 6881 799 712
f 6881 798 799
f 710 711 4724
f 799 683 712
f 799 6890 683
f 683 6890 832
f 683 832 6882
f 751 6891 752
f 6882 6891 751
f 801 718 750
f 753 801 750
f 718 802 750
f 754 756 802
f 803 804 755
f 720 757 805
f 758 757 720
f 694 759 808
f 694 808 803
f 757 5627 805
f 5627 807 805
f 836 807 5627
f 836 5636 807
f 805 807 5609
f 805 5609 719
f 719 5609 760
f 761 808 759
f 806 808 5620
f 5636 869 807
f 869 6903 807
f 6903 810 6872
f 6903 6872 807
f 766 811 5620
f 766 4730 811
f 3016 5600 2974
f 7505 8150 8195
f 3013 2986 3014
f 8196 8173 8130
f 8194 8181 8207
f 8225 8195 8181
f 731 671 3004
f 731 3004 5612
f 8219 8182 8208
f 4725 4721 5628
f 858 8192 5638
f 5629 5621 5655
f 7507 8192 858
f 5638 816 812
f 7507 2991 8192
f 812 816 5662
f 5655 5621 769
f 5655 769 4709
f 816 840 5662
f 8200 8201 815
f 8200 815 5629
f 769 5622 4709
f 6894 814 8201
f 8201 814 815
f 814 6894 815
f 840 816 813
f 817 815 6894
f 817 818 815
f 772 7510 819
f 818 820 815
f 815 820 774
f 735 777 7510
f 774 820 776
f 776 820 821
f 821 822 776
f 736 4716 781
f 737 781 4716
f 822 823 782
f 823 862 782
f 782 862 784
f 672 3028 786
f 785 913 739
f 6896 740 6863
f 6884 824 743
f 789 672 741
f 743 825 6864
f 742 790 789
f 824 6885 743
f 3005 791 3018
f 6897 6875 6799
f 3043 5633 5623
f 3026 5634 8184
f 5639 5624 3027
f 5634 5640 5615
f 8202 8198 8185
f 8220 8197 8168
f 5640 8220 8168
f 5625 706 826
f 8198 8215 6887
f 3020 6866 8215
f 5642 745 5616
f 5625 826 5643
f 3045 746 8193
f 3045 8193 3044
f 5643 5617 5619
f 8204 4748 8199
f 4748 8179 8199
f 4720 678 4733
f 6898 6877 4726
f 4742 677 4722
f 4719 4720 5635
f 6878 6899 6856
f 8188 6900 6879
f 6900 6944 6869
f 6900 6869 6879
f 679 654 827
f 605 4727 654
f 6859 6901 6889
f 6859 6889 6880
f 794 656 4728
f 6889 3012 6880
f 3012 828 796
f 796 865 798
f 828 865 796
f 608 797 795
f 798 829 799
f 798 6902 829
f 829 6902 6890
f 829 6890 799
f 714 923 711
f 711 923 4724
f 6902 830 6890
f 715 831 714
f 716 831 715
f 832 834 6882
f 750 800 833
f 750 833 716
f 716 833 831
f 6882 834 6891
f 750 851 800
f 752 852 757
f 802 851 750
f 6891 852 752
f 804 835 755
f 755 835 756
f 804 803 835
f 757 853 836
f 836 5627 757
f 808 806 803
f 803 5620 854
f 853 5636 836
f 806 5620 803
f 854 5620 871
f 871 5620 809
f 8205 6903 869
f 811 4730 5620
f 855 5599 810
f 855 810 6903
f 974 838 837
f 8218 8207 8191
f 838 5579 731
f 8227 8208 7505
f 5592 4714 3034
f 5684 5638 1058
f 1058 5638 812
f 8211 8200 5629
f 5655 4709 5630
f 5655 5630 8210
f 5662 840 839
f 8201 6904 6894
f 816 773 877
f 6894 841 817
f 7510 7523 819
f 818 817 820
f 777 7517 7510
f 821 881 822
f 778 780 777
f 781 780 7508
f 781 737 4734
f 781 843 780
f 6895 6914 822
f 862 6896 784
f 6914 823 822
f 786 913 785
f 740 6908 787
f 672 3023 3028
f 789 844 672
f 672 844 3023
f 6883 845 6884
f 6874 6865 625
f 676 704 3036
f 6885 825 743
f 6864 846 3051
f 6864 3051 6842
f 704 3007 6916
f 3026 8184 5631
f 676 3036 2981
f 2981 3036 791
f 998 5631 5632
f 8220 5640 5634
f 3043 5623 5639
f 889 5632 5641
f 5648 5624 5625
f 8221 8202 8185
f 8221 8185 8212
f 8213 8214 8197
f 8213 8197 8220
f 5642 5616 847
f 5619 747 5644
f 6899 6905 8188
f 678 4746 4733
f 707 848 4746
f 6944 6888 6869
f 6944 748 6888
f 6944 4738 748
f 4727 7512 654
f 4729 6906 6859
f 6906 6901 6859
f 3021 793 917
f 6910 3012 6889
f 794 7525 793
f 794 4728 7525
f 798 865 6907
f 710 797 681
f 710 4724 797
f 4724 894 797
f 6907 6902 798
f 6907 830 6902
f 831 923 714
f 830 850 6890
f 6890 850 834
f 6890 834 832
f 833 800 831
f 834 852 6891
f 802 868 851
f 852 869 757
f 835 871 756
f 803 854 871
f 803 871 835
f 869 870 757
f 870 5636 757
f 757 5636 853
f 870 869 5636
f 871 809 5659
f 6903 6924 855
f 809 5620 7513
f 856 4730 5600
f 856 5600 7513
f 4730 856 5620
f 5620 856 7513
f 855 8189 5599
f 3070 3022 3033
f 5660 8217 8189
f 5645 3014 974
f 3016 3003 973
f 929 3003 3013
f 857 3013 3014
f 8206 3022 3070
f 8207 8225 8194
f 8226 7505 8195
f 838 731 4740
f 8209 8166 8182
f 5628 858 5654
f 5654 858 5684
f 858 5638 5684
f 8228 5629 5655
f 5646 8211 5629
f 5646 5629 8228
f 5655 8210 872
f 5662 839 907
f 8230 8201 8200
f 5656 8230 8200
f 5656 8200 8211
f 907 839 906
f 8230 6931 8201
f 6931 6913 8201
f 6913 6904 8201
f 6913 6894 6904
f 839 840 3035
f 813 7522 840
f 840 7522 859
f 819 7514 773
f 6894 876 841
f 816 877 813
f 773 7514 877
f 841 909 817
f 7511 7515 819
f 819 7515 7514
f 909 861 817
f 7523 7516 819
f 819 7516 7511
f 861 4751 817
f 817 4751 820
f 7510 7517 7523
f 820 4751 879
f 820 881 821
f 843 7518 780
f 777 880 842
f 780 880 777
f 881 6895 822
f 843 781 7518
f 737 3042 3041
f 6896 862 6908
f 6896 6908 740
f 823 885 862
f 739 3042 737
f 789 3023 844
f 739 913 3042
f 3023 914 3028
f 3050 863 3006
f 790 3018 789
f 6842 3051 6874
f 3006 863 3029
f 3029 863 3007
f 998 5632 889
f 3043 5672 5633
f 3043 5639 978
f 5657 5634 3026
f 8232 8221 8212
f 8212 5647 5658
f 5673 8220 5634
f 889 5641 5642
f 5642 847 8251
f 8216 6898 4726
f 8216 4726 8179
f 1090 3044 626
f 8251 847 5649
f 8234 6899 6878
f 5679 5643 5619
f 8234 6878 4723
f 4720 4736 5651
f 4720 4733 4736
f 707 679 848
f 3053 6901 6906
f 6901 6910 6889
f 793 864 849
f 3012 6910 828
f 6910 4739 828
f 4728 795 7519
f 865 919 6907
f 919 6911 6907
f 831 895 923
f 851 901 800
f 850 897 834
f 831 800 866
f 897 899 834
f 834 899 867
f 834 867 852
f 756 7521 868
f 802 756 868
f 871 903 756
f 869 8237 8205
f 8237 6903 8205
f 5659 809 5652
f 8237 6924 6903
f 7513 951 809
f 6924 5653 855
f 5653 8189 855
f 5660 8189 928
f 3013 857 929
f 6893 8183 8173
f 1058 812 5662
f 6873 872 8210
f 5646 5656 8211
f 8229 8230 5656
f 906 839 5664
f 3035 840 873
f 840 859 873
f 933 6894 6913
f 6894 908 875
f 813 860 7522
f 875 876 6894
f 876 909 841
f 842 3040 777
f 780 882 880
f 777 878 7517
f 781 7527 7518
f 884 6914 6895
f 842 880 3040
f 879 881 820
f 780 883 882
f 780 7518 883
f 881 884 6895
f 781 4734 7528
f 3028 887 913
f 823 4741 885
f 737 3041 4734
f 885 886 862
f 862 6915 6908
f 824 888 6909
f 824 6909 6885
f 6908 6920 6883
f 6908 6883 787
f 6884 888 824
f 6885 6909 825
f 6864 825 846
f 846 825 3051
f 3030 6917 6886
f 3030 6886 2978
f 3026 5631 998
f 5658 5647 5672
f 5657 3026 5682
f 5673 5634 5657
f 3027 5624 5648
f 8232 8212 5658
f 978 5639 3027
f 5625 890 5667
f 6921 8215 8198
f 6921 8198 8202
f 8221 8248 8202
f 889 5642 941
f 915 5648 5625
f 915 5625 5667
f 8248 6921 8202
f 941 5642 8251
f 6921 8233 8215
f 1090 626 3032
f 8233 5650 8215
f 6943 6944 8188
f 963 4732 6898
f 4742 4722 4735
f 4742 4735 5668
f 8253 8234 4723
f 4735 5635 4720
f 679 827 848
f 6941 6905 6899
f 6941 6942 8188
f 6941 8188 6905
f 6942 6943 8188
f 4727 3021 7512
f 6944 6900 8188
f 793 849 917
f 4743 6906 4729
f 6922 3053 6906
f 793 7525 864
f 4728 7519 891
f 4739 6923 828
f 6923 892 865
f 6923 865 828
f 892 919 865
f 797 893 795
f 797 894 893
f 919 921 6911
f 4724 923 7520
f 4724 7520 894
f 6911 921 6907
f 6907 921 830
f 866 898 831
f 921 896 850
f 921 850 830
f 831 898 895
f 851 868 901
f 901 900 800
f 800 900 866
f 867 899 852
f 899 927 852
f 756 903 7521
f 852 927 869
f 903 871 5659
f 927 8237 869
f 5652 809 904
f 809 951 904
f 6918 928 6924
f 928 5653 6924
f 928 8189 5653
f 951 7513 905
f 857 3014 5645
f 857 5645 5661
f 905 7513 5600
f 3061 3069 8217
f 3069 3070 3033
f 8240 6893 8173
f 5645 974 3048
f 5612 4731 4744
f 4755 6912 6893
f 6912 8167 6893
f 5674 8228 5655
f 5674 5655 872
f 5663 872 6873
f 5675 5671 5656
f 1058 5662 907
f 5675 5656 5646
f 5671 8229 5656
f 6913 6926 874
f 6931 6925 6913
f 6926 933 874
f 874 933 6913
f 859 7526 873
f 859 3039 7526
f 933 934 6894
f 909 1016 861
f 813 877 860
f 875 957 876
f 957 909 876
f 7515 7511 7514
f 7516 7523 7511
f 7518 7527 883
f 777 910 878
f 6934 4745 879
f 3040 910 777
f 880 882 3040
f 879 958 881
f 958 911 881
f 883 938 882
f 884 939 6914
f 781 7528 912
f 781 912 7527
f 886 6915 862
f 3028 914 887
f 6883 3073 845
f 845 3073 6884
f 3073 888 6884
f 6865 3049 6830
f 6875 6917 3030
f 5665 5657 5682
f 5676 5682 3026
f 998 5678 1039
f 3087 5672 3043
f 3052 3060 3043
f 3052 3043 5666
f 5666 3043 978
f 5678 998 889
f 8232 5658 8245
f 915 3027 5648
f 8231 8220 5673
f 978 3027 915
f 5667 890 979
f 889 941 5678
f 8288 6899 8234
f 8288 6941 6899
f 8223 8204 8199
f 4733 4746 916
f 827 4749 848
f 4736 4733 916
f 848 4737 4746
f 849 864 917
f 654 7512 3038
f 4743 6922 6906
f 7525 4728 891
f 3053 6910 6901
f 6939 4739 6910
f 7525 3067 864
f 795 918 7519
f 6923 920 892
f 920 919 892
f 795 893 918
f 919 944 921
f 922 896 921
f 895 3054 923
f 895 898 3054
f 850 947 897
f 901 925 7534
f 901 7534 900
f 866 900 898
f 897 924 899
f 7521 903 868
f 868 925 901
f 868 902 925
f 868 903 926
f 950 928 3046
f 5652 904 951
f 973 929 1011
f 6918 3046 928
f 8218 8191 8206
f 3047 5600 5637
f 929 857 952
f 8218 8206 3070
f 8257 8225 8207
f 974 837 4740
f 974 4740 4753
f 930 5628 5692
f 5692 5628 5654
f 8264 6892 8209
f 4744 4731 5603
f 3034 3017 1012
f 4725 930 3017
f 5692 5654 5684
f 872 5663 5670
f 8228 5675 5646
f 5670 5663 6912
f 1058 906 954
f 1058 907 906
f 5685 5671 5675
f 906 5664 931
f 839 932 5664
f 934 908 6894
f 6925 6926 6913
f 839 3035 932
f 7522 860 859
f 4745 6950 879
f 7511 3055 7514
f 1016 6927 861
f 882 938 975
f 878 936 7517
f 4751 6934 879
f 878 910 936
f 882 937 3040
f 958 6954 911
f 881 959 939
f 881 939 884
f 6914 4741 823
f 3041 7528 4734
f 886 960 6915
f 887 3042 913
f 6915 961 6908
f 789 940 914
f 6883 6928 3073
f 704 6916 3107
f 704 3107 3036
f 5697 3043 3060
f 5683 998 1039
f 8245 5658 5672
f 3087 3043 5697
f 8268 8232 8245
f 3052 5666 978
f 8247 8213 8220
f 8247 8220 8231
f 8241 8214 8213
f 979 890 5643
f 941 8251 980
f 4736 916 981
f 827 3038 4749
f 8252 8253 4723
f 4771 4735 5651
f 4735 4720 5651
f 8235 8288 8234
f 4737 4761 4746
f 6937 4738 6944
f 3077 4743 4729
f 6922 6938 3053
f 3021 917 7512
f 3053 4750 6910
f 4750 6939 6910
f 7525 891 3067
f 8236 920 6923
f 8236 919 920
f 8236 942 919
f 942 944 919
f 944 942 921
f 893 894 943
f 942 966 921
f 966 987 921
f 923 7529 945
f 921 987 922
f 987 896 922
f 923 945 7520
f 900 7534 898
f 3054 946 923
f 923 946 7529
f 896 947 850
f 925 902 7534
f 868 926 902
f 924 948 899
f 903 5659 926
f 899 971 927
f 949 6918 6924
f 971 8237 927
f 8237 8243 6924
f 8243 949 6924
f 5659 5652 7539
f 949 6930 6918
f 6930 950 6918
f 929 952 3068
f 950 3046 6918
f 8239 8182 8219
f 3089 8217 5660
f 5637 3016 973
f 3017 930 5692
f 952 857 5661
f 8238 8207 8218
f 4757 5603 3034
f 8265 8240 8173
f 8240 4755 953
f 8240 953 6893
f 5694 8228 5674
f 6912 872 5670
f 5675 8228 5694
f 8254 8229 5671
f 954 906 5681
f 8254 5671 5685
f 906 955 5681
f 8254 8244 8229
f 8244 8230 8229
f 6932 6926 6925
f 6949 6932 6931
f 6932 6925 6931
f 5664 932 931
f 6926 6933 933
f 7523 7524 3056
f 934 933 908
f 859 7545 3039
f 908 957 875
f 957 1015 909
f 7514 3055 935
f 7511 3056 3055
f 911 959 881
f 6927 1016 4751
f 6927 4751 861
f 7523 3057 7524
f 7517 936 3057
f 6914 977 4741
f 4747 6950 958
f 4747 958 879
f 882 975 937
f 6954 959 911
f 6965 961 6915
f 3042 3058 3041
f 885 960 886
f 6920 6928 6883
f 863 6935 3007
f 3018 1063 789
f 3073 3075 888
f 998 5683 5686
f 5676 3026 998
f 5687 5672 3087
f 978 3060 3052
f 5665 5673 5657
f 8231 5673 5665
f 978 915 5700
f 8247 8231 8246
f 8268 8221 8232
f 8268 8248 8221
f 915 962 5700
f 962 915 979
f 5678 941 980
f 5678 980 999
f 915 5667 979
f 6936 8233 6921
f 979 5643 5679
f 4737 848 4761
f 5679 5619 5644
f 4770 963 8216
f 8262 8234 8253
f 5651 4736 981
f 6937 6971 4738
f 4739 6939 6923
f 6938 4752 3053
f 4752 4750 3053
f 7519 918 891
f 6939 8242 6923
f 8242 8236 6923
f 918 5669 982
f 964 965 8236
f 893 943 984
f 965 966 8236
f 8236 966 942
f 918 893 5669
f 893 984 5669
f 7520 967 894
f 894 967 943
f 947 969 897
f 987 968 896
f 945 7529 7520
f 7520 7529 1033
f 946 3054 7529
f 896 969 947
f 970 971 899
f 7534 3054 898
f 948 6929 899
f 6929 970 899
f 926 5659 902
f 5652 951 7539
f 902 5659 992
f 970 8243 8237
f 951 3047 972
f 5637 973 1011
f 4753 4740 5691
f 3112 3069 3061
f 1011 929 3068
f 3048 974 3079
f 4764 8196 6892
f 5685 5675 5694
f 1036 1058 954
f 8244 8258 8230
f 906 931 1013
f 3035 873 932
f 6949 6931 8230
f 933 1014 3104
f 933 3104 908
f 4776 1015 957
f 3056 935 3055
f 908 3104 957
f 6934 6950 4745
f 6950 4747 879
f 910 3040 936
f 961 995 6908
f 939 959 977
f 939 977 6914
f 3058 7552 3041
f 960 6965 6915
f 863 3119 6935
f 3007 6935 6916
f 8245 5672 5706
f 8246 8231 5665
f 5699 978 5677
f 978 5700 5677
f 8223 8222 8241
f 6969 6921 8248
f 8249 6957 8223
f 6969 6936 6921
f 8250 6940 8223
f 6938 6922 4743
f 848 4749 4761
f 7512 7532 3038
f 6938 6946 4752
f 4752 6966 4750
f 3067 918 982
f 8236 5711 964
f 891 918 3067
f 3067 982 983
f 3067 983 7533
f 1000 1004 964
f 982 5669 983
f 985 987 966
f 7520 7536 967
f 967 7536 1008
f 987 988 968
f 7520 1033 7536
f 968 989 896
f 989 990 896
f 990 969 896
f 969 991 897
f 897 6947 948
f 897 948 924
f 902 1010 7534
f 1010 902 992
f 992 5659 7538
f 5659 7539 7538
f 8243 6930 949
f 951 972 7539
f 3061 8217 3089
f 5737 8265 6919
f 3068 952 3078
f 5661 3048 3091
f 4757 3034 1012
f 4757 1012 3083
f 1012 3017 5692
f 6912 5694 5674
f 5727 5692 5693
f 5693 5692 5684
f 6912 5674 872
f 8276 8254 5685
f 5694 3116 5685
f 955 906 1013
f 1013 931 993
f 6948 6949 8230
f 6948 8230 8258
f 931 4759 993
f 931 4769 4759
f 931 956 4769
f 6933 994 933
f 4751 6953 6934
f 3071 6928 6920
f 4741 960 885
f 6965 995 961
f 6916 997 3107
f 3050 3119 863
f 888 3075 996
f 888 996 6909
f 5676 998 5705
f 5705 998 5686
f 5687 5706 5672
f 3086 5687 3087
f 5699 3060 978
f 8247 8246 5688
f 8303 8245 8259
f 5698 5697 3060
f 5698 3060 5699
f 8303 8268 8245
f 8249 8223 8241
f 1039 5678 1065
f 8241 8213 8247
f 1041 5678 999
f 980 8251 4765
f 3065 3044 3088
f 981 916 4768
f 6936 5689 8233
f 916 4746 4768
f 6945 6971 3077
f 5711 5690 964
f 1043 5711 5716
f 1044 8236 6939
f 5690 8255 964
f 5711 8236 5716
f 1044 5716 8236
f 5702 3067 7533
f 8255 1000 964
f 7533 1002 1001
f 983 1028 7533
f 7533 1028 1002
f 1000 1003 1004
f 1004 1029 964
f 5669 1005 983
f 984 1005 5669
f 966 1006 985
f 964 1029 965
f 943 986 984
f 965 1006 966
f 985 1006 987
f 967 1008 943
f 987 1007 988
f 7536 1009 1008
f 988 1007 968
f 968 6962 990
f 968 990 989
f 970 6951 8243
f 991 8273 897
f 8273 6947 897
f 6951 6952 8243
f 7534 1010 7537
f 948 970 6929
f 8243 1034 6930
f 3090 3070 3069
f 3113 8218 3070
f 3113 3070 3090
f 974 4753 5691
f 5637 1011 3047
f 8256 8218 3113
f 3078 952 3128
f 952 5661 3091
f 4763 8239 8219
f 4764 6919 8196
f 8266 5694 6912
f 8274 5694 5704
f 954 5681 1036
f 8267 8244 8254
f 8274 3116 5694
f 8278 6948 8258
f 3116 8276 5685
f 956 7551 4769
f 6932 6963 6926
f 5695 5681 955
f 955 1013 5695
f 994 4782 1014
f 994 1014 933
f 8278 6949 6948
f 4781 6932 6949
f 957 3104 4776
f 931 932 956
f 1014 4782 3104
f 935 3093 7530
f 1015 1060 1016
f 1015 1016 909
f 6953 6950 6934
f 3040 7570 936
f 6950 6954 958
f 7535 1063 940
f 6965 6928 1017
f 6965 1017 6908
f 6874 1018 3049
f 6928 6955 3073
f 3049 3176 3097
f 3085 1019 3073
f 3073 1019 3075
f 3063 6917 6875
f 5724 5697 5698
f 5721 5665 5682
f 3108 5686 5683
f 3108 5683 5696
f 8259 8245 5706
f 8279 8246 5731
f 5731 8246 5665
f 8279 5688 8246
f 980 4765 1020
f 8268 6956 8248
f 1040 5677 5700
f 8260 4748 1021
f 8260 1021 8224
f 4766 4770 1022
f 4766 1022 4748
f 999 980 1020
f 5651 981 1092
f 1129 6958 6944
f 8295 8253 8252
f 5668 4735 4767
f 8261 8262 8253
f 8262 8288 8235
f 8262 8235 8234
f 981 4768 1092
f 4746 4761 4768
f 6946 6966 4752
f 1024 8255 5690
f 1024 5690 5711
f 5715 8263 7533
f 5715 7533 5713
f 5713 7533 1023
f 864 3067 5702
f 8263 5702 7533
f 1042 6959 1024
f 7533 1025 1023
f 1023 1025 5701
f 6959 1026 1024
f 1024 1026 8255
f 8255 1026 1000
f 7533 1001 1025
f 1026 1047 1000
f 1025 1001 1027
f 1001 1051 1027
f 1001 1002 1051
f 1000 6960 1003
f 984 7554 1005
f 1005 1028 983
f 1004 1054 1029
f 1029 1031 965
f 986 1030 984
f 965 1031 1006
f 1007 6961 968
f 6961 6962 968
f 7529 3111 1033
f 3124 969 990
f 6947 970 948
f 1010 992 7537
f 992 7538 7542
f 992 7542 7537
f 6952 1034 8243
f 7539 972 5703
f 5680 4744 3114
f 972 3047 5703
f 1011 3068 3078
f 8256 8238 1035
f 8256 1035 8218
f 3092 6912 4755
f 4758 4757 3083
f 1012 5692 5718
f 8266 6912 3092
f 1036 5681 5695
f 1036 5695 5720
f 5751 1058 1036
f 993 4759 4769
f 1013 993 4769
f 1013 4769 1086
f 6933 4782 994
f 1016 6953 4751
f 3050 3146 3095
f 4741 977 1037
f 4741 1037 960
f 1037 1038 960
f 6916 6935 997
f 3107 3120 791
f 6908 6928 3071
f 3074 3072 3051
f 3096 3095 3119
f 3096 3119 3050
f 5682 5676 5705
f 5705 5686 3108
f 3149 8259 5706
f 5706 5687 5707
f 5707 5687 3086
f 5707 3086 5708
f 5708 3086 3087
f 5708 3087 5697
f 5696 5683 1039
f 5696 1039 1065
f 5708 5697 1115
f 1065 5678 1041
f 3139 5699 1066
f 5699 5677 5709
f 5709 5677 1040
f 6956 6969 8248
f 8269 8280 8249
f 999 1020 1041
f 962 979 5710
f 5679 3123 4788
f 4767 4735 4771
f 4761 4778 4768
f 6958 6970 6937
f 6958 6937 6944
f 5725 8270 1024
f 5725 1024 5711
f 5711 1043 5732
f 5732 1043 1069
f 8270 1068 1024
f 1069 1043 5716
f 8271 5715 5713
f 1068 1042 1024
f 5713 1023 5712
f 8272 6959 1042
f 5715 864 8263
f 1046 3109 5714
f 5716 1044 6939
f 1023 5701 5714
f 1046 1045 3109
f 6959 8272 1026
f 5714 1025 1046
f 5701 1025 5714
f 8272 3110 1047
f 8272 1047 1026
f 1047 1049 1000
f 1025 1075 1048
f 1047 1073 1049
f 1025 1027 1075
f 1078 6960 1000
f 1049 1073 1000
f 1073 1078 1000
f 1002 7547 1051
f 1078 1052 6960
f 6960 1052 1003
f 1028 1053 1002
f 1003 1054 1004
f 984 1055 7554
f 1005 7554 1028
f 1006 1056 987
f 987 1056 1032
f 987 1032 1007
f 1030 1055 984
f 943 1055 986
f 986 1055 1030
f 943 1008 1055
f 1032 6972 1007
f 8273 970 6947
f 4773 6952 6951
f 8292 3101 6930
f 8292 6930 1034
f 8273 8282 6951
f 8273 6951 970
f 8282 4773 6951
f 7542 7538 3158
f 7538 7539 3158
f 4773 4791 6952
f 3047 1011 3126
f 3102 3112 3061
f 3103 1011 3078
f 3112 3090 3069
f 3113 3090 3112
f 7549 8256 3113
f 5718 5692 5727
f 1083 3048 3079
f 1083 3079 3081
f 7577 8226 3080
f 5719 5704 5694
f 5719 5694 5728
f 3082 4757 1057
f 3083 1012 5718
f 3083 5718 5717
f 5738 5684 1058
f 5727 5693 5738
f 5728 5694 8266
f 5738 5693 5684
f 5729 8274 5704
f 5695 1013 1086
f 8275 8276 3116
f 8277 8258 8244
f 8277 8244 8267
f 1060 4777 4760
f 1060 4760 1016
f 4792 4774 8278
f 4774 6949 8278
f 4774 4781 6949
f 6963 6964 6926
f 4776 1060 1015
f 7524 1061 3094
f 6953 4760 6950
f 6950 6968 6954
f 7546 976 1062
f 7546 1062 938
f 3072 3074 1018
f 3072 1018 6874
f 5723 1115 5697
f 5723 5697 5724
f 5731 5665 3148
f 3148 5665 5721
f 3155 5721 5682
f 3108 5696 3138
f 5722 8303 8259
f 8286 8268 8303
f 8308 8241 8247
f 5698 5699 3139
f 1066 5699 5709
f 6982 6956 8268
f 5709 1040 5700
f 8280 6957 8249
f 6970 6971 6937
f 8287 8261 8253
f 4771 5651 1092
f 4761 4756 4778
f 5744 5711 5732
f 4749 7541 4756
f 6938 4779 6946
f 4762 7541 7532
f 5744 5725 5711
f 5725 1068 8270
f 8281 1067 1068
f 5746 5714 5733
f 5746 1023 5714
f 1068 1067 1042
f 5715 1093 4762
f 8271 5713 8290
f 8290 5713 5712
f 1067 8281 8272
f 1093 5715 8271
f 1067 8272 1042
f 1069 5716 5726
f 1094 5726 4750
f 5726 5716 6939
f 5726 6939 4750
f 8281 1070 8272
f 5714 3109 5733
f 3109 1045 5733
f 8272 1070 3110
f 1045 1046 1097
f 1070 1071 3110
f 1046 1072 1097
f 1046 1025 1072
f 1071 1047 3110
f 1025 1048 1102
f 1025 1102 1072
f 1071 1100 1047
f 1047 1100 1073
f 1073 1074 1077
f 1027 1105 1050
f 1050 1076 1027
f 1027 1076 1075
f 1076 1050 1075
f 1077 1078 1073
f 1027 1051 1105
f 1003 1107 1054
f 1053 1079 1002
f 1081 1109 1029
f 1052 1080 1003
f 1028 1108 1053
f 1053 1108 1079
f 1028 7554 1108
f 1054 1081 1029
f 6961 990 6962
f 1029 1082 1031
f 1031 6977 1006
f 6972 6961 1007
f 7548 7542 3158
f 7577 6967 8226
f 4791 8292 6952
f 8292 3089 3101
f 5718 5727 1147
f 1111 3091 1083
f 1057 4757 4758
f 8312 3116 1085
f 8312 1085 8283
f 8283 1085 3116
f 8284 8277 8267
f 5719 5729 5704
f 8283 3116 8274
f 1058 1084 5738
f 1084 1058 5751
f 1036 1059 1112
f 8284 8258 8277
f 5720 5695 1086
f 5720 1086 4780
f 4836 8278 8258
f 4836 8258 8284
f 4774 4802 4781
f 4783 1088 959
f 1088 4783 6989
f 1088 6989 959
f 4782 4776 3104
f 1038 3143 6965
f 4760 1087 6950
f 7550 975 7560
f 7550 7560 7570
f 3117 4783 959
f 6955 6975 3073
f 6989 1089 959
f 1089 6989 977
f 6974 6955 6928
f 8299 8279 5731
f 3075 1019 996
f 3155 5682 5730
f 5730 5682 5705
f 3121 5724 5698
f 5705 3108 5740
f 3149 5706 5707
f 8285 5688 8279
f 3138 5696 1064
f 1041 4787 4786
f 8304 8308 5688
f 8286 4823 8268
f 3139 1066 5709
f 7593 8250 6957
f 5755 4765 3065
f 4823 6982 8268
f 8269 8249 8241
f 8287 8253 8295
f 4789 5668 1091
f 6976 8309 6969
f 6976 6969 6956
f 1041 1020 4787
f 3122 5700 5710
f 4790 6943 6942
f 7593 8260 6940
f 7593 6940 8250
f 8310 963 4770
f 4767 4771 1092
f 8288 4821 6942
f 8288 6942 6941
f 4821 4790 6942
f 4779 1176 6946
f 1131 8289 5725
f 1117 5732 4772
f 8289 8297 1068
f 8289 1068 5725
f 8297 8281 1068
f 5747 1023 5746
f 5748 8290 5712
f 8297 8291 8281
f 4772 5732 1069
f 5734 8271 8290
f 5734 1093 8271
f 8291 1118 8281
f 1069 5726 5735
f 5735 5726 6966
f 4762 1093 5734
f 5726 1094 6966
f 5733 1095 1116
f 5733 1045 1095
f 1118 6986 1096
f 1118 1096 8281
f 8281 1096 1070
f 1096 6986 1070
f 6986 1121 1070
f 1072 1101 1097
f 1070 1098 1099
f 1070 1099 1100
f 1070 1100 1071
f 1072 1102 1101
f 1099 1074 1073
f 1102 1125 1101
f 1100 1099 1073
f 1075 1103 1048
f 1048 1103 1102
f 1078 1106 1052
f 1074 1104 1077
f 1050 1105 1075
f 1080 1054 1107
f 1079 1146 1002
f 1002 1146 7547
f 1108 1165 1079
f 1079 1165 1146
f 1080 1107 1003
f 1054 1109 1081
f 1109 1082 1029
f 1110 6979 8273
f 6979 8282 8273
f 1008 1009 1055
f 5703 3047 3126
f 5703 3126 3160
f 7537 3158 5749
f 8282 4791 4773
f 3125 3127 3102
f 3126 3103 3078
f 7549 3113 3112
f 8307 8257 8238
f 8307 8238 7549
f 3128 3091 1111
f 1083 3081 5762
f 1147 5717 5718
f 5728 8266 5736
f 5736 8266 8240
f 5736 8240 5737
f 1147 5727 5738
f 8267 8276 8275
f 8274 5729 8283
f 8283 5729 5719
f 5738 1084 5751
f 5751 1036 5739
f 8314 8275 3116
f 1062 7567 975
f 1036 1112 5739
f 8294 8284 8267
f 1059 1036 5720
f 1059 5720 3173
f 7552 3133 7561
f 1018 3176 3049
f 3085 1114 1019
f 3136 997 3189
f 3136 3189 3107
f 8300 8259 3149
f 3148 5721 1167
f 1167 5721 3155
f 3137 5708 1115
f 3137 1115 5741
f 8300 5722 8259
f 3137 3149 5707
f 3137 5707 5708
f 5741 1115 5723
f 5741 5723 5724
f 8301 8285 8279
f 8301 8279 8299
f 3108 3138 5742
f 1064 1065 5743
f 1064 5696 1065
f 8287 8262 8261
f 1065 1041 4786
f 1065 4786 5743
f 6982 6976 6956
f 3123 5668 4789
f 4790 6944 6943
f 4756 1150 4778
f 1131 5725 5744
f 5767 8296 1131
f 1131 8296 8289
f 5745 5744 5732
f 5745 5732 1151
f 5747 5746 8305
f 8296 8297 8289
f 5770 1023 5747
f 5746 5733 8305
f 1151 5732 1117
f 5770 5712 1023
f 6984 8291 8297
f 7541 4762 5772
f 5748 5772 8290
f 4772 5735 6966
f 4762 5734 5772
f 5772 5734 8290
f 6984 8298 1118
f 6984 1118 8291
f 4772 1069 5735
f 5761 7557 1133
f 5761 1119 7557
f 8298 6985 1118
f 5761 1116 1119
f 6985 6986 1118
f 1116 1095 1119
f 1045 1122 1120
f 6986 1137 1121
f 1095 1045 1120
f 1097 1122 1045
f 1123 1070 1121
f 1070 1123 1098
f 1101 1124 1097
f 1103 1145 1102
f 1105 1051 7563
f 1075 1145 1103
f 1105 7563 1075
f 1075 7563 1145
f 1054 1126 1082
f 1054 1082 1109
f 7547 1146 1051
f 6977 1056 1006
f 1052 1106 1080
f 1080 1106 1054
f 1055 7555 7554
f 1082 6977 1031
f 7537 5749 3100
f 6972 3151 990
f 3124 3152 6979
f 6979 1110 991
f 6980 8282 6979
f 5749 3158 7568
f 6981 8292 4791
f 5703 4785 3158
f 3114 4744 3130
f 8306 3125 8292
f 8293 4763 6967
f 5737 8240 8265
f 4815 8267 8314
f 5738 3115 5750
f 6964 4775 4782
f 4777 6988 6978
f 4777 6978 4760
f 3115 5738 1128
f 1128 5738 5751
f 8313 8314 8312
f 5739 1112 1059
f 3173 5720 4780
f 1061 3132 3094
f 3234 4798 4760
f 3164 6974 6928
f 6974 6975 6955
f 8299 5731 5752
f 5752 5731 3148
f 8300 8302 5722
f 5741 5724 5753
f 5753 5724 3121
f 4831 8241 8308
f 3121 5698 3139
f 3121 3139 5754
f 3088 1090 5756
f 3139 5709 5783
f 4790 4833 1129
f 4790 1129 6944
f 4787 1020 5755
f 8352 8310 4770
f 4800 3123 5757
f 4789 1091 4767
f 4789 4767 5758
f 1150 1130 4778
f 4795 3180 3077
f 5759 5767 1131
f 5759 1131 5765
f 1131 5744 5760
f 5760 5744 5745
f 5777 8296 5767
f 5768 8305 5733
f 5768 5733 1116
f 5768 1116 5761
f 1174 8297 5777
f 5796 5761 1132
f 1174 6984 8297
f 5777 8297 8296
f 1151 1117 1176
f 1176 1177 6946
f 5748 5712 5770
f 1132 5761 1133
f 1135 4772 6966
f 1177 1135 6966
f 1177 6966 6946
f 6984 6985 8298
f 7557 1119 1133
f 1095 1120 1138
f 1095 1138 1119
f 1157 1137 6986
f 1124 1141 1097
f 1097 1141 7562
f 1137 1157 1121
f 1122 1139 1120
f 1157 1140 1121
f 1121 1140 1123
f 1125 3199 1101
f 1097 7562 1122
f 1145 1144 1102
f 1102 1144 1125
f 1124 1101 1141
f 1123 1142 1098
f 1098 1142 1099
f 1142 1143 1099
f 1077 1104 1164
f 1077 1164 1078
f 1099 1162 6994
f 1099 6994 1074
f 7563 1146 1145
f 1146 7563 1051
f 3151 3124 990
f 1106 1166 1126
f 1106 1126 1054
f 6977 6987 1056
f 1056 6972 1032
f 3158 4785 1127
f 1243 6980 6979
f 3126 3161 3160
f 6991 6981 4791
f 3172 3129 4797
f 3159 5703 3160
f 1189 1147 3153
f 8307 7556 7543
f 5719 5728 5764
f 4758 3083 5763
f 5763 3083 5717
f 5763 5717 1147
f 5738 5750 5789
f 8339 8283 5719
f 5764 5728 5736
f 5764 5736 5737
f 1147 5738 5789
f 1060 6988 4777
f 3132 1149 935
f 5750 3115 5774
f 8317 8312 8283
f 5739 1059 3173
f 4780 4769 1148
f 3095 3165 6935
f 3095 6935 3119
f 8301 8299 5752
f 5740 3108 3179
f 8309 6976 6982
f 8320 8285 8301
f 3121 5754 4817
f 1092 4768 1171
f 5755 1020 4765
f 4784 1213 1171
f 4819 4766 4748
f 5757 3123 4789
f 4768 4784 1171
f 5785 5767 5765
f 5766 1131 5760
f 5765 1131 5766
f 8322 5777 5767
f 5767 5759 5765
f 5796 5768 5761
f 5769 1132 1133
f 5760 5745 1151
f 5771 5770 5747
f 5771 5747 8305
f 5796 1132 5769
f 5776 1133 1204
f 1174 6997 6984
f 1176 1117 1177
f 7541 5772 1153
f 7541 1153 1152
f 5779 5772 5748
f 1133 1134 1204
f 6997 1154 6985
f 6997 6985 6984
f 1117 1135 1177
f 1153 5772 1152
f 1133 1119 1134
f 1154 1179 6985
f 1119 1155 1134
f 1179 1181 6986
f 1179 6986 6985
f 1119 1156 1155
f 1119 1136 1156
f 1119 1186 1158
f 1181 1157 6986
f 1119 1158 1136
f 1157 1159 1140
f 1120 1186 1138
f 1138 1186 1119
f 1120 1139 1186
f 1159 1196 1140
f 7562 1160 1122
f 7562 1141 1160
f 1140 1161 1123
f 1074 6994 1104
f 1125 1144 3199
f 1143 1162 1099
f 1078 1164 1106
f 1145 1163 1144
f 6972 3169 3151
f 3209 1166 1106
f 7554 3240 1108
f 8325 1243 6979
f 1082 3168 6987
f 1082 6987 6977
f 6980 6991 8282
f 6991 4791 8282
f 3082 1057 4758
f 4758 5763 5780
f 4797 3129 3130
f 1199 5719 5764
f 1199 5764 3162
f 1147 5789 3153
f 5774 3115 1128
f 1128 5751 5774
f 6989 4793 977
f 6992 8278 4836
f 6992 4792 8278
f 6992 4774 4792
f 6968 3174 4783
f 6968 4783 3117
f 3205 1167 3155
f 3134 3184 7552
f 5752 3148 1167
f 5752 1167 3205
f 8319 8300 3149
f 3205 5730 5705
f 3205 5705 5740
f 8319 3149 1168
f 8319 1168 5775
f 5775 1168 3156
f 5775 3156 3149
f 5775 3149 3137
f 8342 4823 8303
f 5753 3121 4817
f 8315 6983 8262
f 3138 1064 1169
f 1064 5743 1169
f 6993 8309 6982
f 7582 7593 1170
f 7582 1170 8280
f 4794 4788 4800
f 4794 4800 3267
f 4834 1092 1171
f 1213 4812 1171
f 4833 6958 1129
f 1202 5767 5785
f 3198 5785 5765
f 3198 5765 5766
f 1202 8322 5767
f 8322 8323 5777
f 8305 5768 5796
f 5797 8305 5786
f 3180 1172 3077
f 5771 8305 5797
f 5797 5770 5771
f 5769 1133 5776
f 8323 1174 5777
f 5760 1151 1175
f 5778 5770 5797
f 5779 5748 5778
f 5778 5748 5770
f 1204 1134 1178
f 8323 6997 1174
f 1151 1176 1190
f 1152 5772 5779
f 8335 6998 6997
f 6998 1154 6997
f 1155 1180 1178
f 1192 1181 1179
f 6998 6999 1179
f 6998 1179 1154
f 1134 1155 1178
f 1183 1217 1157
f 1155 1182 1180
f 1192 1183 1181
f 1155 1156 1182
f 1186 1185 1184
f 1181 1183 1157
f 1136 1182 1156
f 1122 1187 1139
f 1136 1158 1182
f 1158 1186 1184
f 1158 1184 1182
f 1140 1197 1161
f 1157 1195 1159
f 1139 7574 1186
f 1143 1142 6994
f 1143 6994 1162
f 1139 1187 7574
f 1122 1160 1187
f 6990 1164 1104
f 1101 3199 1141
f 1146 3192 1145
f 6994 6990 1104
f 1165 1188 1146
f 1146 1188 3167
f 1164 6995 1106
f 3272 3169 6972
f 5807 3210 3125
f 1243 6991 6980
f 7568 3158 4826
f 1111 1083 3171
f 1127 4801 3158
f 6991 8292 6981
f 4801 1127 3181
f 8326 8283 8339
f 3159 3160 5787
f 8326 8317 8283
f 5780 5763 5781
f 5781 5763 1147
f 5781 1147 1189
f 8339 5719 1199
f 1210 1189 3153
f 7570 7580 3132
f 7567 7581 7560
f 5740 3179 5782
f 3205 5740 1200
f 5754 3139 5783
f 8321 8352 4766
f 8346 8329 8300
f 5757 4789 5758
f 4767 1092 4834
f 5803 5796 5776
f 5784 8322 1202
f 3190 5797 5786
f 5796 5769 5776
f 5776 1204 5804
f 3268 5766 5760
f 8350 5779 5778
f 3180 1151 1190
f 3180 4779 1172
f 3180 5760 1175
f 8349 6997 8323
f 3180 1175 1151
f 3180 1190 1176
f 3180 1176 4779
f 1204 1178 1173
f 1178 1191 1173
f 6999 1192 1179
f 1182 1184 1208
f 1217 1193 1157
f 1182 1208 1180
f 1141 7599 1160
f 1160 7599 1187
f 1193 1194 1157
f 1194 1195 1157
f 1186 7574 1185
f 1196 1197 1140
f 1145 3192 1163
f 1161 1142 1123
f 6995 3209 1106
f 1142 7006 6994
f 6990 7000 1164
f 3168 1056 6987
f 3152 8325 6979
f 3100 5749 7575
f 5749 7568 7575
f 7001 8343 1198
f 7001 1198 6991
f 4814 5807 8292
f 4814 8292 1198
f 3181 5703 3159
f 3181 3159 5787
f 3160 3161 1226
f 1226 3161 5788
f 8359 8313 8312
f 3182 5781 1189
f 3182 1189 1210
f 4837 4780 1148
f 5774 5751 5739
f 8328 7551 7594
f 4798 3234 4804
f 3237 8301 5752
f 3237 5752 5791
f 7002 3085 6975
f 3106 4830 3063
f 3106 3063 3135
f 8330 8308 8304
f 3205 1200 5792
f 5792 1200 5740
f 8360 8300 8319
f 5793 5741 5753
f 8331 6969 8309
f 3196 5753 4817
f 4786 5755 4824
f 4794 3267 3266
f 4825 4832 8310
f 5802 5784 1202
f 1233 8322 5784
f 1202 5785 3197
f 3197 5785 3198
f 3197 3198 5795
f 5803 5776 5804
f 8322 1233 8323
f 5786 8305 5796
f 8324 5778 8333
f 3198 5766 3268
f 8354 8349 8323
f 5804 1204 1173
f 5804 1173 1203
f 8354 8323 1233
f 8334 6997 8349
f 8333 5778 5797
f 1214 1203 1234
f 5798 5760 3180
f 8350 5778 8324
f 5799 4796 5779
f 5799 5779 8357
f 8357 5779 8350
f 8334 8335 6997
f 1203 1173 1234
f 8336 6998 8335
f 8336 7003 6998
f 1205 1173 1221
f 7003 6999 6998
f 1234 1173 1205
f 6999 7007 1192
f 1178 1207 7588
f 1178 3191 1206
f 1178 1206 1191
f 1191 1206 1173
f 7007 7004 1192
f 1184 1207 1208
f 3191 1178 7588
f 7004 7008 1192
f 1185 1209 1184
f 1178 1180 1207
f 1208 1207 1180
f 1192 7005 1183
f 1187 3208 7574
f 7574 3208 1185
f 1184 1209 1207
f 1159 7018 1196
f 1196 7009 1142
f 1196 1142 1197
f 1142 1161 1197
f 3317 7006 1142
f 1163 3192 1144
f 3169 4857 3151
f 1164 3209 6995
f 7024 7013 6991
f 1056 3242 3272
f 4806 3170 7575
f 1243 7024 6991
f 3158 4801 4826
f 8337 7576 3210
f 3082 5780 3130
f 3130 5780 5781
f 8339 1199 5812
f 7583 7595 7601
f 7583 7601 7570
f 3245 8317 8326
f 1210 3153 5789
f 3245 8318 8317
f 3216 3285 3204
f 3216 3204 3037
f 8359 8312 8318
f 8327 4815 8314
f 8341 4836 8294
f 4802 5800 4809
f 3179 5742 1169
f 3179 1169 5782
f 1087 4816 3174
f 4793 3214 3175
f 8345 8301 3237
f 5793 5753 3196
f 5754 5783 4817
f 1169 4824 5837
f 1169 4786 4824
f 6958 4844 6970
f 4839 8331 8309
f 4805 5710 1211
f 4805 1211 3252
f 3207 5794 1212
f 4800 1229 3225
f 5757 5758 1201
f 1255 5802 1202
f 1255 1202 3197
f 3190 5796 5803
f 5805 5804 1203
f 1277 5795 3198
f 3190 5786 5796
f 1277 3198 3268
f 8333 5797 3190
f 8355 8350 8333
f 8333 8350 8324
f 4796 5799 8357
f 3268 5760 5798
f 4796 8357 7573
f 8336 8335 8349
f 8349 8335 8334
f 1220 7003 8336
f 1234 1205 1221
f 1234 1221 1246
f 1173 1239 1221
f 1173 7587 1239
f 7008 7005 1192
f 1173 1206 7587
f 1209 7596 1207
f 1216 7022 1217
f 1216 1217 1183
f 7588 1215 3191
f 3191 1215 1206
f 7588 1207 1215
f 7005 1216 1183
f 1195 7018 1159
f 1187 1218 3208
f 1196 1224 7009
f 7599 1218 1187
f 6994 7000 6990
f 4826 7607 7568
f 3170 4806 4849
f 3151 8325 3152
f 7013 7011 6991
f 7011 7001 6991
f 3130 5781 3182
f 3130 3182 1227
f 8343 5807 4814
f 3275 3194 7589
f 5788 1219 1111
f 1210 5789 5801
f 3251 8320 7585
f 8269 8241 4831
f 8348 4839 6993
f 4839 8309 6993
f 4824 5755 3238
f 5816 5784 5809
f 5809 5784 5802
f 5816 1233 5784
f 3197 5795 5806
f 5795 1277 5806
f 7019 8349 8354
f 3226 5798 3180
f 8351 1220 8336
f 1220 1235 6999
f 1220 6999 7003
f 1221 1222 1246
f 1235 7017 6999
f 7017 7007 6999
f 7017 1238 7007
f 1207 7596 3239
f 7005 7022 1216
f 1206 1215 7587
f 7007 7008 7004
f 7007 1240 7008
f 7018 1224 1196
f 7008 1242 7005
f 1185 7606 1223
f 1185 1223 1209
f 1193 7018 1194
f 7010 3227 6994
f 7000 7012 1164
f 3168 3242 1056
f 3272 4857 3169
f 4806 7575 1225
f 3230 7024 1243
f 7568 7607 7575
f 3160 1226 1297
f 4809 4827 3201
f 3212 1199 8311
f 3130 1227 5835
f 5835 1227 3182
f 5835 3182 3276
f 3215 3236 3165
f 5789 5750 5801
f 5801 5750 5774
f 5801 5774 3231
f 5790 3173 4837
f 5808 1228 8319
f 7597 8328 7594
f 3144 7614 3134
f 5782 1169 4822
f 8367 1228 5808
f 8370 8320 8345
f 4838 8348 6993
f 4839 3207 8331
f 1266 1203 1230
f 8353 8315 4811
f 4848 5758 4820
f 4844 7014 6970
f 5809 5802 1255
f 3190 5803 5810
f 1230 1214 5822
f 5817 5816 5809
f 1255 3197 5834
f 5834 3197 5806
f 1231 1233 5816
f 5810 5803 5804
f 5810 5804 1266
f 1266 5804 5805
f 1266 5805 1203
f 1230 1203 1214
f 5822 1214 1234
f 5822 1234 1232
f 1232 1234 1244
f 1231 8354 1233
f 8376 8333 3190
f 1244 1234 1245
f 1245 1234 1246
f 7015 5826 8349
f 7015 8349 7019
f 7016 8351 5826
f 5826 8336 8349
f 8356 8350 8355
f 3268 5798 3226
f 8356 8357 8350
f 7016 1220 8351
f 5826 8351 8336
f 7016 1235 1220
f 1257 1246 1248
f 1246 1222 1236
f 1246 1236 1248
f 1221 1237 1222
f 1221 1239 1237
f 7020 1238 7017
f 7587 3254 1239
f 7587 1215 3254
f 1238 1240 7007
f 1194 7018 1195
f 1240 1250 7008
f 7008 1250 1241
f 1241 1250 1242
f 1241 1242 7008
f 3199 7599 1141
f 3239 3316 1207
f 1218 3255 3208
f 3209 3336 3271
f 3230 8325 3151
f 8358 8337 3210
f 8325 3230 1243
f 7575 7607 1225
f 4826 3181 7607
f 7608 3275 7589
f 8364 8326 5811
f 5811 8326 8339
f 5811 8339 5812
f 3182 1210 5801
f 3182 5801 3231
f 3231 5774 3246
f 3246 5739 4871
f 3232 4967 6992
f 4775 5813 4803
f 4828 4829 3234
f 3213 4852 6989
f 3249 3206 3250
f 3264 3237 5791
f 3264 5791 3249
f 3249 5791 3205
f 3249 3205 3206
f 3250 3206 5814
f 8367 8360 8319
f 5815 5808 5775
f 5775 3224 5815
f 7585 8320 8370
f 3223 5792 5782
f 5817 5809 1255
f 7686 4838 4823
f 1229 5757 3253
f 5830 5816 5817
f 8361 3190 5810
f 5828 8354 1231
f 5828 7019 8354
f 8362 8376 3190
f 7019 5826 7015
f 8355 8333 8376
f 3268 3226 5818
f 8376 8356 8355
f 5818 3180 4795
f 5819 7573 8357
f 1245 1246 1257
f 1259 8363 7016
f 1259 7016 5826
f 8363 1235 7016
f 1222 1249 1236
f 1257 1248 1247
f 7026 1261 1235
f 1261 7017 1235
f 1261 7020 7017
f 1285 1250 1240
f 1236 1249 1248
f 1222 1237 1249
f 1239 3254 1237
f 1238 7021 1285
f 1238 1285 1240
f 1207 1251 1215
f 1242 7022 7005
f 1217 7022 7018
f 1217 7018 1193
f 7018 1273 1224
f 7607 7628 1225
f 7024 7011 7013
f 7011 1252 7001
f 4774 5820 5800
f 5835 1253 3130
f 3264 8345 3237
f 8365 3245 8326
f 3276 3182 3231
f 7615 8359 8318
f 7584 3261 7602
f 3133 3261 7584
f 7624 4831 8330
f 3250 5814 3223
f 4841 3267 3225
f 4841 3225 3346
f 5821 3224 3137
f 8368 8342 8346
f 4824 4840 5837
f 8369 8321 4819
f 1201 5758 4848
f 5828 5816 5830
f 8361 5810 1266
f 5831 5822 1232
f 5828 1231 5816
f 5823 1255 5834
f 3314 8362 3190
f 3314 3190 5824
f 5824 3190 8361
f 1232 1244 5832
f 5832 1244 1256
f 5825 5834 5806
f 1267 7019 5828
f 5825 5806 3279
f 1256 1244 1245
f 1267 5826 7019
f 4835 7573 5819
f 5819 8357 8356
f 1258 1277 3268
f 7025 1259 5826
f 7025 8363 1259
f 1257 1247 1260
f 1248 1263 1262
f 7025 7026 8363
f 8363 7026 1235
f 1237 3269 1249
f 1247 1248 1262
f 1248 1249 1263
f 1261 7031 7020
f 1209 3316 3239
f 7020 7021 1238
f 1215 1251 3280
f 7606 3316 1209
f 7607 3273 5827
f 1297 1226 5788
f 1297 5788 3292
f 1225 7628 4880
f 1286 7041 7024
f 7607 5827 7628
f 8390 8318 3245
f 7615 8318 8390
f 8344 5807 1252
f 3273 3181 5827
f 5787 3160 3274
f 4810 4860 3259
f 3130 1253 3302
f 3302 1253 5835
f 8390 3245 8365
f 3231 3246 3341
f 4827 4872 4860
f 7601 7616 7580
f 4847 3213 3174
f 8370 8345 3264
f 3308 8360 8367
f 3383 5783 1265
f 5783 4854 1265
f 4821 8288 6983
f 5832 5831 1232
f 5829 5828 5830
f 1230 5822 3289
f 3289 5822 5831
f 5841 5817 1255
f 5833 1267 5828
f 5833 5828 5838
f 5823 5834 5841
f 3314 5824 1266
f 1266 5824 8361
f 1256 1245 5832
f 8376 8362 3314
f 1269 1267 5833
f 8371 1269 5833
f 5832 1245 1257
f 5832 1257 1268
f 1269 5826 1267
f 3279 5806 1277
f 8371 7025 1269
f 1269 7025 5826
f 1277 1258 3279
f 1258 3268 3279
f 8377 5819 8356
f 8377 8356 8376
f 4835 5819 8377
f 8371 7029 7025
f 1257 1271 1268
f 1268 1271 1270
f 1268 1270 1281
f 1257 1260 1271
f 7029 7026 7025
f 1260 1247 1271
f 7029 7030 7026
f 1272 1285 7021
f 7026 7031 1261
f 7020 7045 1272
f 7020 1272 7021
f 1215 3280 3254
f 3274 3160 1297
f 7032 3336 3209
f 1295 3168 3228
f 7041 7033 7024
f 7024 7033 7011
f 7662 7608 7589
f 3243 4797 3211
f 5800 5836 4809
f 3247 6975 6974
f 8373 4821 6983
f 8373 6983 8315
f 4821 4833 4790
f 8372 3251 7585
f 3223 5782 4822
f 1290 5828 5829
f 4939 3332 4839
f 3289 5832 5839
f 3312 5838 1290
f 1290 5838 5828
f 8374 5833 5838
f 1290 5829 5830
f 3289 5831 5832
f 5839 5832 5844
f 8374 8375 5833
f 5840 5830 5817
f 5840 5817 5841
f 8375 8371 5833
f 5841 1255 5823
f 5844 5832 5842
f 5841 5834 5825
f 8375 1291 8371
f 3314 8383 8376
f 5832 1268 5842
f 1291 7029 8371
f 1268 1275 5842
f 1291 7036 7029
f 1275 1292 1276
f 1268 1278 1275
f 1275 1278 1292
f 1299 3268 5843
f 7036 1293 1279
f 7036 1279 1280
f 1280 1279 7029
f 7036 1280 7029
f 1268 1281 1278
f 1282 1283 7029
f 1281 1270 1284
f 1279 1282 7029
f 1270 1271 1284
f 7031 7037 7020
f 1283 7030 7029
f 1247 1309 1271
f 1271 1309 1284
f 1247 1262 1309
f 7030 7037 7031
f 7030 7031 7026
f 7037 7045 7020
f 7045 1285 1272
f 3241 3291 3229
f 7033 1287 7011
f 3295 8364 5811
f 1296 4849 1225
f 3230 7041 1286
f 3230 1286 7024
f 8358 8344 1287
f 8400 8337 8358
f 8400 8358 8378
f 3436 7662 8337
f 3372 3244 8364
f 3372 8364 3295
f 3295 5811 5812
f 3295 5812 4845
f 3277 3298 7636
f 3277 7636 1114
f 4809 4872 4827
f 7647 7597 7600
f 7649 8347 3251
f 7571 7598 7629
f 3236 3343 3217
f 4843 4834 4875
f 4939 1288 8348
f 5852 1290 5830
f 4834 4856 1289
f 4834 1289 4875
f 4821 4886 4833
f 3312 8374 5838
f 8380 3289 5839
f 8380 5839 5844
f 5844 5842 5850
f 5850 5842 1275
f 5852 5830 5840
f 8387 1266 1230
f 8374 5849 8375
f 5849 8388 1291
f 5849 1291 8375
f 8382 8383 8381
f 8388 7036 1291
f 8381 8383 3314
f 7039 7036 8388
f 1275 1276 5845
f 7039 7040 7036
f 7043 1293 7036
f 7040 7043 7036
f 1281 1284 1302
f 1278 1281 1294
f 1281 1302 1294
f 1283 7047 7030
f 7030 7045 7037
f 3336 7032 1295
f 1297 3292 3321
f 4915 3230 4857
f 3177 4883 3189
f 3397 3244 3372
f 3399 8359 1298
f 3399 1298 7615
f 8386 8366 7613
f 8386 7613 7597
f 4860 4892 3259
f 5847 8374 3312
f 4820 4843 4875
f 4856 4876 4875
f 8397 8374 5847
f 8397 5849 8374
f 5856 3312 1290
f 5856 1290 5852
f 8387 1230 3289
f 8387 3289 5857
f 5857 3289 8380
f 8380 5844 5848
f 1303 5844 5850
f 5850 1275 5845
f 8397 8388 5849
f 7640 4877 4856
f 8393 8383 8382
f 5825 3279 3366
f 8393 8376 8383
f 3348 8377 8393
f 1278 1294 1292
f 7039 7042 7040
f 5858 1299 4795
f 1293 7044 1282
f 1293 1282 1279
f 7040 7042 7043
f 7043 7052 1293
f 3167 3320 3270
f 7046 4891 7033
f 3299 3368 1273
f 8390 3399 7615
f 8389 4915 4857
f 7041 7046 7033
f 3288 3250 3309
f 4869 5827 4916
f 3373 3295 3396
f 4848 4820 4875
f 5845 1306 5853
f 5848 5844 1303
f 1303 5850 1304
f 5859 5841 5825
f 1306 5845 1310
f 5845 4878 1310
f 4878 5845 1292
f 4878 1292 1310
f 5845 1276 1292
f 7049 7043 7042
f 1293 7051 7044
f 7630 7650 3208
f 1282 7044 7047
f 1282 7047 1283
f 7047 7045 7030
f 1263 1309 1262
f 1311 4906 3230
f 3437 4858 3243
f 4868 4879 3281
f 4879 4868 1225
f 1311 3230 4915
f 7041 4898 7046
f 7033 8378 8358
f 8385 7612 8366
f 7695 7647 7048
f 5855 5847 3312
f 5855 3312 5856
f 3331 3265 3382
f 5857 8380 8387
f 8387 8380 3313
f 8387 3313 3446
f 3429 8396 8397
f 3429 8397 5855
f 5855 8397 5847
f 1303 1304 5848
f 1304 5850 5853
f 3446 3313 8380
f 3446 8380 5848
f 8396 3347 8397
f 8403 7039 8388
f 8398 8388 8397
f 7039 7049 7042
f 3412 3314 8399
f 8393 8382 8381
f 5853 1306 4895
f 1292 1294 1310
f 7050 7043 7049
f 7050 7052 7043
f 3334 4889 7045
f 1225 4880 7677
f 4906 7041 3230
f 3466 8346 1308
f 3466 1308 7637
f 3322 3301 3370
f 4862 4848 4875
f 3277 3425 3298
f 8398 8397 3347
f 8401 7586 4874
f 8398 3347 8396
f 4941 7050 7049
f 5850 5845 5853
f 3349 3348 8393
f 4906 4898 7041
f 4898 4891 7046
f 1294 7676 1310
f 1302 4913 1294
f 7052 7051 1293
f 3292 3293 5861
f 4965 3355 3455
f 1300 4869 7677
f 4916 5827 3419
f 3321 3419 1297
f 3385 4854 3311
f 4941 7049 7039
f 8403 8388 8398
f 4912 3348 3349
f 7053 4941 7039
f 7053 7039 8403
f 4895 1306 1310
f 4913 7676 1294
f 7051 7055 7044
f 7044 7055 7054
f 7044 7054 7047
f 8405 4819 7035
f 4900 5860 5836
f 3359 3460 3248
f 1305 5841 3389
f 5854 4822 4932
f 7055 7051 7052
f 3388 5848 1304
f 3388 1304 5853
f 3389 5841 5859
f 5853 1310 3433
f 3394 3292 5861
f 4928 1311 4915
f 7654 3396 3421
f 4965 3243 3355
f 3455 3302 3438
f 3401 7056 3215
f 3475 7673 3397
f 5859 3366 3389
f 4928 4943 4906
f 4928 4906 1311
f 3437 3243 4965
f 4822 4909 4978
f 3390 7055 7052
f 3435 3281 1313
f 7683 3373 7654
f 3438 3302 4930
f 3438 4930 5864
f 7677 4929 4984
f 4944 4898 1314
f 3518 3397 3398
f 3398 3397 4936
f 8406 7655 7673
f 3527 3432 3349
f 3430 3468 8402
f 3549 7692 3436
f 3563 4978 3384
f 3563 3384 3408
f 3468 3492 8402
f 3503 3563 3408
f 4947 3410 4957
f 3416 5865 3417
f 8387 3446 3508
f 3508 3446 7062
f 7764 7672 7693
f 8407 7676 7680
f 4916 3419 7700
f 3430 8387 3468
f 7700 4962 4869
f 3429 3469 3481
f 3482 3565 3411
f 3469 3387 3525
f 1305 3389 5866
f 1305 5866 3431
f 7053 8403 3493
f 3388 5853 3433
f 4965 3455 3438
f 3621 4978 3563
f 8396 7690 7667
f 8396 3506 7690
f 3487 5864 4988
f 4974 3433 4960
f 4974 4960 7697
f 8411 8407 7680
f 3506 7061 1323
f 3506 3507 7061
f 8402 1316 3482
f 7058 1315 7061
f 7058 3481 1315
f 3482 3509 3565
f 3411 3510 3484
f 7690 3543 3526
f 7062 3446 3388
f 7053 3493 4981
f 7053 4981 4975
f 3506 3542 7690
f 3506 3505 3542
f 8408 3335 3269
f 8409 7691 7714
f 7739 8406 3475
f 3563 3503 7735
f 3509 3482 1317
f 3492 3468 1316
f 3468 3508 1316
f 3510 3593 3484
f 3510 3565 3593
f 3507 7058 7061
f 3509 1317 3565
f 1316 3508 7062
f 8403 3526 1318
f 3338 5000 4928
f 3473 3511 3486
f 3505 3506 1323
f 5001 3498 3548
f 3498 3499 3548
f 1316 3578 1317
f 7690 1336 1320
f 7690 1321 1336
f 7690 3542 1321
f 3542 1323 1321
f 3542 3505 1323
f 7690 1320 3543
f 1323 7061 1334
f 3482 1316 1317
f 1315 3469 3576
f 1315 3481 3469
f 3565 3577 3593
f 1316 7062 3578
f 7061 3576 1334
f 7061 1315 3576
f 3565 1322 3577
f 7062 3388 1326
f 3543 3544 3526
f 3388 4974 1324
f 1324 4974 7063
f 7063 7697 5011
f 7063 4974 7697
f 4981 5869 4975
f 3611 7682 4898
f 4975 1319 5868
f 8412 7681 7713
f 8413 7714 7669
f 1321 1323 1336
f 3565 3605 1322
f 3565 1317 3605
f 1317 3566 3605
f 3543 1320 3544
f 3578 7062 7064
f 7062 1326 7064
f 1326 3388 1324
f 3544 5010 3526
f 5010 3544 1325
f 3526 5010 1318
f 3431 5866 5062
f 1326 1324 5011
f 5010 1327 1318
f 5870 1326 5011
f 1324 7063 5011
f 4981 3493 5869
f 1318 1327 1331
f 1328 5011 7697
f 1318 1331 3493
f 3493 1331 5869
f 4975 4982 1319
f 4975 5869 4982
f 4982 5033 5868
f 8411 7698 7712
f 3393 7704 4999
f 3393 5012 7704
f 3646 3550 3613
f 3533 3571 5057
f 8414 7712 7681
f 8414 8411 7712
f 8414 7681 8412
f 3679 3495 3496
f 3679 5871 3495
f 3675 1322 3605
f 3604 3564 3504
f 8415 7065 3544
f 3642 1323 1334
f 8415 3544 1320
f 7065 1329 3544
f 1330 5011 5025
f 7065 1331 1329
f 4982 7745 1331
f 5873 3605 3578
f 1334 3576 3642
f 5872 3593 3577
f 5025 5011 1335
f 1330 5025 5053
f 8416 7066 7065
f 5025 1335 5053
f 3753 3675 3605
f 3753 3605 5873
f 7066 4982 7065
f 7065 4982 1331
f 8415 1320 1336
f 5872 3577 3675
f 3675 3577 1322
f 3642 3576 3606
f 5080 8416 7065
f 5867 3547 3497
f 7799 7771 4962
f 3643 3525 7067
f 8415 1336 1323
f 8415 1323 3642
f 7068 7066 8416
f 8418 7761 7771
f 5873 3578 5874
f 5873 5874 5876
f 1345 8415 3642
f 7069 3672 3379
f 7744 7811 7813
f 8419 7829 7777
f 3688 5873 5876
f 7812 3692 7813
f 7076 8421 3708
f 3834 5045 3790
f 5021 5877 3583
f 8416 1340 7068
f 3687 7768 5883
f 7868 8418 7071
f 7819 3710 3782
f 7727 1341 5061
f 7727 7755 1341
f 3691 3775 7813
f 5883 7768 1342
f 7068 5878 3702
f 7796 5095 5080
f 8422 5053 8420
f 8422 5069 5053
f 7734 7838 7832
f 7734 3735 7838
f 3739 3627 8424
f 3737 1345 3752
f 5061 1343 5039
f 7795 5050 5087
f 3736 3752 1344
f 3736 3737 3752
f 1342 3675 5883
f 3675 3753 5883
f 5080 5095 1346
f 3701 3643 3809
f 1340 5878 7068
f 5069 8422 8420
f 8425 8420 7788
f 8428 3694 8423
f 3748 3641 5104
f 5076 3976 5085
f 3754 3736 7839
f 5095 7839 1356
f 5095 1356 1348
f 5080 1346 1340
f 7813 3827 1363
f 5878 5902 3702
f 1353 5069 8429
f 5878 5880 5902
f 8429 5069 8420
f 8428 8412 7821
f 8428 8425 8412
f 8428 7821 3694
f 3759 3795 3531
f 5006 7074 3856
f 5056 5882 5083
f 3835 3752 3861
f 3829 3696 3668
f 7702 1350 5048
f 7702 7773 1350
f 7849 5097 7767
f 3790 5098 3833
f 3751 5086 5093
f 1343 5120 7876
f 3861 3752 1345
f 3861 1345 3686
f 1371 3773 3687
f 1346 5095 1352
f 1351 1347 5096
f 1351 5096 1349
f 5095 1348 1352
f 1349 5096 3777
f 1346 1352 1340
f 3777 5096 1359
f 1359 5096 1353
f 1340 1352 1354
f 1359 1353 7078
f 5096 5069 1353
f 5878 1340 5880
f 8429 8425 7079
f 3757 3704 5082
f 3757 3778 3704
f 5063 5885 3705
f 3764 3763 5144
f 7841 5886 7814
f 8432 7841 7815
f 7885 7842 3627
f 3721 5909 3663
f 7868 5055 8427
f 8439 7868 7080
f 5085 3976 5098
f 7856 3782 7863
f 3698 5118 3584
f 5887 5883 3753
f 5887 3753 3836
f 3791 5067 5116
f 3791 1366 7755
f 5087 3825 7795
f 3860 3736 1344
f 3688 1351 1357
f 3688 1357 1360
f 3878 1344 3752
f 3836 3753 1360
f 1360 3753 3688
f 8433 7081 1356
f 8433 1356 3736
f 3774 3840 3691
f 3691 3840 3775
f 1358 1362 1357
f 1358 1359 7078
f 1358 7078 1362
f 8434 7079 8428
f 8434 8429 7079
f 5880 1340 5902
f 8442 1353 8429
f 8438 5055 7868
f 8438 7076 5055
f 8435 8423 8430
f 3846 7077 3781
f 3722 5890 5100
f 5879 5108 5882
f 7827 7865 7852
f 3854 5110 3894
f 3876 3674 7082
f 3876 5093 3674
f 3774 3838 3840
f 3775 1361 3827
f 3775 3840 1361
f 5121 1364 7086
f 7083 3809 7088
f 7083 3701 3809
f 3865 3808 1363
f 8440 1353 8442
f 5902 3703 3702
f 7078 8440 1362
f 7078 1365 8440
f 8437 7833 8431
f 8442 8429 8434
f 8436 8434 8428
f 8436 8428 7855
f 3812 7877 8424
f 5895 7758 8426
f 7877 7885 3739
f 8424 7877 3739
f 7878 7076 8438
f 7858 7829 7859
f 3798 7862 3930
f 7862 3724 3930
f 1343 5117 5120
f 5090 3869 3743
f 3784 5893 3820
f 3639 3719 3975
f 5119 5104 3856
f 7787 5097 5105
f 5061 1366 5117
f 5040 5106 5176
f 3837 3792 3826
f 3863 3755 3839
f 3863 3690 3755
f 3703 5123 5081
f 8442 8434 8436
f 3827 3882 1363
f 7088 3809 3900
f 5895 8426 5888
f 5121 5122 1364
f 5081 5894 3757
f 3778 5891 1367
f 5909 3722 3663
f 8454 5888 7833
f 3740 5182 5136
f 3740 5136 5058
f 7846 7882 7805
f 3793 5928 3707
f 3759 5918 3795
f 5108 5898 5882
f 5882 5898 3828
f 4894 5899 5079
f 5113 5112 7854
f 3819 7087 3582
f 8441 7848 3726
f 8441 3726 7829
f 3773 3942 3838
f 3773 3862 3942
f 7876 5120 3877
f 1363 3960 3865
f 1363 3882 3960
f 7090 3755 3864
f 3864 7083 7088
f 8457 8442 8436
f 5894 3778 3757
f 8443 8436 7855
f 8443 8457 8436
f 8455 5886 7841
f 8444 7855 8435
f 8444 8443 7855
f 8444 8435 5900
f 5900 8435 8430
f 3843 3721 3678
f 8459 5888 8454
f 5912 5896 3705
f 8454 7833 8437
f 7866 8432 3794
f 5892 3759 3707
f 5892 5918 3759
f 7901 7858 7873
f 7886 8438 7868
f 3902 7868 8439
f 7856 7870 7881
f 3725 3829 3847
f 5101 5158 3783
f 8446 7902 7808
f 3635 3788 3851
f 3635 3851 3767
f 3836 1360 5887
f 7893 3860 7898
f 3878 3835 3861
f 3896 3861 3837
f 3838 3942 3881
f 7086 1373 1374
f 3826 3792 1396
f 5121 1397 5902
f 3840 3882 3827
f 7086 1372 1373
f 5902 1398 3703
f 1370 5142 3900
f 1375 5891 3778
f 7094 8442 8447
f 7094 8440 8442
f 8447 8442 8457
f 5123 5894 5081
f 5894 1379 3778
f 8454 8437 8455
f 8448 8430 5895
f 8450 7866 7867
f 3811 5903 3842
f 5885 3758 3841
f 3705 5908 3810
f 5913 3813 5897
f 5892 3707 5928
f 3842 3843 5889
f 8451 7888 7857
f 5129 7878 8438
f 5129 8438 7886
f 3902 7886 7868
f 7831 3871 3787
f 7826 7881 5124
f 3805 3639 3893
f 3869 3849 3699
f 5905 3713 3765
f 3875 3824 5151
f 7876 3877 3825
f 3683 3788 3635
f 3851 3911 3767
f 5119 3856 5138
f 5078 3825 1391
f 4894 5204 5899
f 3860 3879 7898
f 8433 7893 1372
f 1396 3863 7092
f 5887 3880 1376
f 3880 1360 1376
f 3896 3837 3826
f 3838 3897 3840
f 3838 3881 3897
f 1376 1360 1382
f 3919 3863 3839
f 3839 7090 3945
f 1384 3922 8453
f 1384 1377 3922
f 8453 3922 3899
f 3923 7088 3900
f 3923 3864 7088
f 1382 1362 1388
f 1373 1397 5121
f 8457 8444 5900
f 7094 1388 8440
f 1398 5123 3703
f 1367 5926 5884
f 1379 1375 3778
f 8457 8443 8444
f 8458 5900 8430
f 8475 8448 5895
f 5884 1389 3758
f 8475 8445 5888
f 8462 8432 7866
f 8493 8450 7867
f 7091 5897 7895
f 7091 5910 5897
f 7895 5129 7091
f 7906 8441 7858
f 7909 7901 7873
f 7909 7873 7860
f 3873 7914 3822
f 3873 3955 7914
f 3860 3878 3895
f 7832 5137 5103
f 5173 5110 5091
f 7098 5112 1381
f 3860 3941 3879
f 3860 3895 3941
f 1371 5887 3918
f 3878 3896 3943
f 3943 3896 3958
f 1376 1382 5887
f 7093 5113 7894
f 3920 3897 1405
f 7092 3863 3919
f 1377 7898 1412
f 1395 5906 3898
f 1395 1382 5906
f 1395 5887 1382
f 7893 7898 1383
f 7898 1377 1383
f 7893 1384 8453
f 7893 1383 1384
f 3840 1407 3882
f 1395 3898 1406
f 7893 8453 1372
f 1372 8453 1373
f 1377 1412 3922
f 7090 3864 3945
f 3945 3864 3923
f 5906 1382 1385
f 3899 3922 1397
f 1373 8453 3899
f 5906 1386 1378
f 5906 1385 1386
f 1385 1382 1388
f 1373 3899 1397
f 3900 1387 3924
f 3925 3960 7093
f 1386 1385 1388
f 5923 8447 8457
f 1397 1398 5902
f 1386 1388 7094
f 5123 5911 5894
f 5923 7094 8447
f 5894 5911 1379
f 5926 1389 5884
f 8458 8457 5900
f 1375 5907 5891
f 5896 3883 3705
f 5907 5914 1367
f 8458 8430 8448
f 8458 8448 8475
f 3843 3842 1390
f 5910 5913 5897
f 3722 7921 5148
f 5054 5890 5152
f 5054 1380 5108
f 5054 5152 1380
f 7099 5129 7886
f 7871 3909 5048
f 7104 3847 7095
f 7099 7886 3902
f 7909 7835 8465
f 3949 3930 3907
f 3907 7089 3964
f 3955 3914 7914
f 5877 3965 5101
f 3649 5132 3670
f 7909 7860 7835
f 5940 7889 7902
f 5078 1391 5134
f 3916 3805 3972
f 5103 5137 5160
f 3878 3943 1392
f 5134 5204 5141
f 7097 5112 7098
f 3879 3941 1401
f 3895 3878 1392
f 3862 1393 3942
f 3862 1371 1393
f 1371 3918 1393
f 3918 1395 1393
f 1394 1401 7898
f 3879 1401 1394
f 3942 1402 3881
f 3918 5887 1395
f 1393 1395 1404
f 3879 1394 7898
f 1404 1395 1406
f 3896 3826 3958
f 3958 3826 1396
f 3919 3839 3945
f 7898 1401 1412
f 7105 3923 3900
f 3882 3977 3960
f 5906 1378 1408
f 1378 1386 7094
f 8466 7094 5923
f 8466 1378 7094
f 8473 8457 8456
f 8467 8456 8457
f 8473 5923 8457
f 5911 1375 1379
f 1389 3841 3758
f 1389 5917 3841
f 3883 5896 5908
f 3841 5917 5912
f 8469 8475 8459
f 5912 5917 5896
f 3810 5934 3793
f 5892 5928 5918
f 8493 7866 8450
f 3795 5936 3811
f 8481 7091 5129
f 8481 5129 7099
f 8471 7885 3926
f 5148 7921 5149
f 5154 7099 7100
f 8512 8451 7848
f 3781 3908 3982
f 5150 5157 3848
f 8483 7906 7858
f 3823 3855 5119
f 5103 5160 5066
f 8472 3832 3913
f 8472 3985 3832
f 3914 1422 7914
f 3914 3955 1422
f 3938 3804 7096
f 3892 3987 3989
f 5134 1400 5204
f 5134 1391 1400
f 3942 1393 1404
f 3897 3881 1405
f 1396 7092 3958
f 1403 3942 1406
f 3942 1404 1406
f 3920 1405 1407
f 1411 1406 5921
f 1411 1403 1406
f 3921 3882 1407
f 3945 3923 1455
f 3978 3900 3924
f 1397 3922 1414
f 1408 1378 8466
f 1421 1408 5923
f 1408 8466 5923
f 1398 1397 5123
f 5123 5922 5911
f 8473 8467 8468
f 5911 1409 1375
f 8473 8456 8467
f 1409 5925 1375
f 8468 8467 8457
f 1375 5925 5914
f 1375 5914 5907
f 5927 8469 8459
f 5914 5926 1367
f 8474 8458 5915
f 8476 8470 8461
f 5916 5933 1389
f 5927 8459 8460
f 5896 5934 5908
f 5927 8460 8449
f 8476 8449 8470
f 8476 8461 8462
f 8480 8462 8463
f 5910 3812 5913
f 5909 3927 3722
f 5918 5948 3795
f 8464 8493 3946
f 5152 5937 1380
f 8486 5919 3812
f 1390 5945 5909
f 8502 7091 7110
f 7110 7091 7102
f 3982 3908 7103
f 7927 7099 5154
f 3906 3963 7863
f 3987 4020 3989
f 1424 3853 3916
f 3910 5931 3784
f 5097 4022 5195
f 3954 3851 3788
f 7107 3938 7096
f 5120 5169 5184
f 7096 3939 3973
f 5066 5160 3976
f 5127 5162 3917
f 3941 3895 1410
f 3881 1411 1405
f 3881 1402 1411
f 1402 3942 1411
f 3942 1403 1411
f 1401 3941 1419
f 1411 5921 1413
f 1419 1412 1401
f 7092 3919 3959
f 1411 1413 5932
f 1412 1419 3922
f 3919 3945 1417
f 3977 3921 1427
f 5921 1406 1413
f 1417 3945 1455
f 1455 3923 7105
f 3900 3978 3992
f 1406 1421 1413
f 7105 3900 3992
f 1406 5906 1421
f 1421 5906 1408
f 3978 3924 5177
f 1397 1414 5922
f 1397 5922 5123
f 1421 5923 8473
f 5922 5924 5911
f 5911 5924 1409
f 7106 8473 8468
f 5914 1389 5926
f 5933 5917 1389
f 8490 8474 5915
f 8490 5915 8475
f 8491 8490 5927
f 8490 8475 5927
f 8492 8480 8463
f 5928 5943 5918
f 8491 5927 8476
f 5903 5936 3842
f 5934 5935 3793
f 8479 8476 8462
f 5948 5936 3795
f 5936 5903 3811
f 5149 5937 5890
f 8486 8471 5919
f 5945 5929 5909
f 1380 5937 5153
f 8495 8477 7091
f 3930 1415 5179
f 5890 5937 5152
f 7927 8481 7099
f 3902 3961 4013
f 3930 3949 1415
f 3963 3980 7863
f 3949 3907 3981
f 3981 3907 3964
f 5940 7902 8446
f 5940 8446 3933
f 7870 7925 3999
f 8478 8512 8441
f 5158 5938 5904
f 8482 8441 7906
f 8482 8478 8441
f 3968 3851 3954
f 3955 3970 1422
f 5127 5161 5162
f 3895 1392 1410
f 3975 3957 7108
f 5105 5195 5172
f 8484 7093 5190
f 8484 8452 7093
f 3941 1410 1419
f 3958 3944 3943
f 1407 1405 1416
f 1405 3991 1416
f 3958 7092 3959
f 3959 3919 1417
f 1405 1411 5932
f 5932 1413 1418
f 1405 1418 3991
f 1405 5932 1418
f 3922 1419 1420
f 3922 1420 1414
f 1413 1421 1418
f 1418 1421 7109
f 7109 1421 8473
f 7109 8473 7106
f 7112 7106 8468
f 7112 8468 8474
f 5916 5917 5933
f 5925 1436 5914
f 1436 1389 5914
f 1436 5916 1389
f 5942 8491 8476
f 5917 5934 5896
f 5947 5942 8476
f 5947 8476 8479
f 5935 5928 3793
f 5943 5948 5918
f 8494 8493 8464
f 5936 1437 3842
f 1437 1390 3842
f 8481 7102 7091
f 8487 8486 3812
f 1460 8502 7110
f 3884 3928 7121
f 3964 7089 7111
f 8511 8504 7905
f 3971 3891 1422
f 5904 5159 5167
f 4020 3987 4060
f 3890 4018 3852
f 3970 3971 1422
f 3874 1423 4060
f 3874 3956 1423
f 3891 3937 1422
f 3956 3915 1424
f 3987 3874 4060
f 3893 3975 4034
f 3956 1424 1423
f 5067 7910 5146
f 4021 3972 3893
f 4022 7883 5227
f 5202 3876 5210
f 5190 7098 8484
f 3944 4008 3943
f 3944 3958 4008
f 1392 3943 1410
f 3943 1425 1410
f 1407 1426 3921
f 1407 1416 1426
f 3959 4008 3958
f 1416 3991 1426
f 1455 7105 3992
f 3977 1427 4009
f 3991 1418 1428
f 7115 3992 3978
f 8489 7093 1430
f 1428 1418 1431
f 1419 1429 1420
f 1420 5922 1414
f 1431 1418 1432
f 1432 1418 7109
f 1432 7106 1448
f 1432 7109 7106
f 1409 1434 5925
f 1409 5924 1434
f 1448 7106 7112
f 5925 1434 1435
f 5925 1435 1436
f 1436 5917 5916
f 1436 5946 5917
f 5935 5965 5928
f 5934 5957 5958
f 5947 8491 5942
f 5934 5958 5935
f 5965 5943 5928
f 5959 8487 3812
f 5949 1437 5936
f 8486 8494 8464
f 1437 5949 1390
f 5944 5975 1390
f 5929 6001 3927
f 3979 7943 7931
f 8503 8481 7927
f 7904 7924 3996
f 3963 1438 3980
f 8496 7900 7913
f 3963 3950 1438
f 3950 3996 1438
f 7123 3981 4054
f 7111 7089 4027
f 5970 7919 3934
f 8516 7905 8451
f 8516 8511 7905
f 7928 7906 8483
f 7928 8482 7906
f 3766 3715 3912
f 3766 5971 3715
f 5137 1505 5160
f 3984 5901 3821
f 3766 5953 1440
f 4051 3990 4079
f 3986 8472 3913
f 3916 3972 4021
f 4034 3975 7113
f 5184 4036 3877
f 3975 7108 7126
f 3957 3940 7114
f 3990 5098 4079
f 1410 1425 1441
f 1410 1441 1444
f 4008 3959 1453
f 3921 1426 1442
f 4009 1443 4023
f 3921 1443 1427
f 3921 1442 1443
f 1410 1444 1419
f 3959 1417 7119
f 1417 1455 7119
f 7120 3992 7115
f 1426 1428 1445
f 1429 1419 1446
f 3960 4023 1447
f 3960 3977 4023
f 1445 1428 1457
f 1429 1446 1468
f 3978 3993 5211
f 3993 5177 5211
f 1457 1428 1431
f 1420 1429 1468
f 1420 1449 5922
f 1420 1468 1449
f 1457 1431 1448
f 1431 1432 1448
f 5922 1449 1433
f 5922 1433 5924
f 1448 7112 7130
f 1435 1434 1436
f 5946 5941 5917
f 1459 5946 1436
f 8498 8490 5955
f 8498 7112 8490
f 8499 5955 8490
f 5917 5957 5934
f 5946 1459 5941
f 5956 8499 8491
f 8500 5956 8491
f 8501 8480 8492
f 8500 8491 5947
f 8501 5947 8479
f 8501 8500 5947
f 8501 8479 8480
f 5966 5949 5936
f 6001 7921 3927
f 5949 5944 1390
f 5949 5975 5944
f 5959 8494 8486
f 5975 5945 1390
f 5975 5929 5945
f 5975 5987 5929
f 5950 6001 5929
f 8495 5910 8477
f 8503 7927 8521
f 7921 5967 4011
f 4011 4038 7921
f 4013 3961 4084
f 1460 8481 8503
f 1460 7102 8481
f 5937 4052 5186
f 4054 3981 1534
f 3995 5179 1451
f 5179 4014 1451
f 4014 1415 1451
f 3932 4056 3951
f 1415 3949 1451
f 7863 4025 3997
f 4000 5180 7116
f 4000 7104 5180
f 5180 7104 7133
f 5901 5978 5954
f 8504 8496 7913
f 8516 8451 8512
f 5187 5962 5938
f 8505 8465 7918
f 3989 4020 3974
f 5169 3917 5184
f 3750 5214 5168
f 5146 7910 5231
f 5162 5146 4007
f 5163 5205 5164
f 1425 3943 4008
f 1441 1425 1453
f 1425 4008 1453
f 1453 3959 1454
f 4009 1427 1443
f 1442 1426 1457
f 7140 7093 8489
f 4023 1443 1465
f 1426 1445 1457
f 1419 1444 1456
f 7129 1455 7120
f 1455 3992 7120
f 1419 1456 1446
f 5211 7115 3978
f 1457 1448 1482
f 1471 1482 1448
f 1433 1458 5924
f 1471 1448 7130
f 5924 5972 1434
f 1434 1459 1436
f 8507 5955 8499
f 8506 7112 8498
f 8507 8499 5956
f 8507 8498 5955
f 5941 5957 5917
f 5935 5963 5964
f 8508 8501 8492
f 5963 5935 5958
f 8508 8500 8501
f 5973 5966 5936
f 5965 5948 5943
f 5965 5936 5948
f 5965 5973 5936
f 5974 8492 8485
f 5987 5950 5929
f 5974 8485 8494
f 1472 5959 8519
f 8521 7927 4039
f 8510 8502 4037
f 4024 3884 7121
f 7121 3868 5178
f 5937 1450 5960
f 5960 4052 5937
f 4025 1473 3997
f 4070 4026 7123
f 7903 4099 7944
f 7899 7917 7939
f 5178 3948 3995
f 3948 3905 3995
f 7087 5968 4016
f 4026 3981 7123
f 5171 3909 4102
f 5970 3870 4031
f 5962 5930 5938
f 5188 5920 5939
f 5188 5969 5920
f 3916 4021 4005
f 5954 5978 3769
f 3954 4046 3968
f 4022 4049 5195
f 4022 7930 4049
f 4020 4033 3974
f 4021 3893 4094
f 7117 3973 4048
f 7125 3893 4034
f 8535 5203 5190
f 3976 1462 3857
f 4035 4063 4107
f 5164 5216 5177
f 1441 1452 1463
f 1441 1453 1452
f 1453 1454 1475
f 1454 3959 1475
f 1444 1441 1446
f 1441 1463 1446
f 1442 1457 1466
f 7119 7129 3959
f 7119 1455 7129
f 1465 1443 1464
f 4023 1465 7138
f 1443 1442 1466
f 1456 1444 1446
f 7120 7115 1467
f 1446 1469 1468
f 8514 8489 1470
f 4010 1480 8489
f 4010 1447 1480
f 1466 1457 1482
f 1449 1468 1433
f 1433 1468 1458
f 1482 1471 7130
f 1458 5972 5924
f 7141 7130 8506
f 7130 7112 8506
f 5972 1484 1459
f 5981 8506 8507
f 1434 5972 1459
f 8506 8498 8507
f 1459 1485 5941
f 5941 1485 5957
f 5957 1485 1486
f 5957 5963 5958
f 5974 8508 8492
f 8518 8500 8508
f 5996 5974 8494
f 5964 5965 5935
f 5985 5975 5949
f 5985 5949 5966
f 1472 5996 8494
f 1487 8510 4037
f 5989 1472 8519
f 8509 8519 8495
f 8519 5959 8495
f 8510 8495 8502
f 6001 5967 7921
f 6001 5976 5967
f 4037 1460 7122
f 7921 5937 5149
f 7921 4038 5937
f 4053 3994 4041
f 4039 7927 8540
f 3947 4040 7938
f 4012 4013 4084
f 4012 3902 4013
f 7931 7943 4069
f 5155 4042 5191
f 3980 1438 1473
f 1438 5238 1473
f 3998 3997 4072
f 3997 4071 4072
f 5977 5159 5904
f 5159 5977 1439
f 8522 5193 5166
f 8516 8478 8482
f 8516 8512 8478
f 1550 5977 5930
f 8545 8513 7928
f 8545 7928 7901
f 4019 7096 7134
f 8472 3936 3985
f 5971 1570 3986
f 8578 5979 3986
f 4005 4093 7124
f 7914 4062 4006
f 7914 4078 4062
f 3857 1462 5241
f 4094 3893 7125
f 3857 5241 5098
f 4035 4050 4063
f 4050 4051 4063
f 4051 1474 4063
f 4127 5197 7127
f 1453 1475 1452
f 1446 1463 1476
f 1475 7129 7128
f 1475 3959 7129
f 1443 1466 1464
f 8536 8489 8514
f 8536 7140 8489
f 1446 1476 1469
f 7129 7120 1467
f 1465 1477 7138
f 1465 1464 1478
f 1464 1466 1478
f 1447 4023 7138
f 1478 1479 1481
f 1478 1466 1479
f 1469 1483 1468
f 1479 1482 1481
f 1479 1466 1482
f 8514 1470 4068
f 1468 5972 1458
f 1481 1482 7130
f 5972 1468 1512
f 1468 1483 1512
f 7141 8506 1494
f 1484 5980 1459
f 1494 8506 5981
f 1459 5980 1485
f 1496 5981 5956
f 1496 5956 8515
f 8552 8508 5974
f 5957 1486 5963
f 1486 5964 5963
f 5995 5974 5996
f 5964 5983 5965
f 8552 5992 8508
f 5992 8518 8508
f 5965 5983 5973
f 5995 8552 5974
f 5973 5984 5966
f 5975 5988 5987
f 5986 5975 5985
f 5989 5996 1472
f 5967 1547 1450
f 5988 5950 5987
f 8520 8509 8495
f 8539 1460 8503
f 3995 1451 4086
f 7927 5154 4012
f 7931 4069 7932
f 4070 7123 7132
f 7923 5237 4042
f 3996 7945 1438
f 3996 7924 7945
f 1451 4070 4086
f 3999 7925 4088
f 3999 4028 5124
f 4027 7103 1517
f 3909 4028 4102
f 8528 4015 7936
f 4029 5990 4055
f 8543 8516 8566
f 8543 8511 8516
f 8524 8516 8482
f 8524 8482 8530
f 3935 1440 5953
f 8517 7928 8513
f 5977 1519 1439
f 7937 8545 7901
f 1439 6004 5951
f 4004 1488 4078
f 4004 1489 1488
f 8525 8497 8532
f 4060 1423 1490
f 1570 8578 3986
f 3988 4004 4078
f 4058 4057 4019
f 4057 1422 4019
f 4033 4091 3974
f 1423 4005 1490
f 4005 7124 1490
f 5098 5241 4079
f 7134 7117 4048
f 4006 5227 7914
f 4006 4062 5227
f 4048 3973 7135
f 7108 7118 7126
f 5216 5991 5177
f 7136 5219 5203
f 5899 5205 5163
f 1452 1492 1463
f 1463 1492 1506
f 1475 7128 1452
f 1452 7128 1522
f 1465 1478 1477
f 1447 1507 4067
f 1447 7138 1507
f 1467 7115 7137
f 7115 4081 7137
f 1447 4067 1480
f 8550 8514 4068
f 7138 1477 1510
f 7115 5211 4081
f 8489 1480 1470
f 1478 1481 7130
f 1510 1477 7130
f 1477 1478 7130
f 4068 1470 8550
f 1483 1469 1493
f 1510 7130 7141
f 1483 1493 1512
f 1512 1484 5972
f 1484 1512 5980
f 1512 1495 5980
f 5980 1497 1485
f 8537 5981 1496
f 1485 1497 1486
f 1497 5982 1486
f 8526 8518 5992
f 8526 8515 8518
f 1486 5983 5964
f 1486 5982 5983
f 5966 1516 5985
f 5983 5993 5973
f 5993 5984 5973
f 5993 5966 5984
f 5993 1516 5966
f 1516 5994 5985
f 5985 5994 5986
f 8527 5997 8510
f 6000 5989 8519
f 8520 6000 8509
f 6000 8519 8509
f 5988 6001 5950
f 5997 8520 8510
f 8527 8510 1487
f 5976 1547 5967
f 5967 1450 4038
f 4038 1450 5937
f 8521 8539 8503
f 7932 4069 4099
f 4113 4054 1534
f 3997 1473 1498
f 7132 7123 4113
f 7123 4054 4113
f 5165 4043 5213
f 8528 7935 4015
f 8528 5166 7935
f 1534 4073 7139
f 4073 7111 7139
f 1499 4027 4101
f 1499 7111 4027
f 8529 7940 8511
f 1517 7116 5225
f 1517 4074 7116
f 4102 5224 5192
f 5136 5244 4029
f 8529 8496 7940
f 8532 5940 7929
f 8566 8516 8524
f 5962 6021 5930
f 8557 8517 8513
f 4057 1572 1500
f 8534 5998 7875
f 4059 4047 1501
f 4047 4060 1501
f 4004 1500 1489
f 4004 4057 1500
f 4078 1504 4062
f 4057 4058 1572
f 4033 1501 4091
f 4033 4020 1501
f 4020 4059 1501
f 1505 4061 7949
f 4060 1502 1501
f 4060 1503 1502
f 5160 1505 4095
f 3974 4061 1505
f 7125 4034 7113
f 5195 7930 5240
f 4065 5198 7160
f 5170 4066 5175
f 5232 5203 5219
f 5204 5233 5205
f 1463 1506 4080
f 1452 1522 1492
f 7128 7129 1522
f 8536 8514 8550
f 1480 4067 1470
f 1469 1476 1493
f 7138 1510 1508
f 1476 1463 1493
f 4081 5220 4097
f 5221 8550 4082
f 1507 7138 1508
f 1470 1509 1511
f 4082 1470 1511
f 1508 1510 7141
f 4082 1511 5221
f 1493 1513 1512
f 1525 7141 1514
f 1512 1513 1528
f 7141 1494 1514
f 1512 1528 1495
f 1514 1494 5981
f 1514 5981 8537
f 5980 1495 1497
f 8537 1515 8515
f 8537 1496 1515
f 1515 1496 8515
f 8562 8515 8526
f 8552 8526 5992
f 5982 5993 5983
f 5975 1532 5988
f 5994 5975 5986
f 5994 1532 5975
f 1532 5999 5988
f 5997 6000 8520
f 5988 6009 6001
f 6001 6017 5976
f 5976 5235 1547
f 7122 8527 4083
f 4084 7131 3962
f 7162 7122 8539
f 7915 4098 4040
f 7915 6020 4098
f 1473 5238 1498
f 3995 4085 5239
f 3995 4086 4085
f 4071 3997 1549
f 4070 7132 4086
f 4101 4027 7142
f 7925 4087 4088
f 3999 4088 4028
f 7139 1499 4101
f 7139 7111 1499
f 4043 5226 3983
f 8582 8528 8541
f 5225 7116 5200
f 8542 8511 8543
f 8542 8529 8511
f 5192 5247 5165
f 5225 7133 8522
f 5225 5200 7133
f 8544 8530 8517
f 8541 7936 7143
f 5968 6002 4001
f 5188 6004 5969
f 5187 6011 5962
f 5952 6026 3952
f 5977 6003 1519
f 8557 8513 8545
f 5931 4103 3984
f 8547 7929 8472
f 4117 4019 7134
f 3974 4091 4061
f 4005 4021 4094
f 4092 7134 4048
f 4007 4108 5201
f 4007 5209 4108
f 5184 5201 4036
f 4048 1520 1521
f 5160 4095 5207
f 7118 7114 4127
f 5215 7127 7144
f 5218 5199 5232
f 4097 1522 7129
f 7129 7137 4097
f 7129 1467 7137
f 5211 1523 4081
f 5211 5234 1523
f 1470 4067 1509
f 1522 4080 1492
f 1506 1492 4080
f 7137 4081 4097
f 4081 1523 5220
f 1463 4080 1493
f 5220 1523 1538
f 4097 5220 1538
f 1509 1524 1539
f 1507 1508 7141
f 1509 1539 1511
f 7141 1525 1507
f 1493 4080 1513
f 1538 1523 6014
f 8551 5221 7946
f 4067 1507 1525
f 7946 1526 1527
f 7946 1511 1526
f 4067 1514 1542
f 4067 1525 1514
f 8551 7946 1527
f 8551 1527 7145
f 1542 1514 7146
f 7146 1514 8537
f 1544 7146 8537
f 1495 1528 1497
f 1528 1529 1497
f 1544 8537 8562
f 8537 8515 8562
f 1529 1530 1497
f 1546 1516 5993
f 1497 5993 5982
f 1497 1530 5993
f 1530 1529 5993
f 1529 1546 5993
f 1516 6007 5994
f 1546 6007 1516
f 6007 6008 5994
f 1531 5995 8538
f 6008 1532 5994
f 8553 8538 5996
f 8553 5996 6000
f 5999 6009 5988
f 6009 6017 6001
f 8554 6016 8527
f 6016 5997 8527
f 5976 6018 5235
f 4110 7927 4084
f 8540 8539 8521
f 5960 6010 5236
f 7934 5222 5223
f 7938 4098 4136
f 4041 5217 4111
f 7933 7947 5237
f 3997 1533 1549
f 3997 1498 1533
f 4113 1534 4130
f 4086 4113 4085
f 4086 7132 4113
f 8555 8522 8528
f 1534 7139 7147
f 7142 1517 7148
f 8541 7143 8523
f 8529 8556 8496
f 1519 6012 6004
f 6002 6011 4001
f 4001 6011 4089
f 4089 6011 5187
f 8559 8531 8525
f 8566 8524 8530
f 8566 8530 8544
f 1550 1584 5977
f 8544 8517 8557
f 8558 8545 7937
f 8546 8505 8497
f 4091 4116 4061
f 4060 1490 7149
f 4103 6031 5901
f 8560 8472 5979
f 4078 4132 1504
f 4058 4019 4117
f 1505 7949 4095
f 1490 7124 7149
f 7153 7125 7154
f 7153 4094 7125
f 3877 4036 5249
f 7125 7113 7154
f 7930 5227 5240
f 5168 5214 5229
f 5991 5211 5177
f 5211 6013 5234
f 5175 1536 1391
f 1391 1536 1400
f 8561 7941 8549
f 8561 8535 7941
f 4097 1537 1522
f 4097 1552 1537
f 4097 1538 1552
f 8550 5221 8551
f 1509 4067 1524
f 1522 1540 4080
f 1552 1538 6014
f 4080 1540 1541
f 1539 1524 7146
f 1524 4067 1542
f 8569 8551 7145
f 1539 7146 7151
f 4080 1543 1513
f 4080 1541 1543
f 1524 1542 7146
f 7145 1527 1526
f 1513 1543 1528
f 1552 6014 1555
f 7145 1526 8569
f 7151 7146 1544
f 7151 1544 8562
f 1528 1545 1529
f 1528 1543 1545
f 1545 6006 1529
f 1529 6006 1546
f 6006 1545 1546
f 1545 1558 6007
f 8563 8552 1531
f 8562 8552 8563
f 1545 6007 1546
f 6007 1558 6008
f 6015 8563 1531
f 8564 6015 1531
f 8564 1531 8538
f 6008 1561 1532
f 8570 8564 8553
f 8564 8538 8553
f 8570 8553 6000
f 1561 5999 1532
f 6016 6000 5997
f 5999 6017 6009
f 5999 1561 6017
f 6029 6016 8554
f 7156 7122 7162
f 6029 8554 8527
f 6017 1562 5976
f 1562 6018 5976
f 6029 8527 8565
f 7156 8565 7122
f 6019 1548 1450
f 1450 1548 5960
f 1498 5238 1579
f 5960 1548 6010
f 8571 8539 8540
f 6010 6020 5236
f 7924 5222 7945
f 4130 1534 7152
f 4087 1567 4088
f 4101 7142 1583
f 4072 4071 1567
f 4087 4072 1567
f 1534 7147 7152
f 7948 4122 4028
f 4028 4131 4102
f 4043 5250 5226
f 5244 5990 4029
f 8542 8584 8529
f 8586 8557 8545
f 6011 6021 5962
f 8573 8543 8566
f 6025 8532 8547
f 8573 8566 8544
f 8573 8544 8557
f 6004 6023 5969
f 4078 1488 4132
f 4090 4044 5970
f 4116 4091 1501
f 8567 8533 4003
f 1504 4146 4062
f 1572 4125 4117
f 1572 4058 4125
f 4116 4133 4061
f 4116 1501 4133
f 1502 1503 1573
f 1503 4060 1573
f 4060 1551 1573
f 5227 4170 7955
f 4093 1603 7124
f 4061 4166 7949
f 4061 4133 4166
f 4095 7949 1604
f 1491 6028 5991
f 5172 4150 5214
f 5205 6027 1491
f 1537 1552 1522
f 5242 6014 1523
f 1540 1522 1541
f 1511 1539 1526
f 1526 1539 7151
f 6014 5245 1555
f 6014 5242 5245
f 1556 1553 1522
f 1522 1552 1556
f 1522 1554 1541
f 1522 1553 1554
f 1552 1555 1556
f 1555 5245 1556
f 8569 1526 1557
f 1543 1541 1545
f 7151 8562 1526
f 1557 1526 8563
f 1545 1541 1558
f 1541 1554 1558
f 1574 1557 8564
f 1557 1559 8564
f 1526 8562 8563
f 1554 1553 1558
f 1557 6015 1559
f 1557 8563 6015
f 1559 6015 8564
f 1558 1560 6008
f 1558 1553 1560
f 6008 1560 1561
f 8580 8570 6000
f 1561 1562 6017
f 8580 6000 6016
f 1593 6029 8565
f 8580 6016 6029
f 1593 8565 1577
f 6020 1564 1565
f 4153 8571 7157
f 4109 4110 7158
f 8571 7162 8539
f 1548 6020 6010
f 1548 1564 6020
f 1498 1579 1533
f 6020 1565 4098
f 8540 7927 4109
f 1581 4071 1549
f 7166 5212 5178
f 5239 4085 4112
f 7152 7139 7159
f 7152 7147 7139
f 4071 1581 1567
f 1583 7142 7148
f 4028 4121 7948
f 8581 8522 8555
f 5206 1596 5968
f 8590 8541 8523
f 8584 8542 8543
f 1518 5206 4056
f 5968 1596 6002
f 6002 1596 6011
f 8574 8557 8586
f 8585 8543 8573
f 8595 8573 8574
f 8574 8573 8557
f 3910 6059 5931
f 8525 8532 6025
f 6003 6012 1519
f 8575 8545 8558
f 8575 8586 8545
f 8575 8558 8505
f 3935 6070 1440
f 8576 8575 8546
f 8559 8546 8531
f 8559 8576 8546
f 6070 6039 1440
f 7959 4075 4115
f 8577 8547 8560
f 6031 6061 5978
f 1489 1571 1488
f 5978 6032 4104
f 6032 4003 4104
f 6032 8608 4003
f 8608 8567 4003
f 6039 1570 1440
f 1489 1500 1571
f 1571 1500 1572
f 4093 4094 1603
f 1551 7124 7168
f 1551 7149 7124
f 7134 4092 4165
f 7949 4166 4147
f 4036 4119 4152
f 1462 1587 5241
f 5251 4127 5230
f 7171 8536 8550
f 8579 5232 5219
f 8579 5219 7136
f 5205 1641 6027
f 8561 8549 8568
f 5991 6033 5211
f 8598 8550 8551
f 7164 1557 1574
f 7164 1574 8564
f 1560 6034 1561
f 7165 8570 7161
f 7165 7164 8570
f 7164 8564 8570
f 1553 1575 1560
f 1592 1576 1561
f 1576 1562 1561
f 1576 1592 1562
f 6018 1563 1547
f 1562 6036 6018
f 8580 6029 1593
f 1547 1578 1548
f 7172 7162 8571
f 1438 5246 5238
f 1564 4098 1565
f 1564 6037 4098
f 4112 4085 1580
f 5237 7953 5243
f 4042 4138 5191
f 4042 5243 4138
f 1533 1579 7954
f 4113 4130 1611
f 1549 1582 1581
f 4085 4113 1580
f 4088 1567 4139
f 7159 7139 1583
f 7948 4121 4141
f 8583 8582 8541
f 1583 7148 5225
f 5192 1613 5247
f 5192 5224 1613
f 8582 8581 8555
f 5250 5244 5226
f 8582 8555 8528
f 8595 8574 8586
f 6004 6058 6023
f 6023 6058 5969
f 8585 8573 8595
f 6022 6030 1550
f 6030 6022 1584
f 6061 6050 5978
f 1584 6003 5977
f 8587 8586 8575
f 1504 4132 1585
f 6024 6049 3910
f 5931 6059 4103
f 1573 1551 1586
f 8588 8548 8533
f 6039 8578 1570
f 7168 7124 1603
f 4125 4058 4117
f 7169 7153 7154
f 4117 7134 4165
f 7113 4126 1625
f 7113 7150 4126
f 4126 7150 7163
f 4165 4092 4106
f 1603 4094 7153
f 7949 4134 1604
f 4170 4148 7955
f 5240 7955 4173
f 5248 7127 1626
f 5241 7956 4135
f 5241 1587 7956
f 7951 4151 4188
f 5208 7957 5231
f 5208 5229 7957
f 6028 6033 5991
f 8589 8568 8549
f 5185 5249 1588
f 5266 1589 5202
f 1523 6073 1590
f 8579 8535 8568
f 8579 7136 8535
f 8568 7155 8561
f 8597 8550 8598
f 8597 7171 8550
f 1553 1591 1575
f 1523 1590 5242
f 8598 8551 8569
f 5242 1590 5245
f 1575 6034 1560
f 1556 5245 1553
f 1553 5245 1591
f 8580 7165 7161
f 6034 1617 1561
f 8599 8580 8600
f 1562 6042 6036
f 8600 8580 6035
f 1561 1617 1592
f 6043 8580 1593
f 1606 8601 8580
f 6043 1606 8580
f 6036 6042 6018
f 6042 6054 6018
f 7172 7156 7162
f 4190 8571 4153
f 1609 7172 8571
f 4129 4053 4041
f 1564 1548 6037
f 4190 1609 8571
f 7945 4156 5246
f 7945 5264 4156
f 7954 1579 1610
f 7944 7950 1566
f 1549 7954 1582
f 1581 1582 1567
f 1580 4113 4160
f 7948 4141 4122
f 4130 1583 1621
f 4131 4122 4102
f 4088 4140 4121
f 7152 7159 4130
f 7159 1583 4130
f 7174 7167 8582
f 5224 4102 1595
f 7173 1583 5225
f 8590 8583 8541
f 5990 1518 1568
f 5990 6044 1518
f 7167 8581 8582
f 8611 8582 8583
f 8603 8572 8529
f 8593 8543 8585
f 1622 6022 1550
f 8591 8529 8584
f 1596 1597 6011
f 8592 8591 8584
f 1597 6046 6011
f 8592 8584 8543
f 8592 8543 8593
f 6012 6048 6058
f 8593 8585 8594
f 8594 8585 8595
f 6038 6012 6003
f 6038 6047 6012
f 8596 8587 8575
f 8606 8575 8576
f 8606 8596 8575
f 8606 8576 8559
f 6049 6024 5969
f 6049 6059 3910
f 8607 8560 5979
f 4075 1598 3953
f 4075 6026 1598
f 8588 4090 8548
f 6062 8607 5979
f 1599 4132 1600
f 4132 1488 1600
f 1488 1571 1600
f 1573 4145 4164
f 1572 1601 1571
f 1572 4117 1601
f 4133 1501 1602
f 1501 4164 1602
f 1501 1573 4164
f 4167 1603 4169
f 4062 4146 4168
f 1624 1551 7168
f 4095 1604 5207
f 7949 4147 4134
f 1603 7153 7169
f 4151 4174 4188
f 5240 4149 4150
f 5214 4150 4187
f 5185 5262 4066
f 5263 5218 5232
f 7958 4119 5201
f 7160 5261 5256
f 5185 1588 5262
f 6027 6028 1491
f 8568 8535 7155
f 6013 6040 5234
f 5263 5232 1664
f 1664 8579 5257
f 6028 6051 6033
f 8609 8568 8589
f 5211 6033 6013
f 7171 8549 7140
f 8617 1557 7164
f 1590 6052 5245
f 8617 8569 1557
f 1575 6064 6034
f 8617 7164 7165
f 1591 5245 1575
f 5245 6053 1575
f 6063 7165 8580
f 6064 1617 6034
f 6063 8580 8599
f 1592 6041 1562
f 6041 6042 1562
f 8601 8600 6035
f 1617 6041 1592
f 8602 1606 6043
f 6018 1607 4202
f 8602 6043 1593
f 6054 1607 6018
f 8602 1593 7179
f 1563 1608 1547
f 1547 1608 1578
f 1578 6055 1548
f 4190 4153 4220
f 1609 4190 6056
f 6037 4191 4098
f 4192 8540 4194
f 4175 4109 7158
f 4111 5217 5253
f 7166 5178 7181
f 1567 1582 4159
f 1582 1610 4157
f 1582 7954 1610
f 1610 1579 1832
f 1594 4158 7176
f 1567 4159 1619
f 4208 4113 1611
f 4140 4088 4197
f 4158 1580 4208
f 1580 4160 4208
f 4160 4113 4208
f 4130 1621 4208
f 4141 4121 4210
f 4088 4139 4197
f 1611 4130 4208
f 4121 4140 4197
f 5224 1595 1613
f 4122 4141 4142
f 4102 4122 1612
f 4102 1612 1595
f 1583 7173 1655
f 5244 6057 5990
f 5247 1613 1535
f 7173 5225 8581
f 8610 8581 7174
f 1535 5250 4043
f 7174 8581 7167
f 5250 6057 5244
f 8611 7174 8582
f 8611 8583 8590
f 6045 1597 1596
f 8613 8593 8594
f 8613 8592 8593
f 8606 8587 8596
f 8606 8605 8587
f 8604 8594 8595
f 8632 8606 8559
f 8605 8586 8587
f 8605 8625 8586
f 6047 6048 6012
f 8607 8547 8577
f 6058 6049 5969
f 6090 5978 6050
f 6090 8608 5978
f 4090 6060 4044
f 6060 4380 4044
f 4380 6069 4044
f 4185 5998 8534
f 8607 8577 8560
f 8608 8634 8567
f 8634 8533 8567
f 8578 6062 5979
f 4170 4062 4168
f 4146 1614 4168
f 4162 4163 4166
f 1573 1586 1624
f 1586 1551 1624
f 4170 4171 4148
f 4165 4106 5259
f 7168 1603 4167
f 5240 4173 4149
f 4134 4147 4172
f 4151 4118 4174
f 4134 4172 1604
f 7955 4148 4173
f 5207 1604 5268
f 4118 4242 4174
f 4118 7956 4242
f 4066 5262 1615
f 4118 4063 7956
f 7956 1587 7170
f 7175 7160 5256
f 4152 5249 4036
f 4066 1615 5175
f 5175 1615 1684
f 5175 1684 1536
f 7171 8589 8549
f 1536 1684 1400
f 1400 1616 6005
f 6005 1616 1605
f 5257 8568 8635
f 8609 8589 7171
f 8616 7171 8597
f 1523 5234 6073
f 8636 8598 8569
f 6052 1627 5245
f 1627 6053 5245
f 8627 8617 7165
f 6053 6064 1575
f 1630 8601 1606
f 6063 8600 8619
f 6063 8599 8600
f 8620 1630 8602
f 8619 8600 8601
f 1630 1606 8602
f 6065 8602 7179
f 6041 6054 6042
f 6054 1618 1607
f 1607 1618 4202
f 1563 6018 1608
f 7179 1593 7172
f 6055 6037 1548
f 7952 4178 4155
f 7205 1609 6056
f 4190 4220 4204
f 4069 4177 4178
f 4157 1832 4207
f 1567 1619 4139
f 4157 4207 1582
f 4121 4197 4210
f 4197 4139 1620
f 4141 4210 4142
f 1653 1621 1583
f 1653 1583 1655
f 1535 1613 5250
f 7173 8581 8610
f 8610 7174 8611
f 6044 1569 1518
f 1569 1596 1518
f 8612 8590 8603
f 8612 8603 8591
f 8612 8591 8592
f 6022 6067 1584
f 8623 8592 8613
f 8633 8632 8525
f 6049 6068 6059
f 8613 8594 8604
f 8630 8604 8595
f 6067 6003 1584
f 8605 8606 8631
f 6058 1660 6049
f 8634 8588 8533
f 8614 8633 8525
f 4103 6061 6031
f 6061 6090 6050
f 1585 1623 4146
f 4181 7959 4115
f 6071 6039 6070
f 6071 8578 6039
f 4145 1624 4164
f 1585 4132 1623
f 4132 1599 1623
f 1571 1601 1678
f 1624 7168 4167
f 4133 1680 4163
f 4148 4171 7961
f 4117 4165 4200
f 4173 4201 4149
f 1624 4167 4169
f 4170 4168 4212
f 4169 7169 7200
f 4169 1603 7169
f 7169 1625 7193
f 5248 1626 5272
f 5207 5268 1587
f 5269 7150 5260
f 5230 7144 7177
f 7175 5256 5270
f 6040 6072 5234
f 6028 6027 6051
f 8635 8568 8609
f 5234 6072 6073
f 7178 8597 8598
f 6073 1643 1590
f 1590 1627 6052
f 8627 7165 6063
f 8617 8636 8569
f 1628 6074 6053
f 8628 8627 6063
f 6064 6075 1617
f 8618 6063 8619
f 1617 1647 6041
f 6082 8619 1630
f 8619 8601 1630
f 8620 8602 6077
f 6076 1629 6041
f 6041 1629 6054
f 1629 1631 6054
f 6018 4202 1608
f 6054 1631 1618
f 6077 8602 6065
f 6077 6065 7179
f 1618 1648 4202
f 7205 7185 1609
f 7185 7172 1609
f 6055 1632 6037
f 1632 4203 6037
f 4204 7205 6056
f 6037 1633 4191
f 6037 4203 1633
f 4191 1633 4230
f 6056 4190 4204
f 4120 7965 7962
f 5222 4195 5264
f 5246 4196 4234
f 1582 4209 1634
f 1582 4207 4209
f 7176 4158 7182
f 4158 4208 7182
f 4139 1635 1620
f 4139 1619 1635
f 1619 4159 1635
f 4197 1675 4210
f 4208 1621 7183
f 7183 1621 1653
f 4122 4142 4210
f 1655 7173 8610
f 1655 7189 1653
f 1613 6057 5250
f 8640 8611 7192
f 8621 8590 8612
f 8624 1729 8613
f 8630 8613 8604
f 6066 6022 1622
f 6066 6079 6022
f 1729 8623 8613
f 6022 6079 1706
f 8643 8613 8630
f 6047 6058 6048
f 6047 1660 6058
f 6067 1636 6003
f 6003 1636 6038
f 6038 6080 6047
f 7199 8625 8605
f 8634 4090 8588
f 4224 4075 4181
f 6026 6081 4076
f 6081 6070 4076
f 6085 8607 6062
f 8578 6085 6062
f 1599 1638 1623
f 1599 1600 1638
f 1614 1639 4168
f 1600 1571 4211
f 1602 4164 4186
f 4170 4212 4171
f 4200 1663 4117
f 4200 4165 1663
f 4166 1681 4147
f 4213 7193 7184
f 4213 7169 7193
f 4169 7200 1624
f 4149 4201 4150
f 4147 4254 4172
f 7210 4165 5259
f 5269 5260 1712
f 4148 4214 4173
f 5279 5263 1664
f 5233 1713 1641
f 5230 7177 1736
f 6051 1642 6033
f 6013 6072 6040
f 8699 1664 5257
f 6104 7171 8616
f 7178 8616 8597
f 8636 7178 8598
f 1590 1643 1627
f 8626 8636 8617
f 1627 1628 6053
f 8618 8628 6063
f 6074 1644 6053
f 6053 1644 6064
f 8629 8619 6082
f 6064 1644 1645
f 6064 1645 6075
f 8639 8629 6082
f 8629 8618 8619
f 6075 1645 1617
f 1645 1646 1617
f 1617 1646 1647
f 1647 1646 6041
f 1646 1669 6041
f 6041 1669 6076
f 8639 6082 1630
f 8639 1630 8620
f 1629 6076 1631
f 6076 1618 1631
f 1693 7179 7185
f 1693 6077 7179
f 1618 6076 1648
f 6086 6077 1693
f 1648 1694 4202
f 1648 1670 1694
f 4202 1649 1608
f 1608 1671 1578
f 1578 1671 6055
f 4203 6083 4218
f 6055 1671 1632
f 1671 6083 1632
f 7206 4192 7186
f 4192 4194 7186
f 1632 6083 4203
f 7205 4204 6084
f 4246 4129 4179
f 1633 4218 4230
f 1633 4203 4218
f 4191 4230 4098
f 4098 4244 4193
f 4194 4175 7187
f 4275 4110 4154
f 5254 7182 5275
f 5280 4111 5274
f 1582 1634 4159
f 4209 4207 1650
f 4208 4223 7182
f 1620 1635 1699
f 1635 4159 1650
f 1620 1652 4197
f 4159 1634 1650
f 1634 4209 1650
f 4208 1651 4223
f 4208 7183 1651
f 1620 1699 1652
f 4197 1652 1675
f 7183 1653 1651
f 1653 7189 1654
f 1651 1653 7188
f 7188 1653 1654
f 1613 1703 6057
f 1655 8610 7191
f 6057 1703 5990
f 7198 8610 8611
f 7198 8611 8640
f 6044 1656 1569
f 1569 1656 6045
f 1656 1657 6045
f 1597 6078 6046
f 6045 1658 1597
f 1658 6078 1597
f 6078 6011 6046
f 6078 6089 6011
f 8641 8612 8623
f 6089 1659 6011
f 6011 6066 1622
f 6011 1659 6066
f 1706 6067 6022
f 8624 8613 8643
f 1636 6080 6038
f 8631 7199 8605
f 8631 8606 8632
f 1660 6068 6049
f 6059 6102 4103
f 6081 6071 6070
f 4146 1623 1661
f 6093 8608 6090
f 6093 8634 8608
f 4163 1679 1681
f 1614 4146 1639
f 4146 1661 1639
f 1678 1601 1663
f 4166 4163 1681
f 4186 4164 1662
f 4164 1624 1662
f 4168 1763 4212
f 1681 4228 4147
f 7169 4213 7200
f 4171 4229 7961
f 1624 7200 4236
f 4173 4214 4201
f 4150 4215 4187
f 4148 7961 4214
f 7193 1625 1712
f 7210 1521 5277
f 1712 1625 5269
f 5277 1521 5281
f 1521 4174 5281
f 4187 4216 5278
f 7957 4217 5265
f 1736 7177 7202
f 7958 4243 4119
f 7958 5209 4243
f 1605 1713 5233
f 5249 1640 1588
f 5256 5266 5273
f 5256 5261 5266
f 5273 5266 7194
f 7195 7204 5218
f 7195 5218 5263
f 6104 8609 7171
f 5279 1664 8699
f 6027 1738 1665
f 8646 5257 8635
f 6072 1667 6073
f 7211 8635 8609
f 6033 1666 6013
f 8664 8616 7178
f 8664 6104 8616
f 1643 1628 1627
f 8626 8637 8636
f 8638 8626 8617
f 8638 8617 8627
f 8627 8628 8618
f 8655 8618 8629
f 1644 1668 1645
f 8655 8627 8618
f 1645 1668 1646
f 1668 1689 1646
f 1689 1691 6076
f 1646 1689 1669
f 8655 8629 8639
f 1669 1689 6076
f 6076 1691 1648
f 8639 8620 8657
f 6117 8657 8620
f 6117 8620 6077
f 8647 6117 6077
f 8647 6077 6086
f 7185 7179 7172
f 1672 6083 1671
f 1649 1671 1608
f 1696 6084 7216
f 6084 4204 7216
f 4262 4204 4220
f 8648 7185 7205
f 4154 4084 4128
f 1696 7205 6084
f 6083 1695 4218
f 5264 5286 4196
f 5264 4195 5286
f 4098 4219 4244
f 4221 4220 4153
f 4221 8540 4284
f 5222 4180 4195
f 1650 1673 1635
f 5275 7182 1674
f 4210 1676 4122
f 4210 1675 1676
f 1651 7188 1654
f 4122 1722 1612
f 4122 1676 1722
f 7196 1654 7189
f 7189 1655 7190
f 1613 1595 1703
f 7190 1655 7197
f 7197 1655 7191
f 5990 6088 6044
f 7197 7191 8610
f 1703 1677 5990
f 7198 7197 8610
f 5990 6087 6088
f 6044 6088 1656
f 6088 1657 1656
f 1657 1658 6045
f 1726 8650 8621
f 8650 8590 8621
f 1726 8621 8622
f 6089 6066 1659
f 8642 1729 8624
f 8644 8625 7199
f 6067 1707 1636
f 6080 1636 1637
f 8644 8630 8625
f 6092 8614 8615
f 6113 6026 4075
f 8631 8632 8633
f 6068 6102 6059
f 6092 8633 8614
f 6102 6061 4103
f 6102 6090 6061
f 8634 6091 4090
f 6126 8607 6085
f 6126 6092 8607
f 6092 8615 8607
f 6126 6085 8578
f 8645 7920 5998
f 8645 4249 7920
f 4198 4144 3967
f 4225 7960 4199
f 4168 1639 1763
f 1638 1600 1623
f 1600 4211 1623
f 4211 1678 1623
f 4211 1571 1678
f 4163 1680 1679
f 1602 4186 1680
f 1662 1624 4227
f 1663 4165 4226
f 4147 4228 4254
f 7961 4229 4237
f 7200 4213 7184
f 4214 7961 4238
f 4214 4239 4201
f 5265 4217 5255
f 4150 4201 4215
f 4119 5289 4152
f 5272 1626 7175
f 4152 1682 5249
f 1400 5309 1616
f 5262 1588 1767
f 5262 1767 1615
f 8646 8699 5257
f 7203 5266 7204
f 1684 1615 1683
f 7204 5266 5252
f 7211 8609 6104
f 1641 1685 6027
f 6027 1685 1738
f 6027 1665 1642
f 1667 6094 6073
f 8636 8664 7178
f 1643 6094 1686
f 8654 8636 8637
f 8638 8637 8626
f 1643 1687 1628
f 1687 1688 1628
f 1628 1688 6074
f 1688 6095 6074
f 8667 6128 8627
f 6128 8638 8627
f 8655 8667 8627
f 1716 8655 8639
f 1668 6096 1689
f 1689 6097 1691
f 6096 1690 1689
f 1648 1692 1670
f 1691 6097 1648
f 1648 6097 1692
f 6098 6086 1744
f 6098 8647 6086
f 1670 1692 1694
f 1693 7185 1772
f 1649 4202 1671
f 1807 7205 1696
f 6083 6105 1695
f 5291 4179 5280
f 7187 4175 7158
f 4177 4319 4178
f 4154 4128 1719
f 4205 4231 4246
f 5267 7963 4232
f 4207 1832 1650
f 1650 1698 1673
f 1673 1698 5292
f 1699 1635 1700
f 1635 5292 7207
f 1635 1673 5292
f 1674 5276 5275
f 7182 4223 1674
f 1674 4223 1651
f 5276 1674 1702
f 1651 1654 1674
f 1674 1654 7196
f 1674 7196 1702
f 1612 1722 1595
f 7190 7197 7196
f 7196 7189 7190
f 7208 7196 7197
f 7208 7197 7198
f 1677 6087 5990
f 7213 7198 8640
f 8649 7213 8640
f 8649 8640 8650
f 8640 8590 8650
f 1657 6088 1658
f 6088 6099 1658
f 8659 8650 1726
f 8651 1726 8622
f 1658 6099 6078
f 8651 8622 8652
f 6078 6099 6089
f 8652 8622 8641
f 6099 1704 6089
f 1704 1705 6089
f 6089 1705 6066
f 8661 8641 1729
f 1705 1728 6066
f 6079 6066 1706
f 7217 1729 8642
f 1706 1707 6067
f 8642 8624 7209
f 8644 8643 8630
f 7209 8624 8643
f 1636 1708 1637
f 1637 1708 1732
f 8685 8644 7199
f 1732 6047 1637
f 8685 7199 8662
f 6110 8631 6101
f 8662 7199 8631
f 6100 6102 6068
f 6092 6101 8633
f 6100 6090 6102
f 8653 6092 6126
f 6100 6093 6090
f 6100 6109 6093
f 6103 6114 6071
f 6109 1709 6093
f 6111 8634 6093
f 4143 6069 4198
f 4249 4181 4115
f 4090 4248 6060
f 6112 6071 6081
f 6112 6103 6071
f 1623 1733 1661
f 4380 6195 6069
f 6114 8578 6071
f 4186 4266 1680
f 4186 1662 4266
f 1678 1710 7227
f 1678 4226 1710
f 1678 1663 4226
f 1681 1679 1734
f 1680 4277 1679
f 1662 1711 4266
f 1711 1662 4227
f 4172 4254 1790
f 4227 1624 4236
f 4254 4228 4253
f 4229 4255 4237
f 4229 4171 4255
f 7961 4237 4256
f 4172 1790 4257
f 4187 4215 4216
f 4214 4238 4239
f 7184 7193 7201
f 7193 1712 1792
f 5255 4217 4189
f 4174 4240 5281
f 4242 7170 4260
f 7170 7964 4260
f 7964 1587 4260
f 7195 5263 5279
f 7237 5260 1736
f 4119 4243 5289
f 4152 5289 1682
f 6033 1714 1666
f 6033 1642 1714
f 1641 1713 1685
f 6072 6094 1667
f 8646 8635 7211
f 8678 8664 8636
f 1714 6072 1666
f 1714 6115 6072
f 8664 7211 6104
f 6073 6094 1643
f 1686 1740 1643
f 8654 8637 8638
f 8654 8638 6128
f 1687 6095 1688
f 6095 1769 6074
f 6074 1769 1644
f 1769 1715 1644
f 1644 1715 1668
f 1668 1715 6096
f 6130 8655 1716
f 8656 8639 8657
f 1690 6097 1689
f 1744 1693 1772
f 6117 8647 6098
f 6097 6118 1742
f 6097 1742 1692
f 1694 1692 4261
f 1671 1717 1672
f 4202 1694 1717
f 1772 7185 8648
f 4202 1717 1671
f 6105 1718 4349
f 8648 7205 8658
f 8658 7205 1807
f 1672 6105 6083
f 4274 4221 4284
f 1807 1696 7216
f 4178 4305 4245
f 4262 4221 4274
f 4262 4220 4221
f 4246 4233 5291
f 7962 7966 4222
f 4275 4154 4264
f 4180 5286 4195
f 1719 4205 4320
f 5191 4247 4180
f 1635 7207 1700
f 1652 1720 1675
f 1699 1746 1652
f 1700 1746 1699
f 5276 1702 1701
f 1720 1652 1746
f 1675 1720 1676
f 1701 1702 7212
f 1701 7212 1721
f 1676 1720 1722
f 7212 7196 1723
f 7212 1702 7196
f 1595 1722 1703
f 7196 7208 1723
f 1677 1703 6087
f 1723 7208 7198
f 1723 7198 7213
f 1703 6106 6087
f 6087 1724 6088
f 8649 8650 8659
f 1724 1753 6088
f 1753 1725 6088
f 8659 1726 1752
f 6088 1725 6099
f 1725 1753 6099
f 8651 8652 1755
f 1755 8652 8641
f 1753 1727 6099
f 6099 1705 1704
f 6099 1727 1705
f 8660 1755 8641
f 8660 8641 8661
f 1706 1730 1707
f 7217 8661 1729
f 1728 1730 6066
f 6066 1730 1706
f 8642 7209 8643
f 1707 1731 1636
f 8642 8643 8644
f 1636 1731 1732
f 1636 1732 1708
f 1732 1761 6047
f 6108 6068 1660
f 6111 1709 6109
f 6110 6101 6092
f 6110 6092 8653
f 6111 6093 1709
f 6113 6112 6026
f 6112 6081 6026
f 4224 6113 4075
f 6114 6137 8578
f 6137 6126 8578
f 1623 4235 1733
f 4235 1678 1733
f 4235 1623 1678
f 4227 4236 4251
f 4228 1681 1734
f 4212 4252 4171
f 1711 4227 4266
f 4228 4250 1790
f 4228 1790 4253
f 4254 4253 1790
f 4236 1735 4267
f 1735 4236 7214
f 4236 7200 7214
f 4237 4255 4256
f 7961 4256 4268
f 4172 4257 5268
f 4240 4280 5281
f 4239 4238 4269
f 4239 4278 4201
f 4201 4278 4215
f 4240 4174 4280
f 5302 5270 5256
f 7237 1736 7215
f 5272 7175 5270
f 1685 1737 1738
f 5302 5256 5273
f 1616 1794 1605
f 1605 1794 1713
f 5285 5279 8699
f 1685 1713 1737
f 8663 8699 8646
f 1665 1738 1642
f 7222 8646 7211
f 7222 7211 8664
f 8665 8678 8636
f 8665 8636 8654
f 6094 1740 1686
f 1740 1768 1643
f 1643 1768 1687
f 8666 8654 6128
f 6095 1687 1769
f 6139 8667 8655
f 8668 8655 6130
f 1715 6116 6096
f 6116 6129 6096
f 6129 1741 6096
f 8669 6130 8656
f 6130 1716 8656
f 1741 1770 6096
f 8669 8656 8657
f 1690 6096 6097
f 8670 8657 6117
f 8683 6117 6098
f 6118 4272 1692
f 1743 6098 1744
f 1742 6118 1692
f 1743 1744 1772
f 1717 1694 1672
f 1773 8648 8706
f 1773 1772 8648
f 7223 8648 8658
f 7223 8706 8648
f 1694 6119 1672
f 1672 6119 6105
f 8694 7223 1807
f 7223 8658 1807
f 6105 6119 1718
f 4273 1807 7216
f 4244 4285 4263
f 8671 5276 1701
f 8671 5275 5276
f 1720 1746 1748
f 1700 7207 1746
f 1720 1748 1745
f 1745 1748 1747
f 7207 5292 1746
f 8684 1701 1750
f 1701 1721 1750
f 1720 1745 1775
f 1745 1747 1775
f 1721 7212 1723
f 1723 7213 1721
f 1775 1776 1720
f 1722 6106 1703
f 1720 1780 1722
f 1720 1776 1780
f 1748 5287 1749
f 1721 8649 1750
f 1721 7213 8649
f 6106 1724 6087
f 1722 1780 6106
f 1750 8649 1751
f 1750 1779 8696
f 6106 1780 6120
f 1724 6106 1753
f 1779 1750 1752
f 1750 1751 1752
f 1751 8649 8659
f 6106 6120 1753
f 8672 1779 1726
f 1751 8659 1752
f 1779 1752 1726
f 1753 6120 6121
f 8672 8651 1755
f 8672 1726 8651
f 1753 1756 1727
f 8672 1755 8673
f 1753 6121 1756
f 1727 1756 1705
f 1756 6107 1705
f 1756 6121 1758
f 8673 1755 8660
f 1756 1758 6107
f 8673 8660 7225
f 8674 7225 8661
f 6107 1758 1757
f 8675 8674 7217
f 7225 8660 8661
f 6107 1730 1705
f 8674 8661 7217
f 1705 1730 1728
f 6107 1760 1730
f 6107 1757 1760
f 1757 1758 1760
f 1758 1759 1760
f 8676 8642 1783
f 8676 7217 8642
f 1730 1760 1707
f 1783 8642 8644
f 1707 1760 1731
f 1783 8644 7234
f 8685 7234 8644
f 1761 6122 6047
f 8685 8662 8631
f 6047 6122 1660
f 8677 7226 6110
f 1660 6122 6108
f 6134 6124 6111
f 6068 6109 6100
f 6127 6110 8653
f 6162 6091 8634
f 6162 4090 6091
f 6123 6111 6109
f 6123 1789 6111
f 6124 8634 6111
f 6112 6125 6103
f 6125 6136 6103
f 6127 8653 6126
f 1639 1661 1733
f 4277 1680 4266
f 1733 1678 1762
f 1678 7227 1762
f 1679 1863 1734
f 1679 4277 1863
f 1790 4250 4326
f 4236 4267 4251
f 4266 4251 4313
f 4266 4227 4251
f 1710 7228 7218
f 1710 4226 7228
f 4171 4252 4255
f 4267 1735 7214
f 4256 4255 4268
f 7961 4268 4238
f 4258 1765 4280
f 4258 4174 1765
f 7219 7228 7210
f 5268 4328 1587
f 7184 7201 7229
f 4215 4281 4216
f 7219 5281 4270
f 4174 4258 4280
f 5278 4271 4300
f 4174 4241 1765
f 4241 1766 1765
f 4241 4242 1766
f 4242 4259 1766
f 5284 5272 7220
f 5278 4300 4217
f 7237 7215 5288
f 5288 7215 1736
f 1682 1640 5249
f 5272 5270 7220
f 1400 1684 5309
f 5302 5273 7203
f 7221 7204 7195
f 7221 7203 7204
f 5309 1794 1616
f 7238 7195 5279
f 7238 5279 5285
f 8688 7222 8664
f 8713 8699 8663
f 1738 6150 1642
f 1714 1642 6115
f 1739 1796 6094
f 6072 6115 6094
f 6115 1739 6094
f 6115 6138 1739
f 8678 8688 8664
f 8679 8678 8665
f 6094 1796 1740
f 8681 8666 6128
f 8680 8654 8666
f 1687 1768 1769
f 1769 6129 1715
f 8681 6128 8682
f 8682 6128 8667
f 6139 8668 6130
f 6139 8655 8668
f 8682 8667 6139
f 6129 6116 1715
f 1801 8669 8657
f 1820 6130 8669
f 6097 1771 6131
f 1770 1771 6096
f 1801 8657 8670
f 6096 1771 6097
f 1801 8670 6117
f 8683 6098 1743
f 6131 6118 6097
f 6131 1771 6118
f 1743 1772 1857
f 1692 4272 1858
f 6118 1858 4272
f 6118 1827 1858
f 4282 1743 1857
f 8706 1772 1773
f 1694 4261 1805
f 1805 6119 1694
f 6119 1774 1718
f 6119 4283 1774
f 7216 4204 4303
f 7965 4339 7962
f 1718 1774 4349
f 1808 7216 7224
f 1808 4273 7216
f 7233 7180 1885
f 7233 5274 7180
f 4304 4194 4286
f 4304 7206 4194
f 4264 4154 7231
f 1885 7180 7166
f 1579 5246 4234
f 8684 1750 8696
f 5307 5254 5282
f 5307 8671 5308
f 5307 5282 8671
f 5292 1748 1746
f 1747 1776 1775
f 1747 1748 1776
f 1748 1778 5287
f 1748 1777 1778
f 8696 1779 8731
f 8731 8672 8673
f 8731 1779 8672
f 1780 1782 6120
f 1776 1749 1780
f 5287 1778 1781
f 1782 1754 6120
f 1782 1780 1754
f 5287 1781 1749
f 6120 1754 6121
f 1780 1749 1754
f 1749 1781 1754
f 7969 8673 7225
f 1754 5293 6121
f 7969 7225 8674
f 5293 1758 6121
f 7969 8674 8675
f 8675 7217 8676
f 5294 1784 1758
f 5294 6132 1784
f 1783 7234 8697
f 1758 1784 1759
f 8697 8676 1783
f 1759 1784 1760
f 1760 1784 1785
f 1760 1785 1786
f 7235 7234 8685
f 1732 6122 1761
f 1732 1809 6122
f 6122 1787 6068
f 7226 8685 8631
f 6122 6068 6108
f 6068 6133 1788
f 6109 1789 6123
f 1788 6109 6068
f 1788 1789 6109
f 6135 6162 8634
f 1789 6134 6111
f 6124 6135 8634
f 4248 4380 6060
f 6136 6114 6103
f 6136 6137 6114
f 1763 4323 4276
f 6137 6127 6126
f 8686 4225 4199
f 1639 1835 4323
f 1639 1733 1835
f 1733 1762 7227
f 4228 1734 1863
f 1863 4277 4324
f 1764 4251 4267
f 1710 4312 7227
f 4250 4228 4326
f 4355 7218 7228
f 4312 1710 4355
f 4267 7214 1791
f 1710 7218 4355
f 4268 4255 4238
f 4257 4297 5268
f 4257 1790 4297
f 7214 7229 1791
f 7229 7200 7184
f 7219 7210 5281
f 5289 5314 1682
f 1792 1712 7237
f 4217 4300 4189
f 4189 1793 4243
f 8699 7238 5285
f 7221 7195 8733
f 8733 7195 7238
f 7222 8687 8646
f 1713 1795 1737
f 1737 1795 1738
f 1738 1816 6150
f 8687 8663 8646
f 1642 6138 6115
f 8700 8679 8665
f 1740 1797 1768
f 8682 8666 8681
f 8682 8680 8666
f 8690 8689 6139
f 8689 8682 6139
f 1798 1819 6129
f 1769 1798 6129
f 8690 1799 6130
f 8691 1800 8669
f 8691 1820 1800
f 1799 6139 6130
f 1799 8690 6139
f 8690 6130 1820
f 1800 1820 8669
f 8691 6117 8683
f 8691 8669 1801
f 1741 6140 1770
f 8691 1801 6117
f 8692 8683 1743
f 1771 1802 6118
f 1802 1827 6118
f 1802 4301 1827
f 1854 1743 4282
f 1852 1854 6156
f 1854 4282 1857
f 1692 1858 1803
f 4261 1692 1803
f 1805 1829 6119
f 4261 1804 1805
f 8693 7223 7239
f 8693 8706 7223
f 6119 1806 4283
f 7239 7223 8694
f 1829 6141 6119
f 6141 1806 6119
f 8719 8694 1807
f 8719 1807 4273
f 4283 1806 4348
f 1806 1830 4348
f 1831 8719 7230
f 8719 1808 7230
f 8719 4273 1808
f 4263 4285 4339
f 7962 4287 7966
f 1774 4283 4349
f 4283 4348 4349
f 1808 7224 7230
f 4218 6105 4230
f 7243 7216 4337
f 4303 4204 4262
f 7963 7967 5290
f 4232 5290 4321
f 5243 4308 4247
f 5243 4289 4308
f 8684 8671 1701
f 7240 8685 7226
f 1731 1809 1732
f 1731 1760 1809
f 1760 1786 1809
f 1809 1787 6122
f 1787 6133 6068
f 7240 1810 8677
f 7240 7226 1810
f 6133 1787 1788
f 1810 7226 8677
f 1787 6144 1788
f 6144 6145 1788
f 1788 6145 1789
f 6145 6146 1789
f 6148 8698 6127
f 6146 6134 1789
f 6146 6147 6134
f 6149 6148 6136
f 6134 6135 6124
f 6134 6194 6135
f 6136 6125 6112
f 6148 6137 6136
f 6148 6127 6137
f 4228 1863 1837
f 4277 4266 4313
f 4294 1763 4340
f 1763 4276 4340
f 4277 4313 4324
f 1790 4326 4295
f 4212 4294 4252
f 4313 4251 1764
f 4252 1889 4255
f 4252 1811 1889
f 1790 4295 1887
f 4255 4342 1812
f 4239 4343 4278
f 4239 4269 4343
f 4267 1791 4296
f 4238 4255 1812
f 7219 4355 7228
f 5268 4297 1813
f 1791 7229 7236
f 5268 1813 4328
f 7236 7229 1814
f 4242 4260 4299
f 5278 4216 4271
f 1839 7237 1938
f 7229 7201 1792
f 4215 4278 4281
f 7219 4298 1815
f 4298 4270 1815
f 4270 2007 1815
f 4243 1793 7971
f 4260 1587 4299
f 4281 4278 4315
f 5295 1792 7237
f 1682 1920 1640
f 4189 4300 1866
f 7252 5302 7203
f 4243 7971 5289
f 7202 5248 5297
f 5297 5283 5284
f 5297 5248 5283
f 1588 1867 1767
f 1588 1640 1867
f 7203 7221 5298
f 1683 1841 1684
f 1684 1841 5309
f 1794 1816 1713
f 1713 1816 1795
f 1795 1816 1738
f 8687 8713 8663
f 6150 6165 1642
f 7249 8687 7222
f 1642 6151 6138
f 7249 7222 8688
f 7253 8688 8678
f 6138 1817 1739
f 7253 8678 8679
f 1739 1817 1796
f 8701 8665 8702
f 8701 8700 8665
f 1818 6152 1768
f 8702 8665 8680
f 1740 1818 1797
f 8702 8680 8715
f 8715 8680 8682
f 1797 1818 1768
f 8703 8715 8682
f 8703 8682 8704
f 6152 1846 1768
f 1846 1769 1768
f 8727 8704 8689
f 8704 8682 8689
f 1769 1846 1798
f 1846 1819 1798
f 8727 8689 8690
f 8705 8690 1820
f 6129 1819 1741
f 1820 8691 8717
f 1770 1850 1771
f 1850 6153 1771
f 6153 1821 1771
f 6140 1850 1770
f 6154 8692 1853
f 6154 8683 8692
f 6154 8691 8683
f 1821 1802 1771
f 1821 6153 1802
f 1853 1743 1854
f 1853 8692 1743
f 1853 1854 1852
f 1802 1822 4301
f 6173 6156 1823
f 1822 1824 4301
f 6155 1825 1822
f 1823 6156 1826
f 6155 6157 1904
f 4301 1824 4333
f 1824 1822 4333
f 1822 1825 4333
f 6155 1904 1825
f 4301 4333 1827
f 6157 1823 1904
f 1823 1826 1904
f 1826 6156 1854
f 1803 1804 4261
f 1857 1772 1828
f 1828 1772 8706
f 1803 1882 1804
f 1805 1804 1829
f 8706 8693 7239
f 1804 6158 1829
f 8707 7239 8694
f 8708 8694 8719
f 6141 1829 1806
f 1806 6159 1830
f 8720 4336 1859
f 8720 8719 1831
f 6105 4349 4230
f 1830 6159 4348
f 8720 1831 4336
f 1831 7230 4336
f 4245 4305 4306
f 4303 4274 4337
f 4303 4262 4274
f 5296 4307 5300
f 7231 4275 4264
f 5306 1832 1579
f 1832 1833 1650
f 1650 6142 1698
f 1650 1833 6142
f 1748 1861 1777
f 8709 8676 8697
f 8709 8697 7234
f 8709 7234 7235
f 1784 1834 1785
f 1785 1834 1786
f 6179 6143 1787
f 1786 1834 1809
f 8710 8685 7240
f 8710 7235 8685
f 1809 6179 1787
f 1809 1834 6179
f 7240 8677 8711
f 6143 6144 1787
f 6144 6146 6145
f 6149 6161 6148
f 6136 8744 6149
f 6180 6127 8698
f 6180 8711 6127
f 8711 8677 6127
f 4381 4322 4224
f 6195 4309 6069
f 6161 8698 6148
f 4276 4323 4340
f 6163 6113 4224
f 1733 7227 4353
f 8712 4224 4181
f 4290 6164 4198
f 1733 4353 1835
f 4252 4294 4327
f 4294 4340 1836
f 7227 4312 4353
f 4324 4313 4364
f 1864 4312 4355
f 1864 4355 1838
f 4295 4326 1887
f 1764 7241 4313
f 1764 4267 7241
f 4255 1889 1890
f 7241 4267 4296
f 4342 4255 1890
f 4297 1790 1813
f 4238 1812 4343
f 4269 4238 4343
f 7247 7229 1792
f 1814 7229 7247
f 1766 4259 4314
f 4259 4299 4314
f 4189 1896 1793
f 1792 5295 7247
f 5295 7237 7247
f 7247 7237 1839
f 1938 5288 7242
f 4189 1866 1896
f 5301 7202 5297
f 5301 1736 7202
f 7971 5314 5289
f 5284 7220 5302
f 1767 1840 1615
f 8723 7238 8699
f 1615 1841 1683
f 1615 1840 1841
f 5298 7221 8733
f 8734 8713 8687
f 5309 1868 1794
f 8723 8699 8713
f 1816 1869 6150
f 8734 8687 7249
f 6138 1870 1817
f 1642 6165 6151
f 6165 6138 6151
f 8725 8700 8701
f 8700 7253 8679
f 8725 8701 8702
f 1796 1843 1740
f 1843 1844 1740
f 1926 6166 8703
f 1844 1845 1740
f 1740 1845 1818
f 1926 8715 6166
f 1926 8704 8727
f 6166 8715 8703
f 1926 8703 8704
f 6152 1818 1846
f 1846 6167 6168
f 1846 6168 1819
f 6168 1847 1819
f 1847 1848 1819
f 8716 1820 8717
f 1819 1848 1741
f 1848 1849 1741
f 1741 1849 6140
f 8691 6154 8718
f 1850 1851 6153
f 6170 8718 1853
f 1877 1876 1852
f 8718 6154 1853
f 1851 1802 6153
f 1851 1822 1802
f 1851 6171 6155
f 1876 1853 1852
f 1851 6155 1822
f 6171 6172 6155
f 6172 4331 6155
f 6173 1877 6156
f 1903 1905 1823
f 1903 1823 6157
f 1905 6173 1823
f 1904 1826 4316
f 1877 1852 6156
f 6155 4331 6157
f 4331 1903 6157
f 1857 1828 1856
f 1826 1854 4316
f 1854 1856 4316
f 1854 1857 1856
f 1828 8706 1856
f 1880 1856 8706
f 6187 8708 6174
f 1880 8706 8707
f 1804 1882 6158
f 8707 8706 7239
f 8707 8694 8708
f 6158 1882 1829
f 6174 8719 6187
f 6174 8708 8719
f 1829 6159 1806
f 6159 6175 6188
f 6188 4334 4335
f 6159 4335 4348
f 6159 6188 4335
f 4347 1859 7250
f 4347 6176 1859
f 4317 7206 4373
f 7206 4304 4373
f 6176 8720 1859
f 4321 5299 5310
f 4350 4302 7243
f 4285 1860 4339
f 4285 4338 1860
f 4247 4289 5303
f 1832 5306 1697
f 8763 8710 7245
f 8730 8684 8695
f 1777 1861 1778
f 1778 1861 1781
f 6143 6179 6144
f 1784 6178 1834
f 8763 7235 8710
f 8763 8709 7235
f 6179 6160 6144
f 6179 6193 6160
f 8722 4181 4249
f 6149 6180 8698
f 6149 8698 6161
f 6147 6194 6134
f 6162 4440 4090
f 6162 6135 4440
f 8722 8645 5998
f 4311 8686 4199
f 4294 4325 4327
f 1837 1863 1862
f 1837 1862 4326
f 1863 4324 1913
f 4294 1836 4325
f 4353 4312 1864
f 4364 4313 7246
f 4252 4327 1811
f 7241 4296 1916
f 1811 1888 1889
f 1887 4341 1790
f 4296 1791 1916
f 1791 1814 1892
f 1791 7236 1814
f 4328 4365 1587
f 4278 4345 4315
f 4279 4280 1865
f 4216 7972 4271
f 1765 1919 4280
f 1765 1766 1919
f 1766 4314 1919
f 1839 1938 7258
f 4281 4315 4216
f 7247 1839 7258
f 4271 7972 1895
f 1640 4330 1867
f 4300 4271 1866
f 1938 7242 5301
f 5301 7242 5288
f 1793 1896 7971
f 1682 5314 1920
f 7259 5284 5302
f 1767 1867 1840
f 8757 5302 7252
f 1841 1840 1897
f 7238 7248 8733
f 1868 1816 1794
f 1816 1898 1869
f 8760 7249 8714
f 8723 8713 8734
f 8714 8688 7253
f 1842 1870 6138
f 6150 1899 6165
f 7249 8688 8714
f 6138 6165 1842
f 8724 8714 7253
f 1796 1900 1843
f 1870 1796 1817
f 8725 7253 8700
f 8726 8715 6182
f 8726 8725 8702
f 8726 8702 8715
f 8726 6182 1926
f 6182 8715 1926
f 1844 1871 1845
f 1845 1871 1818
f 1871 6167 1818
f 6183 8727 8705
f 1818 6167 1846
f 8737 1872 8705
f 8737 6183 1872
f 6183 8705 1872
f 1847 1873 1848
f 8737 8705 1820
f 6199 8716 6169
f 6199 1820 8716
f 1848 6184 1849
f 1849 6184 6140
f 1876 6204 8718
f 8728 8691 8718
f 8728 6169 8691
f 6169 8717 8691
f 6184 1850 6140
f 6184 1874 1850
f 1850 1875 1851
f 1850 1874 1875
f 1875 6185 1851
f 1876 6170 1853
f 1876 8718 6170
f 6185 6171 1851
f 1877 8729 1876
f 6185 6172 6171
f 1878 6186 6172
f 6206 1904 1929
f 1879 8729 6173
f 8729 1877 6173
f 6186 4331 6172
f 4333 1825 4332
f 1904 4316 1929
f 1858 1827 4333
f 4316 1856 1880
f 1803 1858 1882
f 1858 4346 1882
f 4346 1884 1882
f 1880 1881 8708
f 1881 8707 8708
f 1881 1880 8707
f 8739 8708 6187
f 1882 1883 1829
f 1882 1884 1883
f 6187 8719 8720
f 6159 1884 6175
f 1829 1883 6159
f 1883 1884 6159
f 1884 6188 6175
f 1910 6176 4347
f 6189 6176 1910
f 6189 8720 6176
f 6188 6190 4334
f 4274 4284 4373
f 7966 4376 4319
f 4230 4368 4219
f 1834 6192 6179
f 8730 8671 8684
f 1748 5312 1861
f 8732 7969 8709
f 8755 7245 8710
f 8755 8763 7245
f 8755 8710 7240
f 8755 7240 8711
f 8711 6180 6149
f 6144 6147 6146
f 4440 4380 4248
f 1836 4340 1886
f 4323 4353 4340
f 4323 1835 4353
f 4353 1864 1914
f 1863 1913 1862
f 1913 4324 4364
f 7246 4313 7256
f 1811 4327 1888
f 4313 7241 7256
f 1812 1891 4343
f 1812 4342 1891
f 4341 1813 1790
f 1918 1791 1892
f 4355 7219 1917
f 1916 1791 1918
f 1917 7219 4344
f 4328 1813 4365
f 4278 4343 4345
f 4343 1893 4345
f 4315 4345 1894
f 1892 1814 7247
f 7219 1815 4344
f 4216 4315 7972
f 4271 1895 1866
f 7971 1920 5314
f 5301 5297 7251
f 7251 5297 5284
f 7252 7203 5298
f 6181 1898 1816
f 1841 1868 5309
f 1841 1897 1868
f 7260 8733 7248
f 7260 7248 7238
f 1868 6181 1816
f 7260 7238 8723
f 8758 7260 8723
f 8746 8723 8734
f 1869 1898 6150
f 1898 6197 6150
f 8760 8724 7253
f 8760 8734 7249
f 8760 8714 8724
f 1842 1923 1870
f 1870 1923 1796
f 8747 7253 8725
f 1796 1923 1900
f 8736 8735 8726
f 8736 8726 1926
f 8749 8727 6183
f 6167 6198 6168
f 6168 6198 1847
f 6198 1873 1847
f 1873 6200 1848
f 6199 8737 1820
f 6200 6201 1848
f 6202 6169 8728
f 1848 6201 6184
f 6204 6202 8718
f 6201 1874 6184
f 1874 6203 1902
f 6202 8728 8718
f 1874 1902 1901
f 8738 6204 1876
f 1874 1901 1875
f 1901 6185 1875
f 1901 1902 6185
f 8738 1876 8729
f 1902 6172 6185
f 1902 7261 6172
f 6205 8729 1879
f 6186 4356 1903
f 1905 1903 1904
f 4356 1906 1903
f 4387 1825 4356
f 4356 1825 1906
f 1906 1825 1903
f 1825 4387 4332
f 1858 1884 4346
f 1858 1855 1884
f 1858 4333 1855
f 4316 1907 1929
f 4316 1908 1907
f 4316 1880 1908
f 1907 1908 8708
f 1908 1880 8708
f 1884 1855 6207
f 1907 8708 8739
f 1884 1909 6188
f 6207 1909 1884
f 8740 8739 6187
f 1909 6207 6188
f 6207 1930 6188
f 7262 6189 6209
f 7262 8720 6189
f 7262 8740 8720
f 8740 6187 8720
f 8751 1910 4347
f 6209 6189 1910
f 1930 6208 6188
f 6208 6190 6188
f 4350 7243 4337
f 4334 6190 4335
f 4347 7250 7254
f 4349 4368 4230
f 1954 4320 4378
f 4305 4361 4306
f 4305 4351 4361
f 4247 5303 5286
f 5311 7232 7244
f 7967 4306 4377
f 7231 1719 1954
f 7967 4377 7973
f 7268 5291 5311
f 5286 5304 7968
f 4234 7968 5320
f 6132 6210 1784
f 7974 7969 8721
f 6160 6147 6144
f 8741 8763 8755
f 6193 6211 6160
f 8743 8711 6149
f 8743 6149 8744
f 8744 6112 6163
f 4353 1960 1886
f 8745 8722 5998
f 6196 4363 4184
f 4340 4353 1886
f 4353 1914 1960
f 4326 1932 1887
f 4326 1862 1932
f 1914 1864 1838
f 4341 1887 1813
f 4364 7246 7256
f 1889 4354 1915
f 1889 1888 4354
f 7256 7241 1916
f 1889 1915 1890
f 4343 1891 1893
f 1838 1917 1936
f 1838 4355 1917
f 7263 1917 4344
f 4314 4329 1919
f 4329 4299 1919
f 4329 4314 4299
f 1892 7247 7257
f 7247 7258 7257
f 1938 5301 1968
f 1920 4330 1640
f 7264 5284 7259
f 8757 7259 5302
f 1867 1921 1840
f 7266 7252 5298
f 7266 5298 8733
f 7266 8733 7260
f 8746 8758 8723
f 8759 8734 8760
f 1898 1899 6197
f 1898 1939 1899
f 6197 1899 6150
f 1899 1922 6165
f 8760 7253 8747
f 6165 1922 1842
f 1842 1922 1923
f 8761 6213 8735
f 6213 8725 8735
f 8761 8725 6213
f 8761 8747 8725
f 1923 1924 1900
f 1900 1924 1843
f 8748 8761 8735
f 1924 6214 1843
f 1843 6214 1844
f 1844 1943 1925
f 8762 8736 1926
f 1925 1871 1844
f 8750 8749 6183
f 1871 1925 6167
f 1925 6198 6167
f 1925 6215 6198
f 6198 6215 1873
f 8737 6199 8768
f 6216 1927 6200
f 6215 6200 1873
f 6215 6216 6200
f 8768 6169 1946
f 8768 6199 6169
f 6235 6202 6217
f 6235 1946 6202
f 1946 6169 6202
f 6200 1927 6201
f 6201 1927 1874
f 1927 6203 1874
f 6203 1947 1902
f 6235 6217 6204
f 6217 6202 6204
f 6204 8738 5317
f 7261 1948 1878
f 1879 4357 6205
f 1878 4387 4356
f 1904 4388 1905
f 1905 4388 4357
f 1855 4333 1928
f 1950 6206 6218
f 6206 1929 6218
f 6218 1929 8740
f 1929 8739 8740
f 1929 1907 8739
f 1855 1930 6207
f 1855 6219 1930
f 1930 6219 6208
f 8751 7262 6209
f 4336 7230 7255
f 7230 7224 7255
f 6219 6190 6208
f 6219 6220 6190
f 8751 6209 1910
f 4348 4358 4399
f 4372 4337 4274
f 4368 4394 4219
f 4359 7216 4369
f 4369 4350 4370
f 5315 5312 6142
f 5315 1833 5312
f 4378 5300 7268
f 1861 6221 1781
f 8753 8695 8770
f 6210 6178 1784
f 8754 8771 8709
f 8752 8730 8695
f 8769 5313 8695
f 6211 6228 6160
f 4379 5294 5293
f 7282 8732 8709
f 6179 6222 6193
f 4325 1836 4327
f 4381 6163 4322
f 4381 6239 6163
f 4363 6229 4293
f 6294 4311 4310
f 1862 4383 1932
f 1886 1956 1836
f 1886 4382 1956
f 1886 1960 4382
f 1862 1913 4383
f 1913 4364 1957
f 1957 4364 1959
f 4364 1934 1959
f 4364 7256 1934
f 1934 7256 2006
f 1887 1935 1813
f 1914 1936 1960
f 1914 1838 1936
f 7256 1916 2006
f 1936 1917 7263
f 1813 1962 4365
f 1916 1918 1982
f 1982 1918 1966
f 1918 1892 1966
f 1966 1892 1985
f 4280 4366 4384
f 4366 1919 4384
f 4345 1893 1937
f 1892 7257 1985
f 4315 1894 1986
f 1968 5301 7264
f 1895 1988 1866
f 7264 5301 7251
f 7264 7251 5284
f 7264 7259 8757
f 7265 8757 7252
f 7265 7252 7266
f 1840 6212 1897
f 1897 6212 1868
f 7279 8758 8746
f 8758 7266 7260
f 1868 6223 6181
f 1898 6181 1939
f 1939 1940 1899
f 8785 8746 8759
f 6240 8759 8760
f 1940 1941 1899
f 8759 8746 8734
f 1899 1941 1922
f 1922 1942 1923
f 8761 8760 8747
f 1923 1942 1924
f 8762 8735 8736
f 8762 8761 8748
f 8762 8748 8735
f 6214 1943 1844
f 6214 1925 1943
f 6214 1944 1925
f 6231 8762 1926
f 1944 1945 1925
f 1945 6215 1925
f 1945 1973 6215
f 8750 6183 8737
f 6248 8737 8768
f 1973 6216 6215
f 1973 6232 6216
f 6233 8768 6234
f 6225 6203 6216
f 1946 6234 8768
f 6225 1975 6203
f 5317 8738 4386
f 7261 1977 1948
f 6216 6203 1927
f 6203 1975 1947
f 1976 6204 5321
f 1976 6235 6204
f 5318 1949 8738
f 1949 4386 8738
f 5318 4357 1949
f 1878 1948 4387
f 4333 4332 1952
f 4357 2023 1949
f 4388 2023 4357
f 6206 7262 6226
f 1904 6206 4388
f 6206 1950 7262
f 1928 4333 1952
f 1950 6218 7262
f 6226 7262 1951
f 1928 6219 1855
f 1928 1952 6219
f 6226 1951 5319
f 7262 6218 8740
f 5319 1951 8751
f 4358 1953 4399
f 1951 7262 8751
f 1952 6220 6219
f 4349 4449 4368
f 4349 4367 4449
f 4370 4350 4337
f 4358 4335 1953
f 4335 4393 1953
f 4335 1979 4393
f 4390 7254 4400
f 7250 1859 7254
f 7224 4359 7267
f 4219 4394 4401
f 4338 4444 4339
f 4338 4402 4444
f 4275 7231 4360
f 7271 1912 5305
f 7973 4377 4418
f 5306 1955 1697
f 8790 8730 8752
f 4234 5320 5306
f 6177 6227 6191
f 8770 8731 7974
f 8763 8754 8709
f 8764 8763 8741
f 6192 4406 6179
f 8764 8741 8755
f 6222 6211 6193
f 6222 6228 6211
f 8765 8742 8743
f 8766 8744 6163
f 8766 8756 8744
f 6195 4396 4309
f 6229 6294 4310
f 1836 1956 4327
f 1887 1932 4383
f 4383 1913 1957
f 1888 1958 4354
f 1888 4327 1958
f 2006 1916 1982
f 1915 1961 1890
f 1891 1890 1963
f 1890 1961 1963
f 4279 1865 2007
f 4365 1962 2030
f 1891 1963 1893
f 1919 4299 4424
f 1865 4384 1964
f 4345 1967 1986
f 4345 1937 1967
f 1936 7263 1965
f 7263 4344 1965
f 4299 4365 4424
f 4345 1986 1894
f 4315 1986 7972
f 7257 7258 2012
f 7258 4385 2012
f 2012 4385 1938
f 1938 1968 7269
f 1896 4411 7971
f 7971 4411 1920
f 1989 1968 7264
f 1920 1969 4330
f 4330 1969 1867
f 8774 7265 7266
f 1921 5323 1840
f 1840 5323 6212
f 8774 8757 7265
f 8784 8774 7266
f 8784 7266 8758
f 1868 6230 6223
f 1939 6181 1940
f 8795 8746 8785
f 1941 1942 1922
f 1970 1971 1942
f 8767 6240 8761
f 6240 8760 8761
f 8776 8767 8761
f 8776 8761 8762
f 1942 1971 1924
f 6214 1924 1944
f 1994 8762 6231
f 1944 1972 1945
f 1972 1973 1945
f 1972 6224 1973
f 8749 8750 8737
f 8749 8737 6248
f 1997 6248 8768
f 6232 6225 6216
f 6224 6232 1973
f 1996 6225 6232
f 6225 1974 6243
f 1996 1974 6225
f 6235 6234 1946
f 6225 6243 1975
f 1947 7273 1977
f 5321 4386 1976
f 7273 1948 1977
f 7273 7270 1948
f 6190 2001 1979
f 1952 4332 1978
f 1952 1978 6220
f 2001 4390 1979
f 2001 5319 4390
f 4368 4449 4394
f 1979 4400 4393
f 1979 4389 4400
f 4370 4337 4371
f 4389 4390 4400
f 4367 4391 4449
f 4391 4392 4449
f 7255 7224 7267
f 4337 4372 4463
f 4372 4373 4403
f 4376 4318 4404
f 4352 4351 4377
f 4306 4352 4377
f 6191 6227 5316
f 5325 7244 7271
f 7968 5304 5320
f 7289 8671 7272
f 7289 5308 8671
f 8799 7272 8790
f 5312 6236 1861
f 1861 6236 5322
f 8769 8695 8791
f 4379 5329 5294
f 8772 8742 8765
f 6160 2004 6147
f 8773 6239 4381
f 4407 4123 4291
f 4327 1956 2058
f 1958 4327 2058
f 4383 2005 1887
f 1887 1933 1935
f 4382 1960 2058
f 1957 1959 1934
f 1813 1935 2059
f 1813 2059 1962
f 4354 1980 1915
f 2006 1982 1981
f 2058 1960 1936
f 1893 1963 4409
f 1981 1982 2029
f 1919 1984 4384
f 1893 1983 1937
f 1893 4409 1983
f 4344 4410 1965
f 1982 1966 1985
f 1985 7257 2011
f 7972 1987 1895
f 1866 1988 1896
f 1989 7264 7285
f 7276 7269 1968
f 7276 1968 1989
f 7264 8757 7285
f 1867 5323 1921
f 8774 7285 8757
f 6212 6230 1868
f 6230 2015 6223
f 8784 8758 7279
f 6181 1991 1940
f 6181 2038 1991
f 8795 7279 8746
f 8785 6240 2042
f 8785 8759 6240
f 1940 1992 1941
f 2042 6240 8767
f 1941 1992 1942
f 1992 1970 1942
f 8775 8767 8776
f 8775 2042 8767
f 1970 1993 1971
f 1971 2016 1924
f 1971 1993 2016
f 6241 8776 1994
f 6241 1994 6231
f 2016 1995 1924
f 1924 1995 1944
f 1995 1972 1944
f 8796 6231 8749
f 6242 6224 1972
f 8796 8749 6248
f 6242 1996 6224
f 1997 6233 6234
f 6224 1996 6232
f 1997 6234 2018
f 1996 6243 1974
f 1996 6250 6243
f 1997 8768 6233
f 1998 2018 6235
f 2018 6234 6235
f 1998 1976 1999
f 2019 1947 6243
f 2019 7273 1947
f 1976 4386 5326
f 2023 4388 8797
f 6190 5330 2001
f 4392 4398 4449
f 7267 4359 4369
f 4374 4375 4436
f 4377 4429 4418
f 5324 4378 4395
f 4395 5311 5334
f 5303 4289 7975
f 5286 4419 5304
f 5286 7975 4419
f 8777 7272 8799
f 7296 5305 7300
f 7300 5305 5307
f 6177 6244 6227
f 7300 5307 1931
f 7300 1931 7313
f 7313 1931 5308
f 1833 2003 5312
f 6210 6238 1834
f 8790 8752 5313
f 8809 5313 8769
f 8794 8755 8772
f 8778 7974 7274
f 8810 8721 7282
f 8781 8756 8766
f 8779 8771 8754
f 8779 8754 8763
f 8780 8764 8755
f 8780 8792 8764
f 4423 4381 8722
f 6160 6253 2004
f 8782 8773 4381
f 4362 8868 8745
f 4292 4408 4397
f 1887 2005 1933
f 1958 2054 4354
f 1956 4382 2058
f 4383 1957 2005
f 1957 1934 2005
f 1980 4354 2054
f 1961 1915 1963
f 1934 2006 2029
f 2058 1936 7275
f 2006 1981 2029
f 1865 1964 7283
f 2029 1982 2008
f 1865 7283 2007
f 1964 4384 7283
f 1936 2010 2009
f 1936 1965 2010
f 1919 4424 1984
f 2008 1982 1985
f 1967 1937 2069
f 1985 2011 2032
f 7972 1986 1987
f 7257 2012 2011
f 2011 2012 7269
f 1896 2013 2072
f 1896 1988 2013
f 2011 7269 7276
f 1896 2072 4411
f 7276 1989 2035
f 1989 2036 7277
f 2036 1989 7285
f 1969 1990 1867
f 5323 2037 6212
f 7278 7285 8774
f 7290 8774 8784
f 6212 2015 6230
f 6212 2014 2015
f 6223 2015 6181
f 6181 2015 2038
f 1991 2038 1940
f 1940 2038 1992
f 2040 2041 1970
f 8786 8785 2042
f 2040 1970 1992
f 1970 2041 1993
f 2043 8775 8776
f 2043 2042 8775
f 2041 6246 1993
f 2043 8776 6241
f 1993 6246 2016
f 2016 6246 1995
f 1995 6246 1972
f 6247 2017 1972
f 6241 6231 8796
f 6246 6247 1972
f 6247 6242 2017
f 1972 2017 6242
f 8787 8796 6248
f 8787 6248 1997
f 8787 1997 2108
f 6242 6249 1996
f 2140 2018 1998
f 2108 1997 2018
f 6249 6250 1996
f 7287 7273 2019
f 7287 2019 6250
f 1998 1999 6284
f 6260 2021 2046
f 6260 8788 2021
f 8788 2020 2021
f 2021 2025 2051
f 2021 2024 2023
f 2021 2050 2024
f 2021 2022 2025
f 2021 2023 2022
f 6251 4413 1948
f 2024 2050 2023
f 4413 2025 4387
f 2025 4332 4387
f 6220 5330 6190
f 4332 2025 5327
f 2025 8797 5327
f 2025 2022 8797
f 2022 2023 8797
f 4398 4450 4449
f 4414 7255 4442
f 4414 4336 7255
f 5330 5319 2001
f 4338 4416 4402
f 4426 4370 4371
f 7254 4425 4441
f 7254 1859 4425
f 4394 4415 4401
f 4463 4372 7280
f 7288 2002 2091
f 5299 4418 4288
f 7295 2002 5324
f 4288 7977 4405
f 7289 7272 8777
f 5334 7244 7281
f 1697 2218 1833
f 1833 2218 2003
f 8811 7282 8771
f 8790 5313 8809
f 6221 6244 6177
f 8801 8770 8778
f 5329 6252 6245
f 6228 6253 6160
f 8794 8772 8765
f 8764 8779 8763
f 4422 4309 4396
f 4406 6222 6179
f 6194 4446 6135
f 4439 4440 6135
f 1958 4433 2054
f 4407 2027 4123
f 4407 6196 2027
f 1958 2058 4433
f 1933 2005 2028
f 1915 2062 1963
f 1915 2094 2062
f 1915 1980 2094
f 1934 2061 2005
f 1934 2029 2061
f 1962 2059 2030
f 2058 7275 4458
f 4365 2030 4424
f 2061 2029 2066
f 7275 1936 4458
f 1965 4410 2010
f 4410 2007 2010
f 4384 1984 7283
f 2066 2029 2008
f 2008 1985 2031
f 1983 4409 1937
f 1967 2069 1986
f 2008 2031 2032
f 2031 1985 2032
f 1895 2013 1988
f 1987 2033 1895
f 1987 1986 2033
f 2032 2011 2070
f 1895 2033 2034
f 1895 2034 2013
f 2070 2011 2071
f 2071 2011 7276
f 2071 7276 2035
f 2072 2073 4411
f 4411 2073 1920
f 1920 2073 1969
f 7284 2035 1989
f 1969 2073 2074
f 7284 1989 7277
f 7284 7277 2036
f 7284 2036 7285
f 2128 7285 7278
f 5323 1867 2037
f 2128 8774 7290
f 2128 7278 8774
f 6212 2037 2014
f 7291 7290 8784
f 7291 8784 7279
f 2014 2038 2015
f 7286 7279 8795
f 7292 8795 8785
f 7292 8785 6269
f 1992 2038 2039
f 2039 2079 1992
f 2079 2040 1992
f 6277 8785 8786
f 6277 8786 2042
f 2041 6254 6246
f 2044 2043 6241
f 6254 5331 6246
f 6246 2105 6247
f 6256 8796 6255
f 6242 6247 2084
f 2108 2018 6258
f 6255 8796 8787
f 2084 6249 6242
f 6249 6283 6250
f 6257 6283 6249
f 6258 2018 2140
f 1999 1976 7976
f 1998 6284 2140
f 2086 2087 5335
f 6284 1999 7976
f 1976 5326 7976
f 2144 6259 8788
f 2086 2046 6251
f 2086 5335 2046
f 5335 6260 2046
f 2020 2048 2021
f 8788 2045 2049
f 8788 2049 2020
f 7270 2089 6251
f 6251 2046 2047
f 2046 2021 2047
f 2045 4386 1949
f 2047 2021 2051
f 2020 1949 2048
f 2020 2049 1949
f 2049 2045 1949
f 2047 2051 6251
f 2021 2048 2050
f 2048 2023 2050
f 2048 1949 2023
f 6251 2025 4413
f 6251 2051 2025
f 6220 1978 5330
f 5327 8797 2052
f 6262 8789 5319
f 6262 8797 8789
f 8797 5319 8789
f 6261 5319 5330
f 4450 4398 2176
f 4398 4399 2176
f 7254 4441 2177
f 4449 4460 4394
f 4394 4460 4415
f 4401 4461 4462
f 7280 4417 4445
f 7280 4304 4417
f 4404 4464 4435
f 4404 4435 4428
f 4404 4428 4437
f 4436 5328 7288
f 4288 4430 7977
f 7281 7244 5325
f 1955 2053 1697
f 1697 2053 2218
f 8801 8778 7274
f 8798 8777 8799
f 8809 8769 8791
f 8809 8753 8800
f 8809 8791 8753
f 6252 6210 6245
f 8781 6266 8756
f 1834 4406 6192
f 6222 6253 6228
f 6222 6265 6253
f 6147 2004 6194
f 8802 8743 4420
f 8803 8781 8766
f 8782 6239 8773
f 8825 8868 4362
f 2054 4433 2093
f 1935 1933 2092
f 1980 2054 2055
f 2054 2057 2055
f 2054 2056 2057
f 2054 2093 2056
f 4433 2058 2093
f 1933 2028 2092
f 1980 2055 2057
f 2030 2059 2060
f 2007 7283 2063
f 1963 2062 2067
f 4409 1963 2067
f 2097 2061 2066
f 4458 1936 2156
f 1936 2009 2156
f 1937 4409 2067
f 1984 2065 2064
f 1984 4424 2065
f 2066 2008 2032
f 2069 1937 2068
f 2066 2032 2121
f 1986 2069 2033
f 2126 2035 7284
f 2126 2071 2035
f 1969 2074 1990
f 7284 7285 2128
f 1990 2075 1867
f 8804 2128 7290
f 1867 2075 2037
f 2037 2076 2014
f 2037 2101 2076
f 7286 7291 7279
f 2076 2077 2014
f 2014 6268 2078
f 7292 7286 8795
f 2014 2078 2038
f 2078 2079 2038
f 2038 2079 2039
f 6277 7292 6269
f 6269 8785 6277
f 2079 2078 2040
f 2078 2080 2040
f 2040 2081 2041
f 2202 2042 2043
f 2082 6270 6254
f 2081 2082 2041
f 2103 2043 2044
f 2082 6254 2041
f 6270 2083 6254
f 6278 2103 2044
f 6271 2044 6241
f 2083 2105 6254
f 6271 6278 2044
f 6254 2105 5331
f 6271 8796 6272
f 6271 6241 8796
f 5331 2105 6246
f 6279 6272 8787
f 8787 6272 6255
f 6272 8796 6256
f 2105 2084 6247
f 2105 2107 2084
f 6272 6256 6255
f 2107 6257 2084
f 8805 8787 2108
f 8805 6279 8787
f 2084 6257 6249
f 2107 2085 6257
f 2085 6283 6257
f 8806 2108 6258
f 2087 6287 5335
f 2086 6287 2087
f 7302 2086 7293
f 6259 8808 8788
f 7298 8788 6260
f 2089 7293 6251
f 7293 2086 6251
f 8788 8808 2045
f 8808 7976 4386
f 8808 4386 2045
f 2088 2089 7270
f 5327 2052 1978
f 2052 8797 1978
f 4399 1953 2090
f 1978 6261 5330
f 1978 5319 6261
f 1978 6262 5319
f 4400 2177 4451
f 2176 4399 2090
f 4425 4414 4442
f 1953 4393 2090
f 4393 4400 2090
f 4400 4451 2090
f 4402 4416 4444
f 4434 4442 4452
f 4434 4425 4442
f 4442 7255 7267
f 4426 4463 4443
f 4426 4371 4463
f 4427 4463 7280
f 4377 4438 4455
f 2149 7288 2091
f 4417 4436 7294
f 4418 4429 4456
f 5333 2002 7295
f 4436 7288 2149
f 5304 2113 5320
f 4288 4456 4430
f 4289 5337 4431
f 4289 4405 5337
f 7313 5308 8829
f 8829 5308 7289
f 8829 8777 8798
f 5312 2181 6263
f 8838 8790 8809
f 8820 8770 8801
f 8822 8793 8794
f 6237 6252 5329
f 6237 6274 6252
f 8810 7282 8811
f 6252 6238 6210
f 2026 6348 1834
f 8821 8764 8792
f 6266 8802 4420
f 8814 4292 6294
f 4469 4432 4440
f 8812 8782 4381
f 1935 2092 2059
f 2005 4448 2028
f 1980 2057 2155
f 2059 2095 2096
f 2005 2061 4448
f 2093 2058 4458
f 2060 2059 2096
f 2010 2007 2116
f 2060 2096 2030
f 4448 2061 2097
f 2030 2096 4424
f 2007 2098 2116
f 2007 2063 2098
f 2152 4458 2156
f 2063 7283 2154
f 7283 1984 2154
f 1937 2067 2099
f 2097 2121 2160
f 2068 1937 2099
f 2097 2066 2121
f 2123 2070 2124
f 2123 2121 2070
f 2121 2032 2070
f 2033 2069 2034
f 2013 2034 2100
f 2124 2070 2071
f 2124 2071 2126
f 2072 2013 2125
f 2013 2100 2125
f 2072 2125 2073
f 2127 7284 7301
f 2127 2126 7284
f 7301 7284 2128
f 2073 2163 2074
f 1990 2074 2129
f 8826 2128 8804
f 1990 2164 2075
f 8826 8804 7290
f 2075 2101 2037
f 2165 7291 7286
f 2165 7290 7291
f 8815 2165 7286
f 2077 6268 2014
f 6295 7286 7292
f 6268 2077 2078
f 8832 6295 6277
f 6295 7292 6277
f 2078 2077 2102
f 2131 6277 2202
f 2078 2081 2080
f 2080 2081 2040
f 8827 2202 2103
f 2103 2202 2043
f 2081 6270 2082
f 6270 2104 2083
f 8827 2103 6278
f 6278 6271 6272
f 6299 6297 6272
f 6278 6272 6297
f 2104 2105 2083
f 2105 2104 2107
f 2104 2106 2107
f 2106 2137 2107
f 8816 6279 8805
f 8816 6280 6279
f 2137 6281 6283
f 2137 2085 2107
f 2137 6283 2085
f 6282 2108 7297
f 6282 8816 2108
f 8816 8805 2108
f 8834 8807 6250
f 8834 6250 6283
f 8817 2142 2146
f 7302 2109 2086
f 8817 2146 2144
f 6303 7302 7293
f 2144 2146 2110
f 8818 2144 8788
f 8818 6285 2144
f 2144 2147 8808
f 7287 6286 2111
f 2111 7293 2089
f 6287 6260 5335
f 6287 7298 6260
f 7298 8818 8788
f 2111 2089 2088
f 7287 2111 5336
f 2147 7976 8808
f 5336 2111 7270
f 2111 2088 7270
f 6259 2144 8808
f 4416 4499 4444
f 4441 4425 4434
f 4460 2112 4415
f 4401 4415 4461
f 4401 4462 4416
f 4370 4426 4484
f 4426 4443 4484
f 4455 4456 4429
f 7294 4436 4475
f 4466 2091 5333
f 5320 2113 5306
f 4405 7977 4467
f 5304 4419 2180
f 8829 7289 8777
f 8839 8809 8800
f 6227 6289 4379
f 2218 2283 2114
f 2218 2114 2003
f 2003 2181 5312
f 2003 6288 2181
f 7326 7274 8810
f 8819 8798 8799
f 7338 8790 8838
f 7338 8799 8790
f 6273 6244 6221
f 8820 8801 7274
f 5329 6274 6237
f 8822 8755 8793
f 8850 8810 8811
f 8821 8771 8779
f 8821 8811 8771
f 6238 6290 2026
f 4446 4439 6135
f 4446 6417 4439
f 6348 4406 1834
f 8822 8792 8780
f 8822 8780 8755
f 8794 8765 8802
f 2004 6292 6194
f 6194 6292 4446
f 6306 4407 4265
f 6293 4363 6276
f 2056 4458 2057
f 2056 2093 4458
f 2059 2092 4470
f 2028 4448 2092
f 1980 2155 2094
f 2092 4448 4470
f 2062 2094 2115
f 2063 2154 2098
f 1984 2064 2154
f 4424 2096 2117
f 2067 2062 2118
f 2156 2009 2119
f 2065 4459 2064
f 4424 2117 2065
f 2117 2096 2065
f 4448 2097 2160
f 2067 2118 2158
f 2118 2062 2158
f 2068 2099 2069
f 2099 2122 2069
f 2069 2100 2034
f 2124 2126 2127
f 2124 2127 7301
f 7308 7301 2128
f 7308 2128 8826
f 2164 6307 2101
f 1990 2129 2164
f 2164 2101 2075
f 6320 7290 2165
f 6320 8826 7290
f 2101 2130 2076
f 8831 8815 7286
f 2076 2102 2077
f 8832 6277 2131
f 2102 2081 2078
f 2102 6296 2081
f 6296 2132 2081
f 2132 2133 2081
f 2133 6270 2081
f 2133 2132 6270
f 2132 2134 6270
f 6270 2134 2135
f 2134 2168 2136
f 6270 2135 2104
f 6309 6299 6272
f 2135 2134 2104
f 2134 2136 2104
f 2136 6298 2104
f 6327 6279 6280
f 6327 6309 6279
f 6309 6272 6279
f 2104 6298 2106
f 6298 2137 2106
f 8833 6280 8816
f 2139 8806 2276
f 8835 8807 8834
f 6281 2138 6313
f 6300 8833 6282
f 8833 8816 6282
f 8828 7287 8807
f 7297 8806 2139
f 7297 2139 6282
f 2171 2143 7302
f 8817 2141 2142
f 6302 7315 2144
f 2142 2141 2146
f 2141 6301 2146
f 7302 2143 2109
f 2109 2143 2086
f 6302 2144 2145
f 7315 8817 2144
f 5339 6286 7287
f 2143 2145 8818
f 2145 6285 8818
f 2145 2144 6285
f 6303 7293 6286
f 2175 7976 2146
f 2175 2174 7976
f 2146 7976 2147
f 2086 2143 6287
f 2143 8818 6287
f 8818 7298 6287
f 4449 4450 2148
f 6286 7293 2111
f 2110 2147 2144
f 2110 2146 2147
f 4415 4453 4461
f 2177 4434 7330
f 2177 4441 4434
f 4452 7267 7303
f 4462 4497 4416
f 4444 4485 4454
f 4445 4417 7305
f 2247 4417 7294
f 4475 4436 2149
f 4455 4438 7978
f 2149 4466 2178
f 2149 2091 4466
f 4466 5333 7306
f 5306 2113 1955
f 4405 4467 5337
f 5333 7295 5324
f 7349 8829 8872
f 7349 7313 8829
f 4419 7975 4468
f 7307 5338 7296
f 7338 8819 8799
f 5329 6304 6274
f 2003 2114 6288
f 8819 8829 8798
f 6238 6305 6290
f 6244 6289 6227
f 8820 7274 7326
f 6252 6305 6238
f 6290 6348 2026
f 8822 8821 8792
f 6253 6265 6291
f 6306 4457 4407
f 6306 6386 4457
f 8853 6266 8803
f 6417 4440 4439
f 4469 4447 4432
f 6406 6294 6229
f 8830 8824 8783
f 4363 6293 6229
f 6293 6351 6229
f 6351 6406 6229
f 2155 2151 2094
f 2057 4458 2155
f 2059 2150 2095
f 2059 4470 2150
f 4458 2152 2155
f 2151 2155 2185
f 2009 2010 2119
f 2010 2116 2119
f 2116 2098 2153
f 2062 2115 2158
f 2094 2151 2115
f 2156 2119 2157
f 2154 2064 2188
f 4459 2189 2064
f 2065 2189 4459
f 2065 2096 2189
f 2152 2156 2191
f 4448 2159 4470
f 4448 2160 2159
f 2158 2120 2067
f 2064 2189 7314
f 4470 2159 2150
f 2067 2161 2099
f 2067 2120 2161
f 2159 2160 2192
f 2099 2161 2122
f 2160 2121 2192
f 2069 2122 2100
f 2192 2121 2123
f 2122 2193 2100
f 2123 2124 2225
f 2225 2124 2162
f 2125 2100 4471
f 2125 4471 2073
f 2073 4471 2163
f 2162 2124 7301
f 2195 7308 8826
f 2162 7301 7308
f 2163 6319 2074
f 2074 6319 2129
f 2129 6307 2164
f 2101 2166 2130
f 7319 8826 6320
f 8855 6320 2165
f 2101 6307 2166
f 8855 8815 8831
f 8855 2165 8815
f 8831 6295 8832
f 8831 7286 6295
f 2130 2166 2076
f 2166 2200 2076
f 8857 8832 2131
f 2076 6296 2102
f 2076 2200 6296
f 2200 2167 6296
f 8857 2131 2202
f 2201 2134 2167
f 6296 2167 2132
f 2202 8827 6322
f 2167 2134 2132
f 6324 6322 8827
f 6324 8827 6308
f 6308 6278 6297
f 6308 8827 6278
f 6308 6297 6299
f 8843 6280 6312
f 8843 6342 6280
f 2168 6298 2136
f 6308 6299 6309
f 2168 2205 6298
f 6342 6327 6280
f 6310 6311 6281
f 6310 6281 2137
f 6298 2205 2137
f 2205 6310 2137
f 6312 6280 8833
f 6311 2206 2169
f 6311 2169 2170
f 6281 2170 2138
f 6281 6311 2170
f 2208 8833 7309
f 8833 6300 7309
f 8837 8836 7302
f 8836 2171 7302
f 2172 2141 8817
f 5340 6284 7310
f 8847 8837 7302
f 2173 2145 8846
f 7315 6331 8817
f 2141 2214 6301
f 7310 6284 2174
f 6314 8846 2145
f 6301 2174 2146
f 7287 8828 5339
f 2215 8847 6303
f 8847 7302 6303
f 2171 2213 2143
f 2213 6314 2143
f 6314 2145 2143
f 5339 8828 6286
f 8828 2215 6286
f 2215 6303 6286
f 4451 2177 4474
f 2146 2174 2175
f 4434 4452 7330
f 4450 2176 2148
f 4460 4473 2112
f 4444 4499 4485
f 7304 7280 4521
f 4370 4484 4508
f 4416 4497 4499
f 4428 4502 4465
f 7331 4463 4427
f 7331 7280 7316
f 7331 4427 7280
f 4475 2149 7322
f 4437 4486 4438
f 7978 4438 4487
f 2149 2178 7322
f 4419 4468 2311
f 4466 7306 2178
f 4456 4488 4430
f 7977 4478 4467
f 7977 4430 4478
f 5337 2179 4431
f 7342 7300 7313
f 4419 2311 2180
f 5304 2180 2113
f 7307 7296 7312
f 7342 7312 7300
f 8839 8800 8820
f 8862 8819 7338
f 8850 7326 8810
f 6274 6305 6252
f 6244 2183 2184
f 2184 6289 6244
f 8838 8809 8839
f 6289 6315 5329
f 5329 6316 6304
f 8849 8811 8821
f 8841 8794 6266
f 6253 6292 2004
f 6253 6317 6292
f 8880 8821 8822
f 4440 6334 4469
f 8840 8822 8794
f 4490 8853 8803
f 8824 8812 8813
f 8830 8783 8868
f 4290 4491 6306
f 8825 4408 6336
f 2119 2116 2186
f 2116 2153 2186
f 2153 2187 2186
f 2153 2098 2187
f 2098 2154 2187
f 2155 2152 2185
f 2156 2157 4479
f 2119 2186 2157
f 2187 2154 2220
f 2154 2188 2220
f 2151 2185 4480
f 2185 2152 4480
f 2191 2156 4479
f 2095 2150 2224
f 2188 2064 7314
f 2096 2190 2189
f 2096 2095 2190
f 2190 2095 2224
f 2159 2192 2225
f 2161 2193 2122
f 2225 2192 2123
f 2225 2162 2229
f 2100 2193 2194
f 2195 2229 2162
f 2100 2194 4471
f 2163 4471 2196
f 2195 2162 7308
f 7318 2195 8826
f 7318 8826 7319
f 2129 6319 6307
f 6319 2233 6307
f 7319 6320 8855
f 6307 2233 2197
f 6307 2197 2166
f 8856 8831 2198
f 2197 2199 2166
f 2198 8831 8832
f 2166 2199 2200
f 8856 2198 8832
f 8856 8832 8857
f 2200 2134 2201
f 6321 2202 8842
f 6321 8857 2202
f 2167 2200 2201
f 2199 2236 2200
f 8842 2202 6322
f 6323 6322 6324
f 2203 2168 2134
f 2203 2236 2168
f 2200 2236 2134
f 2236 2203 2134
f 6325 2168 2236
f 6323 6324 6308
f 2168 6325 2204
f 6326 6323 6308
f 6340 6308 6309
f 6340 6326 6308
f 2204 2205 2168
f 2204 6310 2205
f 6327 6340 6309
f 2204 2239 6310
f 2239 6311 6310
f 2239 6328 6311
f 6330 8833 6329
f 8833 8843 6312
f 2206 6328 2209
f 6328 2206 6311
f 6328 6329 2207
f 6329 7309 2207
f 7309 6329 2208
f 6329 8833 2208
f 6328 2207 2209
f 2210 2241 8846
f 2210 2171 8836
f 8844 2243 2172
f 8847 2210 8836
f 8846 8845 2173
f 8847 8836 8837
f 2172 7310 2141
f 2173 5341 2145
f 6331 2172 8817
f 2141 7310 2214
f 2212 8847 2215
f 8828 2211 2212
f 2211 8847 2212
f 2171 6314 2213
f 2171 8846 6314
f 7310 2174 2214
f 8828 2212 2215
f 2214 2174 6301
f 2176 2090 2216
f 2090 4472 2216
f 2090 4474 4472
f 2090 4451 4474
f 4415 2112 4453
f 7316 7280 7304
f 4462 4483 4497
f 4484 4443 7320
f 4499 4500 4485
f 7320 4443 4463
f 7322 2178 2347
f 4456 7978 4476
f 4521 7280 4445
f 4435 4464 4510
f 7294 7311 7317
f 4437 4465 4486
f 7975 4431 7981
f 4456 4476 4477
f 4456 4477 4488
f 2179 7981 4431
f 7975 7981 4468
f 8848 8829 8862
f 2181 2182 6263
f 2114 2181 6288
f 2114 6332 2181
f 7365 8872 8829
f 8849 7326 8850
f 8862 8829 8819
f 6263 2183 6273
f 8851 8821 7980
f 6315 6316 5329
f 6315 6333 6316
f 6316 6274 6304
f 6316 6333 6274
f 8864 8820 7326
f 8850 8811 8849
f 4490 8803 7979
f 8852 8840 8794
f 8852 8794 8866
f 4490 7979 8823
f 6318 2219 4422
f 6411 8830 8868
f 4491 6335 6306
f 6336 4292 8814
f 2157 2249 4479
f 2186 2187 2248
f 2115 2223 2158
f 2115 2151 2223
f 2220 2221 2248
f 2220 2188 2221
f 2187 2220 2248
f 2191 2255 2152
f 2191 2222 2255
f 2191 4479 2222
f 2188 7314 2221
f 4480 2152 2255
f 2150 2159 2224
f 7314 2189 2290
f 2189 2190 2290
f 2120 2158 2161
f 2151 4480 2253
f 2224 2227 2190
f 2224 2159 2258
f 2159 2225 2258
f 2161 2158 2226
f 2224 2258 2227
f 2161 2226 2257
f 2193 2161 2228
f 2258 2225 2229
f 2228 2161 2230
f 2193 2228 2230
f 2231 2258 2232
f 2193 2260 2194
f 2258 2229 2232
f 2232 2229 2195
f 2232 2195 7318
f 2163 2196 6319
f 6319 2234 2233
f 6319 2196 2234
f 2266 8855 8831
f 2233 2234 2197
f 8856 2266 8831
f 2197 2234 2199
f 8858 6321 6337
f 8858 8857 6321
f 2234 2235 2199
f 2235 2236 2199
f 8858 6337 8842
f 6337 6321 8842
f 6338 6339 2235
f 6354 2269 6322
f 2269 8842 6322
f 2269 8858 8842
f 2235 6339 2236
f 6322 6323 6354
f 6354 6323 8859
f 6340 2272 8859
f 8859 6323 6326
f 2236 6339 6325
f 6339 2237 6325
f 8859 6326 6340
f 2237 6341 2238
f 2237 2238 2204
f 6325 2237 2204
f 2238 2239 2204
f 6343 6340 6327
f 6343 6327 6342
f 2238 6328 2239
f 6356 6345 6329
f 6346 6342 8843
f 6346 8843 8833
f 6344 6329 6328
f 6344 6356 6329
f 6329 6345 6330
f 6345 8833 6330
f 6345 6346 8833
f 8860 8835 2209
f 2210 8861 2241
f 8861 6358 2240
f 2241 8861 8845
f 8807 4481 2244
f 2241 8845 8846
f 6358 2242 2240
f 2240 8844 2172
f 8861 2240 8845
f 2240 2172 2279
f 8807 8847 8828
f 8807 2244 8847
f 8846 2245 2210
f 2278 2246 6331
f 2278 2240 2246
f 2243 2277 2172
f 2210 2245 2171
f 2245 8846 2171
f 2240 6331 2246
f 2240 2279 6331
f 2279 2172 6331
f 2277 7310 2172
f 8828 8847 2211
f 5341 2278 2145
f 4461 4453 4496
f 2145 2278 7315
f 2278 6331 7315
f 4460 2280 4473
f 2177 7330 2281
f 2112 4495 4453
f 2112 4473 4495
f 4462 4461 4483
f 4482 7303 4508
f 4522 4445 7305
f 7317 7311 7336
f 7316 7304 4521
f 7978 4487 4511
f 4522 7305 2247
f 4502 4435 4501
f 4430 4488 4489
f 4438 4486 4487
f 5337 7981 2179
f 5337 4467 7981
f 4430 4489 4478
f 7306 5333 7323
f 5324 7325 7324
f 2181 6332 5343
f 2184 2183 6289
f 2283 2284 2114
f 8848 7365 8829
f 2181 5343 2182
f 6263 6396 2183
f 8863 8838 8839
f 8877 8839 8820
f 6333 6347 6274
f 6265 6350 6291
f 8880 8851 7980
f 6348 6410 4406
f 6410 6264 4406
f 8852 8880 8840
f 6264 6349 6265
f 8865 8852 8866
f 6291 6317 6253
f 8866 8841 6266
f 8874 4490 8823
f 4447 6275 4421
f 6267 6404 4290
f 8869 6385 8825
f 6276 6405 6293
f 6405 6351 6293
f 6352 8814 6294
f 6352 6336 8814
f 2249 2157 2286
f 2157 4503 2286
f 2157 2186 4503
f 4479 2249 2222
f 2290 2190 2251
f 2158 2223 2226
f 2221 7314 2250
f 2151 2253 2252
f 2190 4492 2251
f 2221 2250 7327
f 2250 7314 7327
f 4480 2254 2252
f 4492 2190 2227
f 4480 2255 2254
f 7327 7314 2290
f 2290 2251 2256
f 2151 4514 2223
f 2151 2252 4514
f 2253 4480 2252
f 2161 2257 2230
f 2226 2223 4514
f 2227 2258 4492
f 2251 4492 2256
f 4492 2231 2256
f 4492 2258 2231
f 2193 2230 2260
f 2256 2231 2259
f 2231 2232 2259
f 2260 2261 2194
f 7328 2259 7318
f 2259 2232 7318
f 4471 5342 2196
f 4471 2194 5342
f 2194 2263 5342
f 7328 7319 2262
f 7328 7318 7319
f 2262 7319 2264
f 2264 7319 8855
f 2264 8855 2266
f 2196 5342 2234
f 5342 2267 2234
f 5342 2265 2267
f 2264 2266 8856
f 7329 2264 8856
f 7329 8857 8870
f 7329 8856 8857
f 2234 2268 2235
f 2234 2267 2268
f 2332 6353 8858
f 6353 8857 8858
f 6353 8870 8857
f 2267 2301 2268
f 2332 8858 2269
f 2268 6338 2235
f 2302 2270 2268
f 2268 2270 6338
f 6339 6338 2237
f 6355 8859 8871
f 6355 6354 8859
f 6338 2270 2237
f 8871 8859 2272
f 2270 2273 2237
f 2237 2273 6341
f 2272 6340 6343
f 6375 6342 6346
f 6375 6372 6342
f 6372 6343 6342
f 2271 6356 6344
f 6341 6328 2238
f 6341 2273 6328
f 2273 6344 6328
f 2273 2271 6344
f 2307 2209 2345
f 2304 6345 6356
f 6357 6346 6345
f 6357 6375 6346
f 2307 8860 2209
f 2346 2275 8861
f 2346 6358 2275
f 2275 6358 8861
f 6358 6391 2242
f 6391 2240 2242
f 6391 8844 2240
f 6391 6359 8844
f 6359 6360 8844
f 2308 2139 2276
f 4494 8861 2210
f 6361 2276 2243
f 6361 2308 2276
f 2244 2210 8847
f 4481 2210 2244
f 4481 4494 2210
f 2276 2277 2243
f 8845 2240 2278
f 8845 2278 2173
f 2173 2278 5341
f 4460 2148 2280
f 4474 2281 4515
f 4474 2177 2281
f 4483 4461 4507
f 4452 7303 4482
f 4497 4498 4499
f 4508 4484 4509
f 4509 7320 4536
f 4509 4484 7320
f 4435 4510 4501
f 7321 7320 7331
f 4486 4465 4523
f 7336 7311 7294
f 4521 4445 4522
f 4511 4487 4523
f 2247 7294 7317
f 7317 7336 2247
f 2178 7306 2348
f 4487 4486 4523
f 4475 7322 2347
f 7306 7323 7337
f 7978 4511 4476
f 4477 4512 4488
f 4489 4488 4513
f 4478 7983 4467
f 7307 7312 5347
f 2113 2282 1955
f 1955 2217 2053
f 5347 7312 7342
f 2053 2283 2218
f 7363 7342 7349
f 7349 7342 7313
f 8863 8839 8877
f 5343 2285 2182
f 7365 8848 8862
f 8878 8820 8864
f 2183 6396 6289
f 7343 7338 8863
f 8873 8877 8820
f 6333 6362 6347
f 8873 8820 8878
f 8849 8864 7326
f 6274 6363 6305
f 6305 6364 6348
f 6292 6317 4446
f 6383 6266 8853
f 8865 8880 8852
f 6410 6366 6264
f 8875 8874 8823
f 6383 8866 6266
f 6318 6267 2219
f 6318 6384 6267
f 6383 8853 4490
f 6367 6386 6335
f 8830 8867 8824
f 6404 4491 4290
f 6453 8869 8825
f 2186 2248 4503
f 2249 2287 2222
f 2248 2221 7327
f 2286 4503 2288
f 4503 2248 2288
f 2222 2287 2255
f 2288 2248 2318
f 2248 7327 2289
f 2252 2291 4514
f 2290 2256 7332
f 7327 2290 2292
f 2257 2226 2293
f 2256 2259 7332
f 2290 7332 2292
f 2257 2293 2230
f 4514 2293 2226
f 2230 2261 2260
f 2230 2294 2261
f 2230 2293 2294
f 7332 2259 7328
f 7332 2262 7333
f 7332 2295 2262
f 7332 7328 2295
f 2261 2296 2194
f 2295 7328 2262
f 2194 2296 2263
f 2262 2264 2297
f 2297 7333 2262
f 2328 7333 2331
f 7333 2264 2298
f 7333 2297 2264
f 2331 7333 2298
f 2263 2296 5342
f 2298 2264 7329
f 5342 2296 2265
f 2298 7329 2331
f 2265 2296 2300
f 2296 2299 2300
f 2332 2331 8870
f 2265 2300 2267
f 2331 7329 8870
f 2300 2301 2267
f 2332 8870 6353
f 2335 8876 2269
f 8876 2332 2269
f 6368 2302 2300
f 2335 2269 2338
f 2301 2302 2268
f 2301 2300 2302
f 2338 2269 6355
f 2269 6354 6355
f 6371 2338 6355
f 6371 2303 8871
f 2303 6371 6355
f 2303 6355 8871
f 2302 2273 2270
f 2305 2272 6372
f 6368 6370 2273
f 2304 6373 2306
f 2305 6371 2272
f 6371 8871 2272
f 2302 6368 2273
f 6370 2271 2273
f 6370 2304 6356
f 6373 6357 6345
f 6372 2272 6343
f 2271 6370 6356
f 2306 6345 2304
f 2306 6373 6345
f 2346 6391 6358
f 6373 6375 6357
f 6373 6374 6375
f 8860 2307 7982
f 6393 6359 6391
f 6377 6376 8861
f 6394 2274 7334
f 6376 2346 8861
f 6393 2367 6359
f 7334 2274 6360
f 2274 2139 6360
f 6377 8861 4494
f 2139 2308 6360
f 6360 2243 8844
f 6360 6361 2243
f 6360 2308 6361
f 2148 2216 2280
f 2216 2309 2280
f 2216 2310 2309
f 2216 4472 2310
f 4472 7344 2310
f 4461 4496 4507
f 4472 4515 7344
f 4472 4474 4515
f 4473 2379 4495
f 2281 7330 4505
f 4453 4495 4496
f 4506 7330 7335
f 4518 7320 7321
f 4500 4542 4519
f 4496 4498 4507
f 4497 4483 4498
f 2247 7336 7340
f 7336 7294 7352
f 4476 4511 4523
f 4465 4538 4523
f 4465 4502 4538
f 4488 4512 4530
f 5344 7324 7325
f 7306 7337 2348
f 4467 4517 7981
f 4467 7983 4517
f 7337 5324 7324
f 2114 2285 6332
f 6332 2285 5343
f 2180 2311 2312
f 2180 2312 2113
f 5345 7325 7307
f 8883 7365 8862
f 2284 2285 2114
f 2182 6396 6263
f 6362 6274 6347
f 6362 6379 6274
f 8889 8862 7338
f 8889 8883 8862
f 8890 7338 7343
f 8892 8863 8877
f 6333 6378 6362
f 8878 8864 8849
f 6274 6380 6363
f 8878 8849 8879
f 6363 6380 6305
f 8879 8849 8851
f 6366 6349 6264
f 6350 6317 6291
f 8895 8866 6383
f 6317 6382 4446
f 6382 6417 4446
f 8874 6383 4490
f 6334 6399 4469
f 6385 6430 8868
f 6388 8825 6336
f 6384 6404 6267
f 6404 6335 4491
f 6385 8868 8825
f 6386 6387 4457
f 6387 6276 4457
f 6387 6405 6276
f 6352 6388 6336
f 2249 2286 2287
f 2255 2287 2350
f 2288 2318 2286
f 2286 2314 2287
f 2287 2313 2350
f 2248 2289 2318
f 2252 2254 2291
f 2287 2314 2313
f 2286 2315 2314
f 2254 2316 2291
f 2255 2317 2254
f 2255 2350 2317
f 2319 7327 2292
f 2286 2318 2315
f 2318 2289 2319
f 7327 2319 2289
f 4514 2291 2320
f 2318 2319 2315
f 2291 2316 2320
f 2292 2324 2319
f 4514 2320 2293
f 2320 2322 2293
f 2320 2321 2322
f 2324 7332 2325
f 2324 2292 7332
f 2323 2319 2326
f 2324 2325 7333
f 2325 7332 7333
f 2293 2322 2294
f 2319 2324 2326
f 2261 2327 2296
f 2294 2327 2261
f 2324 2328 2326
f 2324 7333 2328
f 2327 2330 2296
f 2294 2361 2327
f 2328 2331 2326
f 2296 2330 2299
f 2326 2331 7339
f 2327 2329 2330
f 7339 2331 2333
f 7339 2333 2332
f 2333 2331 2332
f 2330 2334 2299
f 2362 7339 8876
f 2299 2334 2300
f 7339 2332 8876
f 2330 2336 2334
f 2330 2329 2336
f 2329 2341 2336
f 2362 8876 2335
f 2329 2339 2341
f 2359 2335 2340
f 2359 2340 6371
f 6389 6390 2329
f 2335 6371 2340
f 2335 2338 6371
f 2300 6369 6368
f 2300 2334 6369
f 2359 6371 2337
f 2329 6390 2342
f 6369 6370 6368
f 6369 2334 6370
f 2334 2336 6370
f 2339 2329 2342
f 6390 8882 6375
f 2337 2305 8882
f 2337 6371 2305
f 8882 6372 6375
f 2336 2304 6370
f 2336 2341 2304
f 2341 2339 2304
f 2339 2342 2304
f 6390 2343 2342
f 6390 6375 2343
f 2345 2344 2307
f 8882 2305 6372
f 2342 6373 2304
f 2342 6374 6373
f 2342 6375 6374
f 2342 2343 6375
f 2369 6391 2346
f 6392 6393 6391
f 2369 2346 6376
f 6394 6360 2367
f 6394 7334 6360
f 7982 6376 6377
f 2367 6360 6359
f 4516 4505 2371
f 4516 2281 4505
f 7982 6377 4494
f 2379 4473 4532
f 4483 4507 4498
f 4515 2281 2371
f 2281 4516 2371
f 4496 4525 4498
f 4452 4482 7345
f 7331 7316 4521
f 4485 4519 4527
f 7321 7331 4518
f 4518 7331 4521
f 7352 7294 2347
f 2347 2348 7341
f 4502 4501 4538
f 7340 7336 7351
f 4476 4523 4477
f 4488 4530 4513
f 4478 4489 7983
f 2113 2312 2282
f 4517 2373 7981
f 5345 5344 7325
f 2282 2395 1955
f 1955 2395 2217
f 2053 2217 2283
f 7364 8872 8899
f 7364 7349 8872
f 8891 8863 8892
f 8891 7343 8863
f 8884 7338 8890
f 8884 8889 7338
f 6396 6315 6289
f 6396 6397 6315
f 8885 8879 8851
f 8877 8873 8878
f 8880 8865 8881
f 8885 8878 8879
f 6364 6380 6348
f 6265 6398 6350
f 6381 6365 6348
f 6366 6265 6349
f 6366 6398 6265
f 8888 8874 8875
f 6399 4447 4469
f 8887 8895 6383
f 8887 6383 8874
f 8830 6401 8867
f 6417 6334 4440
f 6399 6275 4447
f 6399 6400 6275
f 6401 8875 8854
f 6403 8830 6411
f 6430 6411 8868
f 6453 6385 8869
f 6406 6351 6405
f 6406 6407 6352
f 2313 2349 2350
f 2313 2314 2349
f 2314 2315 2349
f 2350 2349 2351
f 2254 2317 2316
f 2315 2319 2351
f 2315 2351 2349
f 2317 2350 2316
f 2320 2316 2352
f 2350 2353 2316
f 2350 2351 2353
f 2351 2319 2323
f 2322 2321 2294
f 2352 2356 2320
f 2294 2354 2361
f 2320 2356 2321
f 2321 2354 2294
f 2316 2353 2357
f 2351 2355 2362
f 2351 2323 2355
f 2316 2356 2352
f 2323 7339 2355
f 2323 2326 7339
f 2351 2360 2353
f 2351 2358 2360
f 2351 2362 2358
f 2355 7339 2362
f 2357 2364 2316
f 2321 2356 2354
f 2316 2364 2356
f 2353 2360 2357
f 2358 2362 2360
f 2361 2354 2327
f 2360 2362 2335
f 2364 2357 2359
f 2354 6389 2363
f 2356 6389 2354
f 2357 2360 2359
f 2327 2354 2329
f 2360 2335 2359
f 2354 2363 2329
f 6389 2356 8882
f 2363 6389 2329
f 2356 2364 8882
f 2364 2365 8882
f 2365 2337 8882
f 2365 2364 2337
f 2364 2359 2337
f 6389 8882 6390
f 2307 2344 2366
f 2344 6392 6391
f 2344 2345 2368
f 2345 6394 2368
f 2307 6391 2369
f 2307 2366 6391
f 2366 2344 6391
f 2344 2367 6392
f 2344 2368 2367
f 2280 2379 4532
f 6392 2367 6393
f 2368 6394 2367
f 2307 2369 7982
f 2369 6376 7982
f 4473 2280 4532
f 2280 2370 2379
f 4526 7345 4534
f 4496 4547 4525
f 4506 7335 7345
f 4509 4536 4508
f 4518 4521 7347
f 4519 4520 4527
f 4510 4527 4528
f 4501 4510 4529
f 7351 7336 7352
f 4512 4477 4530
f 2373 2374 7981
f 7981 2374 2375
f 4513 4531 4489
f 7983 2373 4517
f 7983 4524 2373
f 2391 7337 7348
f 2391 2348 7337
f 5345 7307 5346
f 7981 2375 4468
f 7337 7324 5345
f 5345 7324 5344
f 8899 8872 7365
f 5347 7342 7363
f 2283 2376 2284
f 2284 2376 2285
f 2285 6396 2182
f 2285 6412 6396
f 8893 8878 8885
f 6397 6333 6315
f 8891 8890 7343
f 6333 2386 6378
f 6380 6381 6348
f 8900 8877 8878
f 6378 6379 6362
f 8904 8886 8866
f 8894 8851 8880
f 8894 8885 8851
f 6365 6415 6410
f 8905 8895 8887
f 6317 6350 6416
f 8886 8880 8881
f 6428 8874 8897
f 6416 6382 6317
f 8905 8887 8874
f 6416 6417 6382
f 6402 6384 6318
f 6418 8888 8875
f 6400 6318 6275
f 8898 8830 6403
f 6453 8825 6388
f 6431 6335 6404
f 6419 6386 6367
f 6419 6450 6386
f 2280 2309 2370
f 2309 2377 2370
f 7330 4506 4533
f 2309 2378 2377
f 2309 2310 2378
f 4534 7345 7350
f 2371 4505 4533
f 4505 7330 4533
f 4547 4496 4546
f 4525 4547 4498
f 7345 4482 7350
f 7346 4508 4536
f 4520 4519 4542
f 4501 4529 4538
f 7357 7340 7351
f 4523 4538 4539
f 4477 4523 4540
f 4477 7984 4530
f 4477 4540 7984
f 4513 4530 4531
f 4489 4531 7983
f 7353 7337 5345
f 4468 2393 2311
f 4468 2375 2393
f 2376 6395 2285
f 7362 7353 5345
f 2312 2395 2282
f 2395 2380 2217
f 6395 2382 2285
f 2217 2380 2283
f 2283 2380 2381
f 2283 2381 2376
f 7363 7349 7364
f 6408 2383 6396
f 8907 8889 8890
f 2285 2382 6412
f 6396 6412 6408
f 7365 8883 8889
f 8900 8878 8893
f 6409 6413 6380
f 8890 8889 8884
f 6396 2384 6397
f 6397 2384 6333
f 6333 2384 2386
f 8903 8891 8892
f 2386 6379 6378
f 2386 6413 6379
f 8892 8877 8900
f 6379 6413 6409
f 6409 6380 6379
f 8900 8893 8885
f 6380 6415 6381
f 6381 6415 6365
f 8901 8885 8894
f 8901 8894 8880
f 6398 6446 6350
f 8911 8880 8886
f 6410 6425 6366
f 8904 8866 8905
f 6418 8897 8888
f 6350 6446 6416
f 8896 8912 8905
f 8898 6401 8830
f 8898 8913 6401
f 6417 6399 6334
f 6384 6431 6404
f 6417 6438 6399
f 8913 8875 6401
f 8913 6418 8875
f 6400 6402 6318
f 8902 6385 6453
f 6411 8898 6403
f 6420 6405 6451
f 6431 6419 6335
f 6419 6367 6335
f 8902 6430 6385
f 6450 6387 6386
f 6450 6405 6387
f 6450 6451 6405
f 6421 6406 6405
f 6421 6407 6406
f 6422 6352 6407
f 6422 6388 6352
f 4496 2385 4546
f 4496 4495 2385
f 4506 7345 4526
f 4500 4535 4542
f 2433 4498 4573
f 4482 4508 7346
f 4500 2388 4535
f 4536 4518 7354
f 4518 7347 7355
f 7347 4521 7356
f 4521 4522 7356
f 4528 4527 4561
f 4538 4529 4543
f 2347 2372 7373
f 4523 4551 4540
f 7352 2347 7373
f 4530 7984 4531
f 7983 4531 4524
f 2374 2373 2375
f 7353 7348 7337
f 5348 5347 7363
f 7362 5345 5346
f 5346 7307 5347
f 2376 2381 6395
f 8907 7365 8889
f 2384 6423 2386
f 2383 2384 6396
f 7369 8890 8903
f 8903 8890 8891
f 8903 8892 8900
f 6413 6414 6380
f 6415 6425 6410
f 6414 6424 6380
f 6380 6424 6415
f 8901 8910 8885
f 8904 8911 8886
f 8912 8896 6428
f 6366 6426 6398
f 6446 6436 6416
f 6416 6436 6417
f 6400 6429 6402
f 6429 6439 6402
f 6411 6449 8898
f 6439 6384 6402
f 8916 6430 8902
f 6422 6453 6388
f 4495 2379 2385
f 2377 2378 2370
f 2310 7344 2378
f 4498 4547 4541
f 2379 4554 2385
f 4515 2371 4545
f 2371 4533 4545
f 4498 4541 2387
f 7346 4536 7371
f 4506 4526 7358
f 4526 4534 7358
f 7354 4518 7359
f 4548 4482 7371
f 4527 4550 4561
f 4527 4520 4550
f 4536 7354 7359
f 7360 7357 4537
f 4518 7355 7359
f 7355 7356 7359
f 7355 7347 7356
f 2390 7351 7352
f 4538 4543 4544
f 7352 7373 2390
f 2389 7351 2390
f 7984 4552 4531
f 4523 4539 4551
f 4524 4553 2373
f 4524 4531 4553
f 2391 7348 7353
f 2312 2394 2395
f 2373 2392 2375
f 7368 7353 5349
f 2311 2393 2312
f 2312 2393 2394
f 5349 7353 7362
f 5348 5346 5347
f 6395 2396 2382
f 8906 7364 8899
f 2382 6408 6412
f 2382 2396 6408
f 8906 8899 7365
f 2383 6408 2384
f 8907 8890 7369
f 8908 8903 8900
f 8909 8900 8910
f 6424 6432 6415
f 8910 8901 8911
f 6434 8904 8905
f 6425 6433 6366
f 8919 6435 8912
f 6426 6463 6398
f 6447 6428 8897
f 6435 6434 8912
f 6434 8905 8912
f 6438 6400 6399
f 6436 6427 6417
f 6427 6438 6417
f 6447 8897 6418
f 6482 6430 8916
f 6438 6448 6400
f 6475 6429 6400
f 6476 6411 6430
f 6439 6440 6384
f 6441 6405 6420
f 6441 6421 6405
f 6440 6419 6431
f 6421 6422 6407
f 6460 6451 6450
f 6441 6468 6421
f 4515 4545 4568
f 2379 2397 2403
f 2378 7344 4568
f 7344 4515 4568
f 7370 4533 7358
f 4533 4506 7358
f 7350 4548 4557
f 7350 4482 4548
f 4482 7346 7371
f 4535 2411 4542
f 4544 4543 4563
f 4520 4542 4560
f 4520 4560 4550
f 7356 7360 7366
f 4528 4561 4529
f 4543 4529 4559
f 2389 2390 2405
f 7351 7361 4537
f 4538 4544 4564
f 7361 7351 2389
f 4540 4551 7984
f 7341 2398 2406
f 2373 4553 2399
f 7368 2391 7353
f 2406 2398 2391
f 2395 2425 2380
f 2375 2400 2393
f 7378 5348 7363
f 2396 2408 6408
f 7378 7363 7364
f 7375 7374 7364
f 7364 8906 7376
f 7376 8906 7365
f 7376 7365 8907
f 6408 6423 2384
f 7376 8907 7369
f 8928 8908 8900
f 8914 7369 8903
f 2386 2401 6413
f 6432 2409 6415
f 8914 8903 8908
f 6413 6442 6414
f 6414 2409 6424
f 8928 8900 8909
f 6424 2409 6432
f 6486 8909 8910
f 6415 2409 6425
f 2409 6433 6425
f 2409 6443 6433
f 8915 8910 8904
f 8910 8911 8904
f 6433 6444 6366
f 6444 6426 6366
f 6436 6437 6427
f 6445 8918 6434
f 6398 6457 6446
f 8930 6434 6435
f 8930 6445 6434
f 8930 6435 8919
f 6446 6459 6436
f 6448 6475 6400
f 8919 8912 6447
f 6440 6450 6419
f 6449 8913 8898
f 6475 6439 6429
f 6475 2418 6439
f 6476 6449 6411
f 6482 6476 6430
f 6440 6431 6384
f 2370 2430 2402
f 6452 6453 6422
f 2379 2402 2397
f 2379 2370 2402
f 2370 2378 2430
f 2385 4554 4546
f 4554 2403 4546
f 4568 4545 7370
f 4547 4555 4541
f 4549 2388 2433
f 2387 4541 4573
f 4558 7371 4536
f 7358 4534 4557
f 4534 7350 4557
f 4557 4548 7371
f 2388 2473 4535
f 2388 4549 2473
f 4542 2411 4575
f 4543 4559 4563
f 4542 4575 4560
f 4550 4560 4561
f 4529 4561 4559
f 7360 4537 4562
f 4537 7361 2404
f 4564 4544 4563
f 7361 2389 2404
f 4538 4564 4539
f 2404 2389 2405
f 4551 2413 7984
f 4552 4566 4531
f 2399 2415 2373
f 2375 2392 2400
f 7368 5349 7380
f 7380 5349 7381
f 2395 2394 2425
f 5349 7362 7381
f 7362 5346 5348
f 7375 7364 7376
f 7374 7378 7364
f 2381 2396 6395
f 2381 2408 2396
f 6408 2417 6423
f 8921 7376 7369
f 8914 8921 7369
f 6414 6454 2409
f 8923 8914 8908
f 6413 2401 6442
f 2401 6414 6442
f 2401 6454 6414
f 8923 8908 8928
f 6454 2427 2409
f 6486 8928 8909
f 8917 8915 8904
f 6443 2428 6433
f 6463 6458 6398
f 8917 8910 8915
f 6433 6426 6444
f 8917 8904 8918
f 6458 6457 6398
f 6446 6458 6459
f 8925 6447 8913
f 6437 6465 6427
f 6427 6448 6438
f 6427 2460 6448
f 2418 6440 6439
f 8926 8916 8902
f 6493 6482 8916
f 8926 8902 6453
f 4554 2379 2403
f 6451 6441 6420
f 6451 6468 6441
f 6469 6421 6468
f 6469 6422 6421
f 6469 6470 6422
f 6470 6452 6422
f 2378 4568 2430
f 4556 7358 4557
f 4545 4533 7370
f 7370 7358 4571
f 7358 4556 4571
f 7371 4558 7383
f 2433 4573 2420
f 2410 7356 7366
f 4536 2410 4558
f 7359 7356 2410
f 4560 4575 4569
f 4562 4537 7377
f 4561 4560 4559
f 7366 7360 7367
f 7367 7360 4562
f 4537 2404 7377
f 2404 2412 7377
f 2404 2405 2412
f 4551 4539 4565
f 4551 4565 2413
f 2405 2390 7373
f 4552 7984 2422
f 4552 2414 4566
f 4531 4566 4553
f 7368 7379 2406
f 2373 2415 2392
f 7379 7368 7380
f 2380 2425 2381
f 8927 7362 5348
f 2381 2416 2408
f 8927 5348 7378
f 8938 7375 7376
f 2381 2407 2416
f 6423 2417 2386
f 7386 8938 7376
f 8921 7386 7376
f 6408 6462 2417
f 2417 6462 2386
f 8922 8914 8923
f 2428 6455 6433
f 8929 8918 6445
f 6433 6463 6426
f 6464 8917 8918
f 6456 6458 6463
f 6457 6458 6446
f 6458 6465 6459
f 6459 6437 6436
f 6459 6465 6437
f 6480 8913 8920
f 6465 6473 6427
f 6480 8920 6449
f 6473 2460 6427
f 2460 6475 6448
f 6480 8925 8913
f 6440 6467 6450
f 6467 6460 6450
f 6496 6451 6460
f 6470 6453 6452
f 6470 8936 6453
f 2403 2419 4546
f 4546 2419 4547
f 2430 4568 4567
f 4568 4570 4567
f 4568 7370 4570
f 4571 4556 4572
f 7371 7383 4557
f 2473 4549 2421
f 2411 2473 4574
f 2410 7372 4576
f 2410 7366 7372
f 7383 4558 2410
f 7366 7367 7372
f 7367 4562 7372
f 4539 4564 4565
f 7377 2412 2439
f 2412 2405 2439
f 2413 2422 7984
f 7373 2423 7384
f 7384 2423 2406
f 2394 2393 2425
f 7381 7362 8927
f 2381 2425 2407
f 8927 7378 7374
f 2416 2407 2464
f 2408 2416 6408
f 6408 2416 6461
f 6408 6461 6462
f 7386 8921 8933
f 2401 2426 6454
f 8933 8921 8914
f 2386 6462 2401
f 8933 8914 7396
f 7396 8914 8922
f 8924 6486 8917
f 8941 8924 8935
f 2409 2428 6443
f 8935 8917 8929
f 2428 6471 6455
f 8935 8924 8917
f 6455 6463 6433
f 6455 6471 6463
f 6501 6445 8930
f 8929 8917 6464
f 6463 2444 6456
f 8929 6464 8918
f 6456 2445 6458
f 6474 8930 8925
f 2445 6472 6458
f 6472 6465 6458
f 2460 6473 6465
f 8931 6480 6449
f 6481 6466 2418
f 6466 6440 2418
f 6466 6492 6440
f 6492 2429 6440
f 2429 6467 6440
f 6483 8916 8926
f 6483 6493 8916
f 6467 6496 6460
f 6506 6468 6451
f 8936 6470 6469
f 8936 6477 6453
f 6477 8926 6453
f 2430 4567 2431
f 2403 2397 2446
f 2397 2402 2446
f 4547 2419 4555
f 4570 7370 4571
f 4573 2432 4578
f 4572 4556 4579
f 4556 4557 7382
f 2472 4557 7390
f 2473 2421 4584
f 4557 2448 7390
f 2411 4574 4575
f 7383 2410 2448
f 4560 4569 4591
f 4564 4563 4565
f 4559 2435 4563
f 2438 7377 2439
f 7372 4562 2437
f 2439 2405 2438
f 2437 7377 2438
f 2452 2405 7373
f 4565 2477 2413
f 2438 2405 2452
f 2422 2440 4552
f 4552 2440 2414
f 2452 7373 7384
f 4566 2414 4553
f 2399 4553 2415
f 2392 2454 2400
f 2441 7384 2406
f 2400 2454 2393
f 2406 7379 7385
f 7385 7379 7380
f 7385 7380 7381
f 2393 2424 2425
f 7388 7385 8927
f 7385 7381 8927
f 7388 8927 7393
f 2464 6478 2416
f 8932 7386 8933
f 7396 8923 8945
f 7396 8922 8923
f 8945 8923 8928
f 2426 2427 6454
f 2401 6499 2426
f 6486 8939 8928
f 8934 8924 8941
f 2427 2428 2409
f 8934 6486 8924
f 6479 8929 6501
f 6456 2444 2445
f 2445 6465 6472
f 2460 2461 6475
f 6501 8930 6474
f 2459 6489 6465
f 6475 6481 2418
f 6516 8931 6449
f 6506 6451 6496
f 6482 6516 6476
f 6516 6449 6476
f 6492 6467 2429
f 6506 6508 6468
f 6483 6477 8936
f 6483 8926 6477
f 2403 2446 2419
f 2402 2430 4598
f 2430 2431 4598
f 4567 4570 2431
f 4541 2447 2432
f 4541 4555 2447
f 4579 4556 4595
f 4571 4579 7389
f 4571 4572 4579
f 4573 4578 2420
f 2433 2420 4581
f 4556 7382 4595
f 7382 4557 4595
f 4595 4557 2472
f 2421 4582 4584
f 2421 4549 4582
f 4569 2508 4591
f 4569 4575 2508
f 2410 4577 2449
f 4577 4576 2449
f 4577 2410 4576
f 4560 4591 2434
f 4565 4563 4587
f 4559 2450 4586
f 4559 2434 2450
f 4563 2435 2436
f 4563 2436 2451
f 2462 2437 2438
f 4565 2451 2477
f 2422 2413 4588
f 2415 2453 2442
f 2438 2452 7384
f 4553 2414 2415
f 7384 2441 2463
f 2415 2442 2392
f 2441 2406 2491
f 2491 2406 7385
f 2392 2478 2454
f 2491 7385 7387
f 2393 2443 2424
f 7387 7385 7393
f 7402 8927 7374
f 7393 7385 7388
f 2425 2455 2407
f 8937 7375 8950
f 8937 7402 7375
f 7402 7374 7375
f 8950 7375 8938
f 8942 7386 8932
f 8942 8938 7386
f 6478 6461 2416
f 6478 2464 6461
f 7394 8938 8942
f 8942 8932 8933
f 6462 6499 2401
f 6499 2465 2426
f 2465 2427 2426
f 7404 8928 8946
f 7404 8945 8928
f 2428 6487 6471
f 8946 8928 8939
f 8940 8939 6486
f 2427 6485 2428
f 8952 8935 8929
f 2428 6485 6487
f 8941 6486 8934
f 8952 8941 8935
f 6471 2458 6463
f 8952 8929 6479
f 6463 2458 2444
f 2444 6488 2445
f 6488 6510 2445
f 6510 2459 2445
f 6490 6474 6480
f 2445 2459 6465
f 2461 6481 6475
f 6489 2460 6465
f 6490 6501 6474
f 6504 6490 6480
f 6494 6516 6482
f 2461 6491 6481
f 6504 6480 8931
f 6491 6466 6481
f 6505 6515 6467
f 6505 6467 6492
f 6527 6482 6493
f 6527 6494 6482
f 6515 6495 6467
f 6495 6496 6467
f 6508 6509 6468
f 8936 6497 6483
f 6509 6469 6468
f 6509 6498 6469
f 6498 8936 6469
f 2431 2503 2469
f 4555 2419 4589
f 4594 2432 2447
f 4580 4595 7389
f 4580 4579 4595
f 2431 4570 2503
f 4570 7389 2503
f 4570 4571 7389
f 2432 4594 4578
f 4579 4580 7389
f 2433 4581 4590
f 4581 2420 4590
f 4574 2473 2474
f 4584 4582 4583
f 4575 2474 2508
f 4575 4574 2474
f 2450 2434 4586
f 7391 2448 2449
f 2434 4591 4585
f 4563 2451 4587
f 7392 4576 7372
f 4559 4586 2435
f 4565 4587 2451
f 2437 2462 2476
f 2462 2438 7399
f 2440 2422 2414
f 7399 2438 7384
f 7399 7384 2463
f 2414 2453 2415
f 2453 2489 2442
f 2442 2478 2392
f 2442 2489 2478
f 2463 2441 2491
f 2454 2443 2393
f 2425 2424 2455
f 7393 8927 7401
f 7401 8927 7402
f 7394 8950 8938
f 2455 2464 2407
f 2464 2494 6461
f 8942 8933 8943
f 2494 6484 6461
f 6461 6484 2456
f 6461 6499 6462
f 7395 8943 8933
f 2456 6499 6461
f 8951 7395 8933
f 6499 6500 2465
f 8944 8933 7396
f 2457 6485 2427
f 2427 2465 2457
f 8946 8939 8940
f 6520 8940 6486
f 6520 6486 8941
f 6487 2458 6471
f 7406 8941 8952
f 8948 8947 6479
f 8947 8952 6479
f 6510 6489 2459
f 8949 6501 6490
f 6514 8949 6490
f 2466 2460 6489
f 2466 6502 2460
f 2460 6502 2461
f 6502 6491 2461
f 6503 6490 6504
f 2467 6492 6466
f 2524 2467 6491
f 6491 2467 6466
f 6527 6493 6483
f 6515 6496 6495
f 6515 6506 6496
f 6526 6483 6497
f 6526 6527 6483
f 2419 2446 2468
f 6509 8936 6498
f 2402 4598 2446
f 2420 2471 4590
f 4578 4594 2420
f 7389 2470 2503
f 2433 4590 4582
f 7397 4595 2472
f 4576 7392 7407
f 2448 7391 7390
f 4591 2508 4585
f 2449 4576 7407
f 2434 4585 2475
f 4586 2434 2475
f 2476 7372 2437
f 2422 4588 2414
f 2413 2512 4588
f 2476 2462 7399
f 2486 7399 7400
f 7400 7399 2463
f 7400 2463 2491
f 2491 7393 7401
f 2491 7387 7393
f 2455 2519 2464
f 2492 8937 8950
f 2492 7402 8937
f 8950 7394 8942
f 8951 8943 7395
f 6500 2495 2465
f 2456 6484 6499
f 8951 8933 8944
f 7403 8944 7396
f 7403 7396 8945
f 7403 8945 7404
f 2465 2496 2457
f 8958 7404 8940
f 7404 8946 8940
f 8958 8940 6520
f 6485 2458 6487
f 2498 2444 2458
f 8955 6501 6511
f 8953 8947 8948
f 2444 2498 6510
f 2444 6510 6488
f 8955 8948 6501
f 6491 6513 2524
f 6510 6512 6489
f 6511 6501 8949
f 6512 2466 6489
f 8956 8949 6514
f 6514 6503 6504
f 6514 6490 6503
f 6492 6515 6505
f 6534 6504 8931
f 6534 6514 6504
f 6516 6494 6527
f 2467 6515 6492
f 6523 6507 6506
f 6517 6497 8936
f 6517 8936 6509
f 6525 6526 6497
f 6507 6508 6506
f 6507 6523 6508
f 6523 6509 6508
f 6523 6524 6509
f 6524 2499 6509
f 2499 6517 6509
f 2446 2525 2479
f 4589 2479 4555
f 2447 2480 4594
f 4589 2419 2479
f 2419 2468 2479
f 2468 2446 2479
f 2431 2469 4592
f 2470 7389 2505
f 4594 2584 4593
f 2470 2505 2503
f 4595 2505 7389
f 4595 7397 2505
f 4582 4590 4597
f 7397 2472 7398
f 2472 7390 7398
f 2473 4584 2474
f 7398 7390 2507
f 7390 7391 2507
f 7391 2449 2507
f 2508 2474 2481
f 2449 7407 2482
f 7407 7392 2566
f 2435 2475 2436
f 2435 4586 2475
f 7392 7372 2566
f 2436 2475 4596
f 2566 7372 7412
f 2436 4596 2451
f 7372 2476 7412
f 2477 2451 2511
f 2483 2476 2486
f 2413 2477 2512
f 7412 2476 2514
f 2514 2476 2483
f 4588 2484 2414
f 2476 7399 2486
f 2414 2484 2485
f 2414 2485 2453
f 2486 7400 2488
f 2453 2487 2489
f 2478 2490 2454
f 2489 2517 2478
f 2478 2517 2490
f 2454 2517 2443
f 2516 7400 2491
f 2516 2491 7401
f 2455 2424 2519
f 2516 7402 2492
f 2516 7401 7402
f 7405 8942 8954
f 8951 8954 8942
f 2492 8950 8942
f 2519 2493 2464
f 2464 2493 2494
f 8951 8942 8943
f 2549 8951 7403
f 6484 6518 6499
f 6499 6519 6500
f 7403 8951 8944
f 8958 7403 7404
f 2465 2495 2496
f 7409 8958 6520
f 2457 2496 6485
f 7409 8941 7406
f 7409 6520 8941
f 6485 2497 2458
f 2458 2497 2498
f 8947 7406 8952
f 8956 6511 8949
f 8953 8948 8955
f 2498 6529 6510
f 6529 2466 6510
f 6541 6513 6491
f 6510 2466 6512
f 6541 6502 2466
f 6502 6541 6491
f 6543 2467 2524
f 8931 6516 6522
f 6533 6535 2467
f 6535 6515 2467
f 6535 6506 6515
f 6527 6522 6516
f 6536 6538 6523
f 6525 6497 6517
f 6538 6524 6523
f 4555 2500 2447
f 4594 2501 2584
f 4594 2480 2501
f 2469 2503 4599
f 4598 4599 2526
f 4598 4592 4599
f 4598 2431 4592
f 4592 2469 4599
f 2503 2505 7421
f 4594 4593 2502
f 4593 2584 2502
f 2471 4603 4590
f 2471 2420 4603
f 2420 2504 4603
f 2420 4594 2504
f 4597 2528 2506
f 7397 7398 2505
f 4582 2506 4583
f 4582 4597 2506
f 2505 7398 2529
f 4583 2474 4584
f 4583 2506 2474
f 2449 2482 2507
f 4585 2508 2475
f 2475 2510 4596
f 4596 2510 2451
f 2477 2511 2512
f 2512 2513 4588
f 2514 2486 7419
f 2483 2486 2514
f 2453 2485 2487
f 2489 2487 2517
f 7419 2488 2516
f 7419 2486 2488
f 2488 7400 2516
f 2490 2517 2454
f 2443 2517 2518
f 2443 2518 2424
f 7413 2516 2492
f 8957 2492 8942
f 2519 2424 6528
f 7414 2492 8957
f 8957 8942 7405
f 2493 2519 5351
f 2493 5351 2494
f 2549 8954 8951
f 6484 2494 6518
f 6499 6518 6519
f 7408 2549 7403
f 6519 2520 6500
f 7408 7403 8958
f 6500 2520 2495
f 2495 2520 2496
f 7416 8958 7409
f 2496 2497 6485
f 2601 7409 7406
f 2496 2521 2497
f 8960 2522 8947
f 2601 7406 8960
f 8960 8947 8953
f 2522 7406 8947
f 2522 8960 7406
f 2497 2521 2498
f 2498 2521 2523
f 8961 8953 8955
f 2523 6529 2498
f 8959 8955 6511
f 6529 6530 2466
f 8963 8956 6514
f 8959 6511 8956
f 2466 6530 6541
f 6541 2524 6513
f 6541 6531 2524
f 6534 6521 6514
f 6534 6532 6521
f 6543 6533 2467
f 6533 2560 6535
f 6537 6534 8931
f 6535 6523 6506
f 6546 6547 6527
f 6547 6537 6527
f 6537 6522 6527
f 6537 8931 6522
f 6548 6525 6517
f 6535 6536 6523
f 6538 6545 6524
f 6545 2499 6524
f 6545 6517 2499
f 6545 6548 6517
f 4555 2479 2500
f 6525 6527 6526
f 6525 6546 6527
f 2447 2500 4601
f 2525 2446 2526
f 2446 4598 2526
f 2501 2480 2584
f 4594 2502 2504
f 4597 2586 2528
f 4590 4603 4602
f 4590 2586 4597
f 4590 4600 2586
f 4600 4602 2586
f 4600 4590 4602
f 7421 2505 7410
f 7398 2507 2527
f 7410 2505 2527
f 2529 2527 2505
f 2529 7398 2527
f 2507 2482 7411
f 2482 7407 7411
f 2481 2474 2564
f 2508 2481 2530
f 2475 2508 2531
f 2508 2530 2531
f 2451 2510 2532
f 2509 2566 7412
f 4588 2513 2484
f 2512 2511 2612
f 7412 2514 2541
f 2541 2514 7418
f 7419 7418 2514
f 2487 2515 2517
f 2544 2516 7425
f 2544 7419 2516
f 7425 2516 2533
f 2517 2546 2518
f 2533 2516 7413
f 2518 2534 2424
f 2424 2534 6528
f 7413 2492 7414
f 2548 7414 8957
f 6528 5350 2519
f 2548 7405 8954
f 2548 8957 7405
f 5350 5351 2519
f 7415 8954 2549
f 2535 2549 7408
f 6518 2551 6519
f 2553 7408 8958
f 2553 8958 7416
f 2520 2536 2496
f 2536 2537 2496
f 2601 7416 7409
f 2603 8960 8953
f 2496 2537 2521
f 2603 8953 8961
f 8961 8955 8959
f 2523 6530 6529
f 2523 6541 6530
f 2523 2557 6541
f 6541 6550 6542
f 2558 8959 8956
f 2558 8956 8963
f 6532 6534 6551
f 8963 6514 6521
f 6542 6531 6541
f 8963 6521 6532
f 6531 6543 2524
f 6551 6534 6537
f 2560 6536 6535
f 6536 6544 6538
f 2582 6564 6525
f 6564 6546 6525
f 6544 6545 6538
f 6548 2582 6525
f 2480 2562 2584
f 2500 2479 4601
f 2526 2583 2525
f 2526 4599 2583
f 2586 4602 4603
f 7421 7410 7422
f 2506 2528 2538
f 2528 2586 2538
f 2481 2564 2539
f 2474 2506 4605
f 2530 2481 2540
f 2507 7411 2527
f 2564 2474 4605
f 7411 7407 2589
f 2589 7407 2566
f 2511 2451 2542
f 2568 2566 2509
f 2509 7412 2568
f 2451 2532 2542
f 2568 7412 2541
f 2569 2541 2636
f 2636 2541 7418
f 7418 7419 2636
f 2484 2614 2485
f 2485 2543 2487
f 7419 2544 2570
f 2487 2543 2515
f 2517 2545 2546
f 2570 2544 7424
f 7424 2544 7425
f 2515 2545 2517
f 6586 2533 7413
f 6586 7413 7414
f 6528 2547 5350
f 2518 5352 2534
f 2534 5352 6528
f 7420 2548 7415
f 6528 5352 2547
f 2548 8954 7415
f 5352 5350 2547
f 7420 7415 2549
f 5351 6518 2494
f 5350 6539 5351
f 2573 2549 2535
f 5351 6539 6518
f 2573 2535 7408
f 6539 6540 6518
f 6518 2550 2551
f 2574 2553 2599
f 6540 2550 6518
f 6540 6539 2550
f 6539 2551 2550
f 6539 6549 2551
f 2574 7408 2553
f 2552 2576 2520
f 2553 7416 2601
f 6519 2552 2520
f 6519 2551 2552
f 2520 2576 2554
f 2536 2520 2537
f 2520 2555 2537
f 2520 2577 2555
f 8962 2556 8960
f 8962 2601 2556
f 2556 2601 8960
f 8962 8960 2603
f 2537 2577 2521
f 6559 2603 8961
f 6559 8959 2558
f 2521 6550 2557
f 6559 8961 8959
f 2521 2557 2523
f 2557 6550 6541
f 6542 2559 6531
f 6568 8963 6532
f 2559 6543 6531
f 2559 2580 6543
f 2580 2560 6543
f 6543 2560 6533
f 6590 6551 6547
f 6552 6545 6544
f 6571 6590 6547
f 6551 6537 6547
f 2560 6544 6536
f 2560 6552 6544
f 6547 6546 6564
f 2581 6553 6545
f 6553 6548 6545
f 6553 2582 6548
f 4601 2561 2447
f 2479 2561 4601
f 2479 2525 2561
f 2584 2562 2606
f 2480 2447 2562
f 4599 2503 7417
f 7417 2503 7421
f 2586 4603 4604
f 7410 2527 7422
f 7422 2527 2563
f 2481 2539 2565
f 2539 2564 2565
f 4605 2506 2587
f 2527 7411 2563
f 2530 2540 2531
f 2475 2531 2567
f 2540 2481 2565
f 2633 7411 2589
f 2475 2567 2510
f 2568 2541 2569
f 2589 2566 2568
f 2511 2542 2612
f 2532 2510 2542
f 2512 2612 2513
f 7423 2636 7419
f 2484 2513 2614
f 7423 7419 2570
f 7423 2570 7424
f 2545 2515 2546
f 7425 2533 6586
f 2546 6554 2518
f 7426 6586 7414
f 2518 2596 5352
f 2518 6554 2596
f 7426 7414 6555
f 6555 2548 2595
f 6555 7414 2548
f 2595 2548 7420
f 5352 2571 5350
f 5350 2571 2572
f 2618 8967 7420
f 2572 6539 5350
f 7428 7420 2573
f 7420 2549 2573
f 6539 6556 2600
f 2600 6549 6539
f 8968 8964 2574
f 2573 2574 8964
f 2573 7408 2574
f 2551 6549 2552
f 2575 2553 2601
f 2575 2599 2553
f 8965 2601 8962
f 8970 2601 8965
f 2554 2577 2520
f 2554 2576 2577
f 2555 2577 2537
f 8966 6559 2558
f 2577 2578 2521
f 2578 6550 2521
f 2579 2580 6550
f 6550 2580 6542
f 6542 2580 2559
f 2580 6560 2560
f 6562 6532 6551
f 6562 6568 6532
f 6560 6561 2560
f 6561 6569 2560
f 6562 6551 6590
f 6569 6552 2560
f 2581 6572 6553
f 6565 6547 6564
f 6565 6571 6547
f 2655 6545 6552
f 2655 6563 6545
f 6563 2581 6545
f 2561 2525 4607
f 2447 2561 2562
f 4607 2525 2583
f 7421 7422 7417
f 2502 2607 2504
f 2586 4604 2688
f 2563 7411 2632
f 2506 2538 2587
f 2538 2586 2587
f 7411 2633 2632
f 2540 2565 2588
f 2531 2540 2588
f 2510 2567 2591
f 2510 2591 2542
f 2589 2569 2636
f 2589 2568 2569
f 7429 7423 2637
f 7429 2636 7423
f 2543 2593 2515
f 2637 7423 7430
f 2485 2638 2543
f 7430 7423 7424
f 7430 7424 7425
f 2546 2594 6554
f 7426 6555 2595
f 7427 8979 2595
f 5352 2596 2571
f 7427 2595 8967
f 2596 2597 2571
f 8967 2595 7420
f 2620 2618 7420
f 2620 7420 7428
f 2571 6566 2598
f 2571 2598 2572
f 2572 6556 6539
f 7428 2573 8964
f 2572 2598 6556
f 7428 8964 8968
f 2648 2574 2599
f 2648 8968 2574
f 2600 2552 6549
f 8969 2599 2575
f 2552 6557 2576
f 8969 2575 2601
f 2552 2600 6557
f 8969 2601 8970
f 6557 6558 2576
f 2577 2602 2578
f 2576 2602 2577
f 8971 8962 2603
f 2576 6558 2602
f 8971 2603 6559
f 6577 8971 6559
f 2602 6550 2578
f 2602 2579 6550
f 6577 6559 8966
f 2579 2604 2580
f 2604 6560 2580
f 6581 8963 6568
f 2604 6567 6560
f 6567 6569 6561
f 6590 6581 6562
f 6581 6568 6562
f 6560 6567 6561
f 6570 6552 6569
f 6574 6564 2582
f 6574 6585 6564
f 6570 2655 6552
f 6563 6572 2581
f 6573 6574 6553
f 6574 2582 6553
f 6585 6565 6564
f 2562 2628 2606
f 2562 2561 2628
f 4607 2583 2605
f 2502 2606 2607
f 2502 2584 2606
f 4599 7417 2629
f 4603 2607 2585
f 4603 2504 2607
f 2586 2688 2631
f 4603 2585 4604
f 7417 7422 7432
f 7422 2563 2608
f 7432 7422 2608
f 2565 4606 2588
f 2564 4605 2565
f 2531 2588 2610
f 2565 4605 4606
f 2633 2589 2693
f 2693 2589 2634
f 2589 2590 2634
f 2590 2589 2636
f 2542 2611 2592
f 2542 2591 2611
f 2542 2592 2612
f 7433 2636 7429
f 2612 2613 2513
f 2513 2613 2614
f 2614 2638 2485
f 7430 2615 2640
f 2543 2638 2593
f 7430 7425 2615
f 2593 2641 2515
f 2641 2594 2515
f 2615 7425 6586
f 2515 2594 2546
f 7436 7426 2595
f 2594 2616 6554
f 6554 2616 2596
f 2617 6566 2616
f 8972 7427 8967
f 8972 8979 7427
f 2616 6566 2597
f 8972 8967 2618
f 2596 2616 2597
f 8972 2618 2645
f 2645 2618 2620
f 6566 2617 2621
f 2597 6566 2571
f 7439 2645 2619
f 2645 2620 2619
f 2619 2620 7428
f 7439 2619 7428
f 7434 7428 2622
f 7439 7428 7434
f 6566 2621 2598
f 2622 7428 8968
f 2622 8968 2648
f 6556 2598 2600
f 2598 2621 2623
f 2623 6576 2598
f 2648 2599 7431
f 7431 2599 8969
f 2600 6576 6557
f 7431 8969 8970
f 6557 2624 6558
f 8973 8965 8971
f 8965 8962 8971
f 6558 2625 2602
f 6558 2624 2625
f 8973 8971 6577
f 2625 2653 2579
f 2579 2653 2604
f 8978 6577 8966
f 2602 2625 2579
f 6580 8966 6581
f 6580 8978 8966
f 6581 8966 2558
f 2653 6578 2604
f 6578 6567 2604
f 6579 2626 6567
f 6582 6581 6590
f 6582 6580 6581
f 6567 6570 6569
f 6567 2626 6570
f 6585 6590 6571
f 6583 6563 2655
f 2626 2655 6570
f 6583 6572 6563
f 6583 6553 6572
f 6583 6573 6553
f 6583 6574 6573
f 6584 6585 6574
f 6585 6571 6565
f 2561 4607 2605
f 2628 2561 2686
f 2561 2605 2686
f 2583 4599 2657
f 2606 2627 2607
f 4604 2585 2630
f 2585 2607 2630
f 2586 2689 2587
f 2586 2631 2689
f 2587 4609 4605
f 7432 2608 2663
f 2608 2563 2663
f 2663 2563 2692
f 2692 2563 2632
f 4605 2609 4606
f 2632 2633 4610
f 4610 2633 2693
f 2531 2610 2567
f 2590 2636 2635
f 2635 2636 7433
f 7433 7429 2637
f 2670 7430 2640
f 2670 2637 7430
f 2614 2613 2638
f 2613 2639 2638
f 7441 2670 2615
f 2670 2640 2615
f 7437 8979 2674
f 7436 6586 7426
f 7436 2595 8979
f 2674 8979 8972
f 2594 2641 2616
f 2641 6587 2642
f 2616 2641 2617
f 2641 2642 2617
f 2674 8972 8974
f 8974 8972 2645
f 2617 2642 6575
f 8974 2645 2644
f 2642 2643 6575
f 8974 2644 7439
f 2644 2645 7439
f 8975 8984 7434
f 2617 6575 2621
f 6575 2646 2621
f 8984 7439 7434
f 2621 2646 2647
f 2621 2647 2623
f 7434 2622 8975
f 8975 2622 2648
f 8975 2648 6592
f 2647 2698 2623
f 6592 2648 7431
f 2598 6576 2600
f 7435 6592 7431
f 7435 8970 8976
f 7435 7431 8970
f 8976 8970 8965
f 6576 2624 6557
f 6576 2678 2624
f 8976 8965 8973
f 2624 2678 2650
f 2649 2677 8973
f 2649 6577 8977
f 2649 8973 6577
f 2624 2650 2652
f 2651 6577 8978
f 2651 8977 6577
f 2625 2624 2653
f 2624 2652 2653
f 6597 8978 6580
f 2653 2652 6578
f 2652 2654 6578
f 6578 6579 6567
f 6578 2654 6579
f 2654 2626 6579
f 2654 6589 2655
f 6597 6580 6582
f 2654 2655 2626
f 2684 6591 6584
f 2655 6589 6583
f 2684 6584 6574
f 2685 6590 6585
f 2656 2685 6585
f 6589 2684 6583
f 2684 6574 6583
f 6591 6585 6584
f 6591 2656 6585
f 2605 2583 2657
f 2607 2658 2687
f 2607 2627 2658
f 4604 2660 2662
f 4604 2630 2660
f 2657 4599 2659
f 4599 2629 2659
f 2630 2607 2660
f 2688 4604 2662
f 7417 7432 2629
f 7432 2661 2629
f 4605 4609 2609
f 2692 2632 4610
f 2588 4606 2664
f 2567 2610 2665
f 2591 2567 2667
f 2610 2588 2665
f 2668 2693 2634
f 2567 2666 2667
f 2567 2665 2666
f 2634 2590 2668
f 2591 2667 2669
f 2668 2590 2635
f 2592 2613 2612
f 2592 2611 2613
f 2668 2635 7433
f 2591 2669 2611
f 2709 2668 7441
f 2668 2637 7441
f 2668 7433 2637
f 7441 2637 2670
f 2615 6586 7436
f 2638 2671 2593
f 2638 2639 2671
f 7436 7441 2615
f 2593 2671 2641
f 8979 7447 7436
f 2641 2671 2672
f 2672 2673 2641
f 6587 2673 2642
f 7438 7437 2674
f 2641 2673 6587
f 2696 2675 2642
f 7438 2674 8974
f 2673 2696 2642
f 6575 2647 2646
f 2647 6609 2698
f 2642 5353 2643
f 2642 2675 5353
f 2643 5353 6575
f 2713 8974 7439
f 6592 7435 7440
f 2623 2698 6588
f 2698 2676 6588
f 2623 6588 6576
f 7440 8976 8981
f 7440 7435 8976
f 7444 8976 7445
f 8976 2677 7445
f 6576 6588 2678
f 7445 2677 2680
f 2677 8976 8973
f 6588 2681 2678
f 2680 2649 2682
f 2680 2677 2649
f 6588 2679 2681
f 2682 2651 2719
f 2682 2649 8977
f 2679 2683 2681
f 2682 8977 2651
f 2678 2681 2650
f 6594 6597 2702
f 2719 8978 6594
f 2719 2651 8978
f 2650 2681 2652
f 2681 2683 2652
f 6594 8978 6597
f 2652 2683 2654
f 6601 6593 2685
f 6593 2702 6597
f 2683 6589 2654
f 2683 6595 6589
f 6595 6598 2684
f 6593 6590 2685
f 6593 6582 6590
f 6593 6597 6582
f 6595 2684 6589
f 6598 6599 2684
f 6599 6591 2684
f 6599 6600 6591
f 6600 2656 6591
f 6600 6601 2656
f 6601 2685 2656
f 2606 2686 2627
f 2606 2628 2686
f 2657 2659 2605
f 2659 4608 4612
f 2660 2607 2687
f 2629 4608 2659
f 4608 2629 4612
f 4612 2629 2661
f 2631 2688 2689
f 2661 7432 2663
f 2587 2690 4609
f 2587 2689 2690
f 2663 2691 2728
f 2691 2663 2692
f 2588 2664 2694
f 2588 2694 2665
f 2708 2668 2709
f 2732 2693 2708
f 2693 2668 2708
f 2611 2669 2613
f 2613 2735 2639
f 7442 7436 7447
f 7442 7441 7436
f 7447 8979 7455
f 2671 2695 2672
f 2639 2695 2671
f 7455 8979 7438
f 8979 7437 7438
f 7455 7438 7446
f 2695 2673 2672
f 7443 7438 8974
f 7443 8974 2713
f 2697 2714 8980
f 2715 5354 2698
f 2714 6592 7440
f 2714 2756 6592
f 2756 8975 6592
f 2714 7440 8981
f 5354 2699 2698
f 2698 2699 2676
f 7444 8981 8976
f 6588 2676 2700
f 8987 2680 8982
f 2700 2679 6588
f 8987 7445 2680
f 6602 2701 2676
f 8982 2680 2682
f 2700 2676 2701
f 8982 2682 2719
f 2700 2701 2679
f 2679 2701 2683
f 2719 6594 2702
f 2719 2702 6604
f 6604 6593 6607
f 6604 2702 6593
f 2701 6595 2683
f 6603 2704 2703
f 2701 2703 6595
f 2703 6596 6595
f 6596 6598 6595
f 6596 2703 6598
f 6603 6605 6600
f 6606 6607 6601
f 6607 6593 6601
f 2703 6599 6598
f 2703 2704 6599
f 2704 6600 6599
f 2704 6603 6600
f 6605 6601 6600
f 6605 6606 6601
f 2627 2686 4611
f 2686 2605 2744
f 2658 2627 2687
f 2605 7450 2744
f 2605 2659 7450
f 2687 2705 2660
f 4612 2661 4613
f 2659 4613 7450
f 2659 4612 4613
f 2689 2688 2706
f 2663 2728 2661
f 2728 2691 2692
f 2730 2693 2732
f 2692 2730 2729
f 2692 4610 2730
f 4610 2693 2730
f 2665 2694 2707
f 2666 2665 2667
f 2732 2708 2709
f 2667 2731 2669
f 2613 2669 2710
f 2709 7441 2733
f 2733 7441 7442
f 2613 2710 2735
f 2639 2735 2695
f 7454 7447 7455
f 2695 2711 2673
f 8983 7438 7443
f 8983 7446 7438
f 4614 7443 2713
f 2711 2736 2673
f 2673 2736 2696
f 2696 2736 2712
f 6575 5353 2647
f 2737 2756 8980
f 2697 2756 2714
f 8980 2756 2697
f 2698 6620 2715
f 2715 6620 5354
f 6621 8981 8986
f 6621 2714 8981
f 6621 8980 2714
f 5354 6620 2699
f 6622 7444 7445
f 6622 8986 7444
f 8986 8981 7444
f 2699 6602 2676
f 6622 7445 8987
f 6620 2717 2699
f 2699 2717 6602
f 6613 8987 8982
f 6602 2717 2720
f 6614 6615 2722
f 6615 2718 2722
f 6616 2723 2718
f 6616 6613 2723
f 6613 8982 2719
f 6602 2703 2701
f 6602 2720 2703
f 2720 2717 2703
f 6614 2722 2724
f 2718 6607 2725
f 2723 6613 2719
f 2717 6603 2703
f 2717 2721 6603
f 2721 6614 6603
f 6614 6605 6603
f 2718 2726 2722
f 2718 2725 2726
f 6607 2718 6604
f 2718 2723 6604
f 2723 2719 6604
f 6614 2724 6605
f 2724 2722 6605
f 2722 6606 6605
f 2722 2726 6606
f 2726 6607 6606
f 2726 2725 6607
f 2687 2627 2743
f 2627 4611 2743
f 2727 2744 7450
f 2688 2662 2706
f 2689 2783 2690
f 2689 2706 2783
f 4613 2661 4615
f 2728 2692 2729
f 4615 2661 2728
f 2690 2747 4609
f 4606 2748 2664
f 2609 2748 4606
f 2609 4609 2748
f 2730 2732 2750
f 2731 2734 2669
f 2665 2707 2731
f 2667 2665 2731
f 2732 2709 2733
f 7447 2733 7442
f 2710 6608 2735
f 2695 2735 2752
f 2771 7455 8983
f 7455 7446 8983
f 2752 2711 2695
f 7449 7443 4614
f 8989 7443 7449
f 8989 8983 7443
f 2736 2711 4616
f 2736 4616 2712
f 2792 2713 8990
f 8990 2713 8984
f 2753 6618 8991
f 8984 2713 7439
f 8988 7448 8980
f 7448 2756 2737
f 7448 2737 8980
f 8988 8980 6621
f 8991 6618 6620
f 6618 2716 6620
f 6618 2738 2716
f 8991 6620 2698
f 6622 6621 8986
f 6620 2716 2717
f 2716 6610 2717
f 2716 2738 6610
f 2739 6622 8987
f 2739 8987 2741
f 2761 2741 6613
f 2761 2739 2741
f 6610 6611 2717
f 6610 6612 2721
f 2741 8987 6613
f 6611 2721 2717
f 6611 6610 2721
f 6623 2740 2742
f 6610 2742 6615
f 2740 6624 6617
f 6625 6626 6613
f 6626 2761 6613
f 6612 6614 2721
f 6612 6610 6614
f 6610 6615 6614
f 6615 2740 2718
f 2740 6617 2718
f 2742 2740 6615
f 6624 2718 6617
f 6624 6616 2718
f 6624 6625 6616
f 6625 6613 6616
f 2705 2687 2743
f 2744 2727 2779
f 2662 2660 2781
f 2660 2705 2745
f 2763 7450 4613
f 2706 2662 2781
f 4613 7451 2763
f 4613 2782 7451
f 4613 2746 2782
f 4613 4615 2746
f 4609 2747 2748
f 2728 2729 4615
f 4615 2729 2765
f 2729 2750 2765
f 2729 2730 2750
f 2694 2664 2749
f 2750 2732 2765
f 2669 2734 2710
f 2765 2732 2733
f 2769 2733 7447
f 6608 2751 2735
f 2735 2751 2752
f 2771 8983 8989
f 2711 2752 4616
f 2773 6618 2753
f 7449 2713 2792
f 2675 2696 5353
f 5353 2755 2647
f 2773 2753 8991
f 6627 2754 7448
f 5353 6642 2755
f 2791 7448 8988
f 2791 6627 7448
f 2776 2757 6618
f 8990 8984 8975
f 2757 2738 6618
f 8990 8975 8985
f 6635 8988 6621
f 2778 8991 2698
f 2738 6623 6610
f 2760 6635 6622
f 6635 6621 6622
f 2761 6626 6634
f 6636 2739 2761
f 2739 2760 6622
f 6610 6623 2742
f 2758 2740 6623
f 2758 6624 2740
f 2758 6629 6624
f 6629 2759 6624
f 4611 2686 2779
f 2759 6625 6624
f 2759 6634 6625
f 6634 6626 6625
f 2686 2744 2779
f 2705 2743 2745
f 2779 2727 2780
f 2727 7450 2780
f 2781 2660 2797
f 2745 2762 2660
f 2783 2706 2799
f 2747 2690 2748
f 2782 2746 2800
f 2749 2766 2694
f 2749 2664 2766
f 4615 2765 2746
f 2664 2748 2764
f 2746 2765 2800
f 2664 2764 2766
f 2707 2694 2767
f 2694 2766 2767
f 2800 2765 7452
f 2707 2767 2768
f 2707 2768 2731
f 7452 2765 2733
f 2733 2769 7453
f 2734 2770 2710
f 7454 7453 7447
f 7453 2769 7447
f 2770 6608 2710
f 2751 2772 2752
f 8992 8989 7449
f 2752 6631 4616
f 8992 7449 9000
f 9000 2774 6627
f 9000 7449 8993
f 7449 2788 8993
f 4616 2773 7457
f 4616 6631 2773
f 9000 8993 2774
f 6631 2787 2773
f 2787 2775 2773
f 7456 7449 2792
f 2773 2775 6618
f 2774 2788 6627
f 2774 8993 2788
f 2696 2790 5353
f 2696 2712 2790
f 6618 2775 2776
f 7448 2754 2756
f 2755 6642 2647
f 2791 8988 6633
f 2647 6642 6619
f 6633 8988 6635
f 2757 2776 2738
f 2776 6628 2738
f 6628 6623 2738
f 6628 2776 6623
f 6632 6629 2758
f 8995 6635 2760
f 6619 2778 6609
f 2776 2758 6623
f 2776 6632 2758
f 2777 8995 2739
f 8995 2760 2739
f 6632 2759 6629
f 6632 6634 2759
f 6643 6636 6634
f 6636 2761 6634
f 8995 2777 6636
f 2777 2739 6636
f 4611 2779 2743
f 2815 6645 8985
f 6645 8990 8985
f 2778 2698 6609
f 2745 2794 2797
f 2745 2743 2794
f 2795 2780 2817
f 2779 2780 2795
f 2660 2762 2797
f 2762 2745 2797
f 2780 7450 2817
f 7450 2763 2817
f 2781 2797 2819
f 2706 2781 2820
f 7451 2782 2763
f 2690 2783 2748
f 2706 2820 2799
f 2748 2784 2764
f 2804 2800 2824
f 2785 2800 7452
f 2767 2766 2768
f 2824 2800 2785
f 2785 7452 2733
f 2831 7453 7454
f 2831 2733 7453
f 2785 2733 2831
f 6608 2786 2751
f 2831 7454 7455
f 2770 2734 6608
f 7455 2771 2807
f 8998 7455 2807
f 8998 2831 7455
f 2751 2786 6630
f 8996 2807 2771
f 2751 6630 2772
f 8996 2771 8989
f 2772 2787 2752
f 8996 8989 8992
f 8996 8992 9000
f 2752 2787 6631
f 9001 9000 6627
f 4616 7457 2712
f 2787 2789 2775
f 9001 8994 6637
f 9001 6627 8994
f 2788 7449 7456
f 7456 2792 8990
f 6637 8994 6627
f 2712 4617 2790
f 6627 2788 2754
f 6637 6627 2791
f 2775 2789 2776
f 5353 2790 6642
f 8991 7457 2773
f 6648 6644 8995
f 6644 6649 8995
f 2776 6639 6632
f 6639 6638 6632
f 6638 6634 6632
f 2754 2815 2756
f 6619 8991 2778
f 6649 8997 8995
f 8997 6641 8995
f 6641 6635 8995
f 6648 6636 6643
f 6648 8995 6636
f 2815 2793 2756
f 6645 2815 8990
f 2756 2793 8985
f 2793 2815 8985
f 2794 2743 2795
f 2743 2779 2795
f 2797 2794 2816
f 2781 2819 2820
f 2763 2782 2798
f 2817 2763 2798
f 2782 2800 2798
f 2783 2799 2801
f 2748 2805 2784
f 2748 2803 2805
f 2798 2800 2802
f 2800 2804 2802
f 2748 2783 2803
f 2783 2801 2803
f 2766 2764 2825
f 2766 2825 2768
f 2825 4618 2768
f 2731 2768 2734
f 2734 2786 6608
f 2734 2806 2786
f 8999 8996 9000
f 2826 2808 2786
f 6630 2787 2772
f 6630 2786 2787
f 2786 2808 2787
f 2809 2810 2787
f 6651 6646 2787
f 2808 2809 2787
f 2808 2810 2809
f 8999 9000 9003
f 2810 6651 2787
f 2787 6646 2789
f 4617 2712 7457
f 6646 6638 2789
f 2788 7456 2811
f 2789 6639 2776
f 2789 6638 6639
f 6637 2791 6633
f 6647 6633 6641
f 2811 7456 8990
f 2790 4617 6642
f 6647 6641 6654
f 2788 2811 8990
f 2814 4617 8991
f 4617 2812 8991
f 4617 7457 2812
f 6638 6640 6634
f 2812 7457 8991
f 2788 2813 2815
f 2788 8990 2813
f 4617 2814 6642
f 6640 6643 6634
f 6640 6648 6643
f 6649 6644 6648
f 2754 2788 2815
f 2813 8990 2815
f 2814 6619 6642
f 2814 8991 6619
f 2794 2795 2816
f 2797 2816 2796
f 2795 4619 2816
f 2795 7458 4619
f 2797 2796 2829
f 7458 2795 2817
f 2797 2829 2819
f 2817 2798 2818
f 2799 2820 2801
f 2801 2820 2819
f 2818 2804 2824
f 2798 2802 2818
f 2802 2804 2818
f 2805 2803 2821
f 2803 2801 2821
f 2801 4623 2821
f 2764 2823 2822
f 2805 2821 2784
f 2818 2824 4620
f 2784 2821 2764
f 2764 2822 2825
f 4620 2785 2831
f 4620 2824 2785
f 2768 4618 2838
f 2768 2838 2734
f 2838 2832 2734
f 2831 2807 8999
f 2734 2832 2806
f 2831 8998 2807
f 2806 2826 2786
f 9002 2831 8999
f 2806 6650 2826
f 8999 2807 8996
f 2826 2827 2808
f 2826 6650 2827
f 2827 2810 2808
f 2827 6650 2810
f 9003 9002 8999
f 9004 9001 6637
f 9004 9003 9001
f 9003 9000 9001
f 6651 6652 6646
f 6655 6641 8997
f 6655 6654 6641
f 6646 6652 6638
f 6652 6653 6638
f 6653 6640 6638
f 6655 8997 6649
f 6654 7461 6647
f 7461 2828 6647
f 6653 6648 6640
f 6653 6655 6648
f 6655 6649 6648

